This is XeTeX, Version 3.14159265-2.6-0.99999 (TeX Live 2019/dev/Debian) (preloaded format=xelatex 2022.1.10)  5 SEP 2024 20:33
entering extended mode
 restricted \write18 enabled.
 %&-line parsing enabled.
**appbooksec24 to convert it to pdf format
(./appbooksec24.tex
LaTeX2e <2018-12-01>
(/usr/share/texlive/texmf-dist/tex/latex/base/book.cls
Document Class: book 2018/09/03 v1.4i Standard LaTeX document class
(/usr/share/texlive/texmf-dist/tex/latex/base/bk10.clo
File: bk10.clo 2018/09/03 v1.4i Standard LaTeX file (size option)
)
\c@part=\count80
\c@chapter=\count81
\c@section=\count82
\c@subsection=\count83
\c@subsubsection=\count84
\c@paragraph=\count85
\c@subparagraph=\count86
\c@figure=\count87
\c@table=\count88
\abovecaptionskip=\skip41
\belowcaptionskip=\skip42
\bibindent=\dimen102
)
(/usr/share/texlive/texmf-dist/tex/latex/graphics/graphicx.sty
Package: graphicx 2017/06/01 v1.1a Enhanced LaTeX Graphics (DPC,SPQR)

(/usr/share/texlive/texmf-dist/tex/latex/graphics/keyval.sty
Package: keyval 2014/10/28 v1.15 key=value parser (DPC)
\KV@toks@=\toks14
)
(/usr/share/texlive/texmf-dist/tex/latex/graphics/graphics.sty
Package: graphics 2017/06/25 v1.2c Standard LaTeX Graphics (DPC,SPQR)

(/usr/share/texlive/texmf-dist/tex/latex/graphics/trig.sty
Package: trig 2016/01/03 v1.10 sin cos tan (DPC)
)
(/usr/share/texlive/texmf-dist/tex/latex/graphics-cfg/graphics.cfg
File: graphics.cfg 2016/06/04 v1.11 sample graphics configuration
)
Package graphics Info: Driver file: xetex.def on input line 99.

(/usr/share/texlive/texmf-dist/tex/latex/graphics-def/xetex.def
File: xetex.def 2017/06/24 v5.0h Graphics/color driver for xetex
))
\Gin@req@height=\dimen103
\Gin@req@width=\dimen104
)
(/usr/share/texlive/texmf-dist/tex/xelatex/xecjk/xeCJK.sty
(/usr/share/texlive/texmf-dist/tex/latex/l3kernel/expl3.sty
Package: expl3 2019-02-15 L3 programming layer (loader) 

(/usr/share/texlive/texmf-dist/tex/latex/l3kernel/expl3-code.tex
Package: expl3 2019-02-15 L3 programming layer (code)
\c_max_int=\count89
\l_tmpa_int=\count90
\l_tmpb_int=\count91
\g_tmpa_int=\count92
\g_tmpb_int=\count93
\g__kernel_prg_map_int=\count94
\c_log_iow=\count95
\l_iow_line_count_int=\count96
\l__iow_line_target_int=\count97
\l__iow_one_indent_int=\count98
\l__iow_indent_int=\count99
\c_zero_dim=\dimen105
\c_max_dim=\dimen106
\l_tmpa_dim=\dimen107
\l_tmpb_dim=\dimen108
\g_tmpa_dim=\dimen109
\g_tmpb_dim=\dimen110
\c_zero_skip=\skip43
\c_max_skip=\skip44
\l_tmpa_skip=\skip45
\l_tmpb_skip=\skip46
\g_tmpa_skip=\skip47
\g_tmpb_skip=\skip48
\c_zero_muskip=\muskip10
\c_max_muskip=\muskip11
\l_tmpa_muskip=\muskip12
\l_tmpb_muskip=\muskip13
\g_tmpa_muskip=\muskip14
\g_tmpb_muskip=\muskip15
\l_keys_choice_int=\count100
\l__intarray_loop_int=\count101
\c__intarray_sp_dim=\dimen111
\g__intarray_font_int=\count102
\c__fp_leading_shift_int=\count103
\c__fp_middle_shift_int=\count104
\c__fp_trailing_shift_int=\count105
\c__fp_big_leading_shift_int=\count106
\c__fp_big_middle_shift_int=\count107
\c__fp_big_trailing_shift_int=\count108
\c__fp_Bigg_leading_shift_int=\count109
\c__fp_Bigg_middle_shift_int=\count110
\c__fp_Bigg_trailing_shift_int=\count111
\g__fp_array_int=\count112
\l__fp_array_loop_int=\count113
\l__sort_length_int=\count114
\l__sort_min_int=\count115
\l__sort_top_int=\count116
\l__sort_max_int=\count117
\l__sort_true_max_int=\count118
\l__sort_block_int=\count119
\l__sort_begin_int=\count120
\l__sort_end_int=\count121
\l__sort_A_int=\count122
\l__sort_B_int=\count123
\l__sort_C_int=\count124
\l__tl_analysis_normal_int=\count125
\l__tl_analysis_index_int=\count126
\l__tl_analysis_nesting_int=\count127
\l__tl_analysis_type_int=\count128
\l__regex_internal_a_int=\count129
\l__regex_internal_b_int=\count130
\l__regex_internal_c_int=\count131
\l__regex_balance_int=\count132
\l__regex_group_level_int=\count133
\l__regex_mode_int=\count134
\c__regex_cs_in_class_mode_int=\count135
\c__regex_cs_mode_int=\count136
\l__regex_catcodes_int=\count137
\l__regex_default_catcodes_int=\count138
\c__regex_catcode_L_int=\count139
\c__regex_catcode_O_int=\count140
\c__regex_catcode_A_int=\count141
\c__regex_all_catcodes_int=\count142
\l__regex_show_lines_int=\count143
\l__regex_min_state_int=\count144
\l__regex_max_state_int=\count145
\l__regex_left_state_int=\count146
\l__regex_right_state_int=\count147
\l__regex_capturing_group_int=\count148
\l__regex_min_pos_int=\count149
\l__regex_max_pos_int=\count150
\l__regex_curr_pos_int=\count151
\l__regex_start_pos_int=\count152
\l__regex_success_pos_int=\count153
\l__regex_curr_char_int=\count154
\l__regex_curr_catcode_int=\count155
\l__regex_last_char_int=\count156
\l__regex_case_changed_char_int=\count157
\l__regex_curr_state_int=\count158
\l__regex_step_int=\count159
\l__regex_min_active_int=\count160
\l__regex_max_active_int=\count161
\l__regex_replacement_csnames_int=\count162
\l__regex_match_count_int=\count163
\l__regex_min_submatch_int=\count164
\l__regex_submatch_int=\count165
\l__regex_zeroth_submatch_int=\count166
\g__regex_trace_regex_int=\count167
\c_empty_box=\box27
\l_tmpa_box=\box28
\l_tmpb_box=\box29
\g_tmpa_box=\box30
\g_tmpb_box=\box31
\l__box_top_dim=\dimen112
\l__box_bottom_dim=\dimen113
\l__box_left_dim=\dimen114
\l__box_right_dim=\dimen115
\l__box_top_new_dim=\dimen116
\l__box_bottom_new_dim=\dimen117
\l__box_left_new_dim=\dimen118
\l__box_right_new_dim=\dimen119
\l__box_internal_box=\box32
\l__coffin_internal_box=\box33
\l__coffin_internal_dim=\dimen120
\l__coffin_offset_x_dim=\dimen121
\l__coffin_offset_y_dim=\dimen122
\l__coffin_x_dim=\dimen123
\l__coffin_y_dim=\dimen124
\l__coffin_x_prime_dim=\dimen125
\l__coffin_y_prime_dim=\dimen126
\c_empty_coffin=\box34
\l__coffin_aligned_coffin=\box35
\l__coffin_aligned_internal_coffin=\box36
\l_tmpa_coffin=\box37
\l_tmpb_coffin=\box38
\g_tmpa_coffin=\box39
\g_tmpb_coffin=\box40
\c__coffin_empty_coffin=\box41
\l__coffin_display_coffin=\box42
\l__coffin_display_coord_coffin=\box43
\l__coffin_display_pole_coffin=\box44
\l__coffin_display_offset_dim=\dimen127
\l__coffin_display_x_dim=\dimen128
\l__coffin_display_y_dim=\dimen129
\g__file_internal_ior=\read1
\l__coffin_bounding_shift_dim=\dimen130
\l__coffin_left_corner_dim=\dimen131
\l__coffin_right_corner_dim=\dimen132
\l__coffin_bottom_corner_dim=\dimen133
\l__coffin_top_corner_dim=\dimen134
\l__coffin_scaled_total_height_dim=\dimen135
\l__coffin_scaled_width_dim=\dimen136
\l__seq_internal_a_int=\count168
\l__seq_internal_b_int=\count169
)
(/usr/share/texlive/texmf-dist/tex/latex/l3kernel/l3xdvipdfmx.def
File: l3xdvipdfmx.def 2019-02-15 v L3 Experimental driver: xdvipdfmx
\g__driver_image_int=\count170
\g__driver_pdf_object_int=\count171
))
Package: xeCJK 2018/04/30 v3.7.1 Typesetting CJK scripts with XeLaTeX

(/usr/share/texlive/texmf-dist/tex/latex/l3packages/xtemplate/xtemplate.sty
Package: xtemplate 2018-10-17 L3 Experimental prototype document functions
\l__xtemplate_tmp_dim=\dimen137
\l__xtemplate_tmp_int=\count172
\l__xtemplate_tmp_muskip=\muskip16
\l__xtemplate_tmp_skip=\skip49
)
(/usr/share/texlive/texmf-dist/tex/latex/l3packages/xparse/xparse.sty
Package: xparse 2018-10-17 L3 Experimental document command parser
\l__xparse_current_arg_int=\count173
\g__xparse_grabber_int=\count174
\l__xparse_m_args_int=\count175
\l__xparse_mandatory_args_int=\count176
\l__xparse_v_nesting_int=\count177
)
(/usr/share/texlive/texmf-dist/tex/latex/l3packages/l3keys2e/l3keys2e.sty
Package: l3keys2e 2018-10-17 LaTeX2e option processing using LaTeX3 keys
)
\l__xeCJK_tmp_int=\count178
\l__xeCJK_tmp_box=\box45
\l__xeCJK_tmp_dim=\dimen138
\l__xeCJK_tmp_skip=\skip50
\g__xeCJK_space_factor_int=\count179
\l__xeCJK_begin_int=\count180
\l__xeCJK_end_int=\count181
\c__xeCJK_CJK_class_int=\XeTeXcharclass1
\c__xeCJK_FullLeft_class_int=\XeTeXcharclass2
\c__xeCJK_FullRight_class_int=\XeTeXcharclass3
\c__xeCJK_HalfLeft_class_int=\XeTeXcharclass4
\c__xeCJK_HalfRight_class_int=\XeTeXcharclass5
\c__xeCJK_NormalSpace_class_int=\XeTeXcharclass6
\c__xeCJK_CM_class_int=\XeTeXcharclass7
\c__xeCJK_HangulJamo_class_int=\XeTeXcharclass8
\l__xeCJK_last_skip=\skip51
\g__xeCJK_node_int=\count182
\c__xeCJK_CJK_node_dim=\dimen139
\c__xeCJK_CJK-space_node_dim=\dimen140
\c__xeCJK_default_node_dim=\dimen141
\c__xeCJK_default-space_node_dim=\dimen142
\c__xeCJK_CJK-widow_node_dim=\dimen143
\c__xeCJK_normalspace_node_dim=\dimen144
\l__xeCJK_ccglue_skip=\skip52
\l__xeCJK_ecglue_skip=\skip53
\l__xeCJK_punct_kern_skip=\skip54
\l__xeCJK_last_penalty_int=\count183
\l__xeCJK_last_bound_dim=\dimen145
\l__xeCJK_last_kern_dim=\dimen146
\l__xeCJK_widow_penalty_int=\count184

Package xtemplate Info: Declaring object type 'xeCJK/punctuation' taking 0
(xtemplate)             argument(s) on line 2362.

\l__xeCJK_fixed_punct_width_dim=\dimen147
\l__xeCJK_mixed_punct_width_dim=\dimen148
\l__xeCJK_middle_punct_width_dim=\dimen149
\l__xeCJK_fixed_margin_width_dim=\dimen150
\l__xeCJK_mixed_margin_width_dim=\dimen151
\l__xeCJK_middle_margin_width_dim=\dimen152
\l__xeCJK_bound_punct_width_dim=\dimen153
\l__xeCJK_bound_margin_width_dim=\dimen154
\l__xeCJK_margin_minimum_dim=\dimen155
\l__xeCJK_kerning_total_width_dim=\dimen156
\l__xeCJK_same_align_margin_dim=\dimen157
\l__xeCJK_different_align_margin_dim=\dimen158
\l__xeCJK_kerning_margin_width_dim=\dimen159
\l__xeCJK_kerning_margin_minimum_dim=\dimen160
\l__xeCJK_bound_dim=\dimen161
\l__xeCJK_reverse_bound_dim=\dimen162
\l__xeCJK_minimum_bound_dim=\dimen163
\l__xeCJK_kerning_margin_dim=\dimen164
\l__xeCJK_original_margin_dim=\dimen165
\g__xeCJK_family_int=\count185
\l__xeCJK_fam_int=\count186
\g__xeCJK_fam_allocation_int=\count187
\l__xeCJK_verb_case_int=\count188
\l__xeCJK_verb_exspace_skip=\skip55

(/usr/share/texlive/texmf-dist/tex/latex/fontspec/fontspec.sty
Package: fontspec 2019/02/12 v2.7b Font selection for XeLaTeX and LuaLaTeX

(/usr/share/texlive/texmf-dist/tex/latex/fontspec/fontspec-xetex.sty
Package: fontspec-xetex 2019/02/12 v2.7b Font selection for XeLaTeX and LuaLaTe
X
\l__fontspec_script_int=\count189
\l__fontspec_language_int=\count190
\l__fontspec_strnum_int=\count191
\l__fontspec_tmp_int=\count192
\l__fontspec_tmpa_int=\count193
\l__fontspec_tmpb_int=\count194
\l__fontspec_tmpc_int=\count195
\l__fontspec_em_int=\count196
\l__fontspec_emdef_int=\count197
\l__fontspec_strong_int=\count198
\l__fontspec_strongdef_int=\count199
\l__fontspec_tmpa_dim=\dimen166
\l__fontspec_tmpb_dim=\dimen167
\l__fontspec_tmpc_dim=\dimen168

(/usr/share/texlive/texmf-dist/tex/latex/base/fontenc.sty
Package: fontenc 2018/08/11 v2.0j Standard LaTeX package

(/usr/share/texlive/texmf-dist/tex/latex/base/tuenc.def
File: tuenc.def 2018/08/11 v2.0j Standard LaTeX file
LaTeX Font Info:    Redeclaring font encoding TU on input line 82.
))
(/usr/share/texlive/texmf-dist/tex/latex/fontspec/fontspec.cfg)
LaTeX Info: Redefining \itshape on input line 4044.
LaTeX Info: Redefining \slshape on input line 4049.
LaTeX Info: Redefining \scshape on input line 4054.
LaTeX Info: Redefining \upshape on input line 4059.
LaTeX Info: Redefining \em on input line 4089.
LaTeX Info: Redefining \emph on input line 4114.
))
(/usr/share/texlive/texmf-dist/tex/xelatex/xecjk/xeCJK.cfg
File: xeCJK.cfg 2018/04/30 v3.7.1 Configuration file for xeCJK package
))

Package fontspec Info: Could not resolve font "SimSun/BI" (it probably doesn't
(fontspec)             exist).


Package fontspec Info: Could not resolve font "SimSun/B" (it probably doesn't
(fontspec)             exist).


Package fontspec Info: Could not resolve font "SimSun/I" (it probably doesn't
(fontspec)             exist).


Package fontspec Info: Font family 'SimSun(0)' created for font 'SimSun' with
(fontspec)             options [Script={CJK}].
(fontspec)              
(fontspec)              This font family consists of the following NFSS
(fontspec)             series/shapes:
(fontspec)              
(fontspec)             - 'normal' (m/n) with NFSS spec.:
(fontspec)             <->"SimSun/OT:script=hani;language=DFLT;"
(fontspec)             - 'small caps'  (m/sc) with NFSS spec.: 


(/usr/share/texmf/tex/latex/lm/lmodern.sty
Package: lmodern 2009/10/30 v1.6 Latin Modern Fonts
LaTeX Font Info:    Overwriting symbol font `operators' in version `normal'
(Font)                  OT1/cmr/m/n --> OT1/lmr/m/n on input line 22.
LaTeX Font Info:    Overwriting symbol font `letters' in version `normal'
(Font)                  OML/cmm/m/it --> OML/lmm/m/it on input line 23.
LaTeX Font Info:    Overwriting symbol font `symbols' in version `normal'
(Font)                  OMS/cmsy/m/n --> OMS/lmsy/m/n on input line 24.
LaTeX Font Info:    Overwriting symbol font `largesymbols' in version `normal'
(Font)                  OMX/cmex/m/n --> OMX/lmex/m/n on input line 25.
LaTeX Font Info:    Overwriting symbol font `operators' in version `bold'
(Font)                  OT1/cmr/bx/n --> OT1/lmr/bx/n on input line 26.
LaTeX Font Info:    Overwriting symbol font `letters' in version `bold'
(Font)                  OML/cmm/b/it --> OML/lmm/b/it on input line 27.
LaTeX Font Info:    Overwriting symbol font `symbols' in version `bold'
(Font)                  OMS/cmsy/b/n --> OMS/lmsy/b/n on input line 28.
LaTeX Font Info:    Overwriting symbol font `largesymbols' in version `bold'
(Font)                  OMX/cmex/m/n --> OMX/lmex/m/n on input line 29.
LaTeX Font Info:    Overwriting math alphabet `\mathbf' in version `normal'
(Font)                  OT1/cmr/bx/n --> OT1/lmr/bx/n on input line 31.
LaTeX Font Info:    Overwriting math alphabet `\mathsf' in version `normal'
(Font)                  OT1/cmss/m/n --> OT1/lmss/m/n on input line 32.
LaTeX Font Info:    Overwriting math alphabet `\mathit' in version `normal'
(Font)                  OT1/cmr/m/it --> OT1/lmr/m/it on input line 33.
LaTeX Font Info:    Overwriting math alphabet `\mathtt' in version `normal'
(Font)                  OT1/cmtt/m/n --> OT1/lmtt/m/n on input line 34.
LaTeX Font Info:    Overwriting math alphabet `\mathbf' in version `bold'
(Font)                  OT1/cmr/bx/n --> OT1/lmr/bx/n on input line 35.
LaTeX Font Info:    Overwriting math alphabet `\mathsf' in version `bold'
(Font)                  OT1/cmss/bx/n --> OT1/lmss/bx/n on input line 36.
LaTeX Font Info:    Overwriting math alphabet `\mathit' in version `bold'
(Font)                  OT1/cmr/bx/it --> OT1/lmr/bx/it on input line 37.
LaTeX Font Info:    Overwriting math alphabet `\mathtt' in version `bold'
(Font)                  OT1/cmtt/m/n --> OT1/lmtt/m/n on input line 38.
)
(/usr/share/texlive/texmf-dist/tex/latex/amsfonts/amssymb.sty
Package: amssymb 2013/01/14 v3.01 AMS font symbols

(/usr/share/texlive/texmf-dist/tex/latex/amsfonts/amsfonts.sty
Package: amsfonts 2013/01/14 v3.01 Basic AMSFonts support
\@emptytoks=\toks15
\symAMSa=\mathgroup4
\symAMSb=\mathgroup5
LaTeX Font Info:    Overwriting math alphabet `\mathfrak' in version `bold'
(Font)                  U/euf/m/n --> U/euf/b/n on input line 106.
))
(/usr/share/texlive/texmf-dist/tex/latex/amsmath/amsmath.sty
Package: amsmath 2018/12/01 v2.17b AMS math features
\@mathmargin=\skip56

For additional information on amsmath, use the `?' option.
(/usr/share/texlive/texmf-dist/tex/latex/amsmath/amstext.sty
Package: amstext 2000/06/29 v2.01 AMS text

(/usr/share/texlive/texmf-dist/tex/latex/amsmath/amsgen.sty
File: amsgen.sty 1999/11/30 v2.0 generic functions
\@emptytoks=\toks16
\ex@=\dimen169
))
(/usr/share/texlive/texmf-dist/tex/latex/amsmath/amsbsy.sty
Package: amsbsy 1999/11/29 v1.2d Bold Symbols
\pmbraise@=\dimen170
)
(/usr/share/texlive/texmf-dist/tex/latex/amsmath/amsopn.sty
Package: amsopn 2016/03/08 v2.02 operator names
)
\inf@bad=\count266
LaTeX Info: Redefining \frac on input line 223.
\uproot@=\count267
\leftroot@=\count268
LaTeX Info: Redefining \overline on input line 385.
\classnum@=\count269
\DOTSCASE@=\count270
LaTeX Info: Redefining \ldots on input line 482.
LaTeX Info: Redefining \dots on input line 485.
LaTeX Info: Redefining \cdots on input line 606.
\Mathstrutbox@=\box46
\strutbox@=\box47
\big@size=\dimen171
LaTeX Font Info:    Redeclaring font encoding OML on input line 729.
LaTeX Font Info:    Redeclaring font encoding OMS on input line 730.
\macc@depth=\count271
\c@MaxMatrixCols=\count272
\dotsspace@=\muskip17
\c@parentequation=\count273
\dspbrk@lvl=\count274
\tag@help=\toks17
\row@=\count275
\column@=\count276
\maxfields@=\count277
\andhelp@=\toks18
\eqnshift@=\dimen172
\alignsep@=\dimen173
\tagshift@=\dimen174
\tagwidth@=\dimen175
\totwidth@=\dimen176
\lineht@=\dimen177
\@envbody=\toks19
\multlinegap=\skip57
\multlinetaggap=\skip58
\mathdisplay@stack=\toks20
LaTeX Info: Redefining \[ on input line 2844.
LaTeX Info: Redefining \] on input line 2845.
)
(/usr/share/texlive/texmf-dist/tex/generic/ifxetex/ifxetex.sty
Package: ifxetex 2010/09/12 v0.6 Provides ifxetex conditional
)
(/usr/share/texlive/texmf-dist/tex/generic/oberdiek/ifluatex.sty
Package: ifluatex 2016/05/16 v1.4 Provides the ifluatex switch (HO)
Package ifluatex Info: LuaTeX not detected.
)
(/usr/share/texlive/texmf-dist/tex/latex/base/fixltx2e.sty
Package: fixltx2e 2016/12/29 v2.1a fixes to LaTeX (obsolete)
Applying: [2015/01/01] Old fixltx2e package on input line 46.


Package fixltx2e Warning: fixltx2e is not required with releases after 2015
(fixltx2e)                All fixes are now in the LaTeX kernel.
(fixltx2e)                See the latexrelease package for details.

Already applied: [0000/00/00] Old fixltx2e package on input line 53.
) (/usr/share/texlive/texmf-dist/tex/latex/unicode-math/unicode-math.sty
Package: unicode-math 2019/02/15 v0.8n Unicode maths in XeLaTeX and LuaLaTeX

(/usr/share/texlive/texmf-dist/tex/latex/unicode-math/unicode-math-xetex.sty
Package: unicode-math-xetex 2019/02/15 v0.8n Unicode maths in XeLaTeX and LuaLa
TeX

(/usr/share/texlive/texmf-dist/tex/latex/filehook/filehook.sty
Package: filehook 2011/10/12 v0.5d Hooks for input files
)
(/usr/share/texlive/texmf-dist/tex/latex/base/fix-cm.sty
Package: fix-cm 2015/01/14 v1.1t fixes to LaTeX

(/usr/share/texlive/texmf-dist/tex/latex/base/ts1enc.def
File: ts1enc.def 2001/06/05 v3.0e (jk/car/fm) Standard LaTeX file
))
\g__um_fam_int=\count278
\g__um_fonts_used_int=\count279
\l__um_primecount_int=\count280
\g__um_primekern_muskip=\muskip18

(/usr/share/texlive/texmf-dist/tex/latex/unicode-math/unicode-math-table.tex)

Package unicode-math Info: I'm going to patch macro \subarray.


Package unicode-math Info: I'm going to patch macro \r@@t.

)) (/usr/share/texlive/texmf-dist/tex/latex/upquote/upquote.sty
Package: upquote 2012/04/19 v1.3 upright-quote and grave-accent glyphs in verba
tim

(/usr/share/texlive/texmf-dist/tex/latex/base/textcomp.sty
Package: textcomp 2018/08/11 v2.0j Standard LaTeX package
Package textcomp Info: Sub-encoding information:
(textcomp)               5 = only ISO-Adobe without \textcurrency
(textcomp)               4 = 5 + \texteuro
(textcomp)               3 = 4 + \textohm
(textcomp)               2 = 3 + \textestimated + \textcurrency
(textcomp)               1 = TS1 - \textcircled - \t
(textcomp)               0 = TS1 (full)
(textcomp)             Font families with sub-encoding setting implement
(textcomp)             only a restricted character set as indicated.
(textcomp)             Family '?' is the default used for unknown fonts.
(textcomp)             See the documentation for details.
Package textcomp Info: Setting ? sub-encoding to TS1/1 on input line 79.

(/usr/share/texlive/texmf-dist/tex/latex/base/ts1enc.def
File: ts1enc.def 2001/06/05 v3.0e (jk/car/fm) Standard LaTeX file
LaTeX Font Info:    Redeclaring font encoding TS1 on input line 47.
)
LaTeX Info: Redefining \oldstylenums on input line 334.
Package textcomp Info: Setting cmr sub-encoding to TS1/0 on input line 349.
Package textcomp Info: Setting cmss sub-encoding to TS1/0 on input line 350.
Package textcomp Info: Setting cmtt sub-encoding to TS1/0 on input line 351.
Package textcomp Info: Setting cmvtt sub-encoding to TS1/0 on input line 352.
Package textcomp Info: Setting cmbr sub-encoding to TS1/0 on input line 353.
Package textcomp Info: Setting cmtl sub-encoding to TS1/0 on input line 354.
Package textcomp Info: Setting ccr sub-encoding to TS1/0 on input line 355.
Package textcomp Info: Setting ptm sub-encoding to TS1/4 on input line 356.
Package textcomp Info: Setting pcr sub-encoding to TS1/4 on input line 357.
Package textcomp Info: Setting phv sub-encoding to TS1/4 on input line 358.
Package textcomp Info: Setting ppl sub-encoding to TS1/3 on input line 359.
Package textcomp Info: Setting pag sub-encoding to TS1/4 on input line 360.
Package textcomp Info: Setting pbk sub-encoding to TS1/4 on input line 361.
Package textcomp Info: Setting pnc sub-encoding to TS1/4 on input line 362.
Package textcomp Info: Setting pzc sub-encoding to TS1/4 on input line 363.
Package textcomp Info: Setting bch sub-encoding to TS1/4 on input line 364.
Package textcomp Info: Setting put sub-encoding to TS1/5 on input line 365.
Package textcomp Info: Setting uag sub-encoding to TS1/5 on input line 366.
Package textcomp Info: Setting ugq sub-encoding to TS1/5 on input line 367.
Package textcomp Info: Setting ul8 sub-encoding to TS1/4 on input line 368.
Package textcomp Info: Setting ul9 sub-encoding to TS1/4 on input line 369.
Package textcomp Info: Setting augie sub-encoding to TS1/5 on input line 370.
Package textcomp Info: Setting dayrom sub-encoding to TS1/3 on input line 371.
Package textcomp Info: Setting dayroms sub-encoding to TS1/3 on input line 372.

Package textcomp Info: Setting pxr sub-encoding to TS1/0 on input line 373.
Package textcomp Info: Setting pxss sub-encoding to TS1/0 on input line 374.
Package textcomp Info: Setting pxtt sub-encoding to TS1/0 on input line 375.
Package textcomp Info: Setting txr sub-encoding to TS1/0 on input line 376.
Package textcomp Info: Setting txss sub-encoding to TS1/0 on input line 377.
Package textcomp Info: Setting txtt sub-encoding to TS1/0 on input line 378.
Package textcomp Info: Setting lmr sub-encoding to TS1/0 on input line 379.
Package textcomp Info: Setting lmdh sub-encoding to TS1/0 on input line 380.
Package textcomp Info: Setting lmss sub-encoding to TS1/0 on input line 381.
Package textcomp Info: Setting lmssq sub-encoding to TS1/0 on input line 382.
Package textcomp Info: Setting lmvtt sub-encoding to TS1/0 on input line 383.
Package textcomp Info: Setting lmtt sub-encoding to TS1/0 on input line 384.
Package textcomp Info: Setting qhv sub-encoding to TS1/0 on input line 385.
Package textcomp Info: Setting qag sub-encoding to TS1/0 on input line 386.
Package textcomp Info: Setting qbk sub-encoding to TS1/0 on input line 387.
Package textcomp Info: Setting qcr sub-encoding to TS1/0 on input line 388.
Package textcomp Info: Setting qcs sub-encoding to TS1/0 on input line 389.
Package textcomp Info: Setting qpl sub-encoding to TS1/0 on input line 390.
Package textcomp Info: Setting qtm sub-encoding to TS1/0 on input line 391.
Package textcomp Info: Setting qzc sub-encoding to TS1/0 on input line 392.
Package textcomp Info: Setting qhvc sub-encoding to TS1/0 on input line 393.
Package textcomp Info: Setting futs sub-encoding to TS1/4 on input line 394.
Package textcomp Info: Setting futx sub-encoding to TS1/4 on input line 395.
Package textcomp Info: Setting futj sub-encoding to TS1/4 on input line 396.
Package textcomp Info: Setting hlh sub-encoding to TS1/3 on input line 397.
Package textcomp Info: Setting hls sub-encoding to TS1/3 on input line 398.
Package textcomp Info: Setting hlst sub-encoding to TS1/3 on input line 399.
Package textcomp Info: Setting hlct sub-encoding to TS1/5 on input line 400.
Package textcomp Info: Setting hlx sub-encoding to TS1/5 on input line 401.
Package textcomp Info: Setting hlce sub-encoding to TS1/5 on input line 402.
Package textcomp Info: Setting hlcn sub-encoding to TS1/5 on input line 403.
Package textcomp Info: Setting hlcw sub-encoding to TS1/5 on input line 404.
Package textcomp Info: Setting hlcf sub-encoding to TS1/5 on input line 405.
Package textcomp Info: Setting pplx sub-encoding to TS1/3 on input line 406.
Package textcomp Info: Setting pplj sub-encoding to TS1/3 on input line 407.
Package textcomp Info: Setting ptmx sub-encoding to TS1/4 on input line 408.
Package textcomp Info: Setting ptmj sub-encoding to TS1/4 on input line 409.
))
(/usr/share/texlive/texmf-dist/tex/latex/microtype/microtype.sty
Package: microtype 2019/02/28 v2.7b Micro-typographical refinements (RS)
\MT@toks=\toks21
\MT@count=\count281
LaTeX Info: Redefining \textls on input line 790.
\MT@outer@kern=\dimen178
LaTeX Info: Redefining \textmicrotypecontext on input line 1336.
\MT@listname@count=\count282

(/usr/share/texlive/texmf-dist/tex/latex/microtype/microtype-xetex.def
File: microtype-xetex.def 2019/02/28 v2.7b Definitions specific to xetex (RS)
LaTeX Info: Redefining \lsstyle on input line 258.
)
Package microtype Info: Loading configuration file microtype.cfg.

(/usr/share/texlive/texmf-dist/tex/latex/microtype/microtype.cfg
File: microtype.cfg 2019/02/28 v2.7b microtype main configuration file (RS)
))
(/usr/share/texlive/texmf-dist/tex/latex/parskip/parskip.sty
Package: parskip 2019-01-16 v2.0c non-zero parskip adjustments

(/usr/share/texlive/texmf-dist/tex/latex/oberdiek/kvoptions.sty
Package: kvoptions 2016/05/16 v3.12 Key value format for package options (HO)

(/usr/share/texlive/texmf-dist/tex/generic/oberdiek/ltxcmds.sty
Package: ltxcmds 2016/05/16 v1.23 LaTeX kernel commands for general use (HO)
)
(/usr/share/texlive/texmf-dist/tex/generic/oberdiek/kvsetkeys.sty
Package: kvsetkeys 2016/05/16 v1.17 Key value parser (HO)

(/usr/share/texlive/texmf-dist/tex/generic/oberdiek/infwarerr.sty
Package: infwarerr 2016/05/16 v1.4 Providing info/warning/error messages (HO)
)
(/usr/share/texlive/texmf-dist/tex/generic/oberdiek/etexcmds.sty
Package: etexcmds 2016/05/16 v1.6 Avoid name clashes with e-TeX commands (HO)
)))
(/usr/share/texlive/texmf-dist/tex/latex/etoolbox/etoolbox.sty
Package: etoolbox 2018/08/19 v2.5f e-TeX tools for LaTeX (JAW)
\etb@tempcnta=\count283
))
(/usr/share/texlive/texmf-dist/tex/latex/hyperref/hyperref.sty
Package: hyperref 2018/11/30 v6.88e Hypertext links for LaTeX

(/usr/share/texlive/texmf-dist/tex/generic/oberdiek/hobsub-hyperref.sty
Package: hobsub-hyperref 2016/05/16 v1.14 Bundle oberdiek, subset hyperref (HO)


(/usr/share/texlive/texmf-dist/tex/generic/oberdiek/hobsub-generic.sty
Package: hobsub-generic 2016/05/16 v1.14 Bundle oberdiek, subset generic (HO)
Package: hobsub 2016/05/16 v1.14 Construct package bundles (HO)
Package hobsub Info: Skipping package `infwarerr' (already loaded).
Package hobsub Info: Skipping package `ltxcmds' (already loaded).
Package hobsub Info: Skipping package `ifluatex' (already loaded).
Package: ifvtex 2016/05/16 v1.6 Detect VTeX and its facilities (HO)
Package ifvtex Info: VTeX not detected.
Package: intcalc 2016/05/16 v1.2 Expandable calculations with integers (HO)
Package: ifpdf 2018/09/07 v3.3 Provides the ifpdf switch
Package hobsub Info: Skipping package `etexcmds' (already loaded).
Package hobsub Info: Skipping package `kvsetkeys' (already loaded).
Package: kvdefinekeys 2016/05/16 v1.4 Define keys (HO)
Package: pdftexcmds 2018/09/10 v0.29 Utility functions of pdfTeX for LuaTeX (HO
)
Package pdftexcmds Info: LuaTeX not detected.
Package pdftexcmds Info: pdfTeX >= 1.30 not detected.
Package pdftexcmds Info: \pdf@primitive is available.
Package pdftexcmds Info: \pdf@ifprimitive is available.
Package pdftexcmds Info: \pdfdraftmode not found.
Package: pdfescape 2016/05/16 v1.14 Implements pdfTeX's escape features (HO)
Package: bigintcalc 2016/05/16 v1.4 Expandable calculations on big integers (HO
)
Package: bitset 2016/05/16 v1.2 Handle bit-vector datatype (HO)
Package: uniquecounter 2016/05/16 v1.3 Provide unlimited unique counter (HO)
)
Package hobsub Info: Skipping package `hobsub' (already loaded).
Package: letltxmacro 2016/05/16 v1.5 Let assignment for LaTeX macros (HO)
Package: hopatch 2016/05/16 v1.3 Wrapper for package hooks (HO)
Package: xcolor-patch 2016/05/16 xcolor patch
Package: atveryend 2016/05/16 v1.9 Hooks at the very end of document (HO)
Package: atbegshi 2016/06/09 v1.18 At begin shipout hook (HO)
Package: refcount 2016/05/16 v3.5 Data extraction from label references (HO)
Package: hycolor 2016/05/16 v1.8 Color options for hyperref/bookmark (HO)
)
(/usr/share/texlive/texmf-dist/tex/latex/oberdiek/auxhook.sty
Package: auxhook 2016/05/16 v1.4 Hooks for auxiliary files (HO)
)
\@linkdim=\dimen179
\Hy@linkcounter=\count284
\Hy@pagecounter=\count285

(/usr/share/texlive/texmf-dist/tex/latex/hyperref/pd1enc.def
File: pd1enc.def 2018/11/30 v6.88e Hyperref: PDFDocEncoding definition (HO)
)
\Hy@SavedSpaceFactor=\count286

(/usr/share/texlive/texmf-dist/tex/latex/latexconfig/hyperref.cfg
File: hyperref.cfg 2002/06/06 v1.2 hyperref configuration of TeXLive
)
Package hyperref Info: Option `unicode' set `true' on input line 4393.

(/usr/share/texlive/texmf-dist/tex/latex/hyperref/puenc.def
File: puenc.def 2018/11/30 v6.88e Hyperref: PDF Unicode definition (HO)
)
Package hyperref Info: Hyper figures OFF on input line 4519.
Package hyperref Info: Link nesting OFF on input line 4524.
Package hyperref Info: Hyper index ON on input line 4527.
Package hyperref Info: Plain pages OFF on input line 4534.
Package hyperref Info: Backreferencing OFF on input line 4539.
Package hyperref Info: Implicit mode ON; LaTeX internals redefined.
Package hyperref Info: Bookmarks ON on input line 4772.
\c@Hy@tempcnt=\count287

(/usr/share/texlive/texmf-dist/tex/latex/url/url.sty
\Urlmuskip=\muskip19
Package: url 2013/09/16  ver 3.4  Verb mode for urls, etc.
)
LaTeX Info: Redefining \url on input line 5125.
\XeTeXLinkMargin=\dimen180
\Fld@menulength=\count288
\Field@Width=\dimen181
\Fld@charsize=\dimen182
Package hyperref Info: Hyper figures OFF on input line 6380.
Package hyperref Info: Link nesting OFF on input line 6385.
Package hyperref Info: Hyper index ON on input line 6388.
Package hyperref Info: backreferencing OFF on input line 6395.
Package hyperref Info: Link coloring OFF on input line 6400.
Package hyperref Info: Link coloring with OCG OFF on input line 6405.
Package hyperref Info: PDF/A mode OFF on input line 6410.
LaTeX Info: Redefining \ref on input line 6450.
LaTeX Info: Redefining \pageref on input line 6454.
\Hy@abspage=\count289
\c@Item=\count290
\c@Hfootnote=\count291
)
Package hyperref Info: Driver (autodetected): hxetex.

(/usr/share/texlive/texmf-dist/tex/latex/hyperref/hxetex.def
File: hxetex.def 2018/11/30 v6.88e Hyperref driver for XeTeX

(/usr/share/texlive/texmf-dist/tex/generic/oberdiek/stringenc.sty
Package: stringenc 2016/05/16 v1.11 Convert strings between diff. encodings (HO
)
)
\pdfm@box=\box48
\c@Hy@AnnotLevel=\count292
\HyField@AnnotCount=\count293
\Fld@listcount=\count294
\c@bookmark@seq@number=\count295

(/usr/share/texlive/texmf-dist/tex/latex/oberdiek/rerunfilecheck.sty
Package: rerunfilecheck 2016/05/16 v1.8 Rerun checks for auxiliary files (HO)
Package uniquecounter Info: New unique counter `rerunfilecheck' on input line 2
82.
)
\Hy@SectionHShift=\skip59
)
Package hyperref Info: Option `breaklinks' set `true' on input line 41.

(/usr/share/texlive/texmf-dist/tex/latex/tools/longtable.sty
Package: longtable 2014/10/28 v4.11 Multi-page Table package (DPC)+ FMi change
\LTleft=\skip60
\LTright=\skip61
\LTpre=\skip62
\LTpost=\skip63
\LTchunksize=\count296
\LTcapwidth=\dimen183
\LT@head=\box49
\LT@firsthead=\box50
\LT@foot=\box51
\LT@lastfoot=\box52
\LT@cols=\count297
\LT@rows=\count298
\c@LT@tables=\count299
\c@LT@chunks=\count300
\LT@p@ftn=\toks22
)
(/usr/share/texlive/texmf-dist/tex/latex/booktabs/booktabs.sty
Package: booktabs 2016/04/27 v1.618033 publication quality tables
\heavyrulewidth=\dimen184
\lightrulewidth=\dimen185
\cmidrulewidth=\dimen186
\belowrulesep=\dimen187
\belowbottomsep=\dimen188
\aboverulesep=\dimen189
\abovetopsep=\dimen190
\cmidrulesep=\dimen191
\cmidrulekern=\dimen192
\defaultaddspace=\dimen193
\@cmidla=\count301
\@cmidlb=\count302
\@aboverulesep=\dimen194
\@belowrulesep=\dimen195
\@thisruleclass=\count303
\@lastruleclass=\count304
\@thisrulewidth=\dimen196
)
(/usr/share/texlive/texmf-dist/tex/latex/multirow/multirow.sty
Package: multirow 2019/01/01 v2.4 Span multiple rows of a table
\multirow@colwidth=\skip64
\multirow@cntb=\count305
\multirow@dima=\skip65
\bigstrutjot=\dimen197
)
(/usr/share/texlive/texmf-dist/tex/latex/mdwtools/footnote.sty
Package: footnote 1997/01/28 1.13 Save footnotes around boxes
\fn@notes=\box53
\fn@width=\dimen198
)
(./appbooksec24.aux (./xgq.aux) (./xuzhang.aux) (./ganxie.aux) (./qianyan.aux)
(./appch1rhgs-sec.aux) (./appch2rhctdks-sec.aux

LaTeX Warning: Label `ux7ed3ux675fux8bed' multiply defined.


LaTeX Warning: Label `ux9644ux4ef6' multiply defined.


LaTeX Warning: Label `ux9644ux4ef6' multiply defined.

) (./appch3kftyz-sec.aux

LaTeX Warning: Label `ux6839ux56e0ux5206ux6790ux8befux89e3ux6848ux4f8b' multipl
y defined.


LaTeX Warning: Label `ux6839ux56e0ux5206ux6790ux8befux89e3ux6848ux4f8b' multipl
y defined.


LaTeX Warning: Label `ux6839ux56e0ux5206ux6790ux8befux89e3ux6848ux4f8b' multipl
y defined.


LaTeX Warning: Label `ux6839ux56e0ux5206ux6790ux8befux89e3ux6848ux4f8b' multipl
y defined.


LaTeX Warning: Label `ux6839ux56e0ux5206ux6790ux8befux89e3ux6848ux4f8b' multipl
y defined.


LaTeX Warning: Label `ux6839ux56e0ux5206ux6790ux8befux89e3ux6848ux4f8b' multipl
y defined.


LaTeX Warning: Label `ux6839ux56e0ux5206ux6790ux8befux89e3ux6848ux4f8b' multipl
y defined.


LaTeX Warning: Label `ux6839ux56e0ux5206ux6790ux8befux89e3ux6848ux4f8b' multipl
y defined.


LaTeX Warning: Label `ux6839ux56e0ux5206ux6790ux8befux89e3ux6848ux4f8b' multipl
y defined.


LaTeX Warning: Label `ux7ed3ux675fux8bed' multiply defined.


LaTeX Warning: Label `ux9644ux4ef6' multiply defined.


LaTeX Warning: Label `ux53c2ux8003-references' multiply defined.

) (./appch4sdgs-sec.aux

LaTeX Warning: Label `ux4eceux5355ux70b9ux5230ux4e09ux70b9ux4f30ux7b97' multipl
y defined.


LaTeX Warning: Label `ux9644ux4ef6' multiply defined.

) (./appch5lhgl-sec.aux

LaTeX Warning: Label `ux9644ux4ef6' multiply defined.

) (./appch6gsrjgm-sec.aux

LaTeX Warning: Label `ux9644ux4ef6' multiply defined.


LaTeX Warning: Label `ux53c2ux8003references' multiply defined.

) (./appch7gsgzl-sec.aux

LaTeX Warning: Label `ux4f30ux7b97ux9760ux6a21ux578bux8fd8ux662fux9760ux4e13ux5
bb6model-based-vs-expert-based-estimation' multiply defined.


LaTeX Warning: Label `ux9644ux4ef6' multiply defined.

) (./appch8hqgczc-sec.aux

LaTeX Warning: Label `ux7b2cux4e00ux7248ux65b9ux6848ux4e66' multiply defined.


LaTeX Warning: Label `ux603bux7ed3' multiply defined.

) (./appch9xzgjjh-sec.aux

LaTeX Warning: Label `ux603bux7ed3' multiply defined.


LaTeX Warning: Label `ux9644ux4ef6' multiply defined.

) (./appch10ebyz-sec.aux

LaTeX Warning: Label `ux9999ux6e2fux5357ux4e2bux6d77ux96be' multiply defined.


LaTeX Warning: Label `ux9999ux6e2fux5357ux4e2bux6d77ux96be' multiply defined.


LaTeX Warning: Label `ux9999ux6e2fux5357ux4e2bux6d77ux96be' multiply defined.

) (./appch11tdxzfxgy-sec.aux

LaTeX Warning: Label `ux6570ux636eux6536ux96c6ux9891ux7387' multiply defined.


LaTeX Warning: Label `ux6570ux636eux6536ux96c6ux9891ux7387' multiply defined.

) (./appch12ryjs-sec.aux

LaTeX Warning: Label `ux9644ux4ef6' multiply defined.


LaTeX Warning: Label `ux63cfux8ff0' multiply defined.

) (./appch13ctdsydcxgj-sec.aux

LaTeX Warning: Label `ux9644ux4ef6' multiply defined.


LaTeX Warning: Label `ux76eeux7684' multiply defined.


LaTeX Warning: Label `ux6240ux9700ux7684ux65f6ux95f4' multiply defined.


LaTeX Warning: Label `ux63cfux8ff0' multiply defined.


LaTeX Warning: Label `ux63cfux8ff0-1' multiply defined.

) (./appch14csqdkf-sec.aux

LaTeX Warning: Label `ux7ed3ux675fux8bed' multiply defined.


LaTeX Warning: Label `ux9644ux4ef6' multiply defined.

) (./appch15dmcg-sec.aux

LaTeX Warning: Label `ux9644ux4ef6' multiply defined.


LaTeX Warning: Label `ux9644ux4ef6' multiply defined.

) (./appch16cxjc-sec.aux

LaTeX Warning: Label `ux6301ux7eedux96c6ux6210' multiply defined.


LaTeX Warning: Label `ux7ecfux9a8cux6559ux8bad' multiply defined.


LaTeX Warning: Label `ux9644ux4ef6' multiply defined.


LaTeX Warning: Label `ux9644ux4ef6' multiply defined.

) (./appch17jdbc.aux

LaTeX Warning: Label `ux603bux7ed3' multiply defined.


LaTeX Warning: Label `ux9644ux4ef6' multiply defined.

) (./appch18rjxq.aux

LaTeX Warning: Label `ux9644ux4ef6' multiply defined.

) (./appch19khcy.aux

LaTeX Warning: Label `ux5e38ux89c1ux95eeux9898' multiply defined.


LaTeX Warning: Label `ux6539ux8fdbux6548ux679c' multiply defined.


LaTeX Warning: Label `ux5e38ux89c1ux95eeux9898' multiply defined.


LaTeX Warning: Label `ux9644ux4ef6' multiply defined.


LaTeX Warning: Label `ux9644ux4ef6' multiply defined.

) (./appch20tdxz.aux

LaTeX Warning: Label `ux9644ux4ef6' multiply defined.


LaTeX Warning: Label `ux9644ux4ef6' multiply defined.

) (./appch21zwjdc.aux

LaTeX Warning: Label `ux4eceux5206ux6790ux5230ux884cux52a8' multiply defined.


LaTeX Warning: Label `ux4eceux5206ux6790ux5230ux884cux52a8' multiply defined.


LaTeX Warning: Label `ux603bux7ed3' multiply defined.

) (./appch22jxhtjfx.aux

LaTeX Warning: Label `ux4eceux5206ux6790ux5230ux884cux52a8' multiply defined.


LaTeX Warning: Label `ux7bb1ux7ebfux56fe-box-and-whisker-plot' multiply defined
.


LaTeX Warning: Label `ux7bb1ux7ebfux56fe-box-and-whisker-plot' multiply defined
.


LaTeX Warning: Label `ux9644ux4ef6' multiply defined.


LaTeX Warning: Label `ux7bb1ux7ebfux56fe-box-and-whisker-plot' multiply defined
.


LaTeX Warning: Label `ux53c2ux8003references' multiply defined.

) (./appch23jsjy.aux

LaTeX Warning: Label `ux65b9ux5deeux5206ux6790-anova-test' multiply defined.


LaTeX Warning: Label `ux9644ux4ef6' multiply defined.

) (./appch24kzt.aux

LaTeX Warning: Label `ux603bux7ed3' multiply defined.


LaTeX Warning: Label `ux9644ux4ef6' multiply defined.


LaTeX Warning: Label `ux9644ux4ef6' multiply defined.

) (./appch25cgrdgs.aux

LaTeX Warning: Label `ux516cux53f8ux5982ux4f55ux521bux65b0-1' multiply defined.



LaTeX Warning: Label `ux516cux53f8ux5982ux4f55ux521bux65b0-1' multiply defined.



LaTeX Warning: Label `ux7ed3ux675fux8bed' multiply defined.


LaTeX Warning: Label `ux7ed3ux675fux8bed' multiply defined.


LaTeX Warning: Label `ux9644ux4ef6' multiply defined.


LaTeX Warning: Label `ux9644ux4ef6' multiply defined.

) (./25Acxxbj.aux) (./appch26gyy.aux

LaTeX Warning: Label `ux53c2ux8003-references' multiply defined.

) (./fjAssjlb.aux

LaTeX Warning: Label `ux6539ux8fdbux6548ux679c' multiply defined.


LaTeX Warning: Label `ux9644ux4ef6' multiply defined.

) (./fjBfxddkh.aux

LaTeX Warning: Label `ux6539ux8fdbux63aaux65bd' multiply defined.


LaTeX Warning: Label `ux6539ux8fdbux6548ux679c' multiply defined.

))
\openout1 = `appbooksec24.aux'.

LaTeX Font Info:    Checking defaults for OML/cmm/m/it on input line 69.
LaTeX Font Info:    ... okay on input line 69.
LaTeX Font Info:    Checking defaults for T1/cmr/m/n on input line 69.
LaTeX Font Info:    ... okay on input line 69.
LaTeX Font Info:    Checking defaults for OT1/cmr/m/n on input line 69.
LaTeX Font Info:    ... okay on input line 69.
LaTeX Font Info:    Checking defaults for OMS/cmsy/m/n on input line 69.
LaTeX Font Info:    ... okay on input line 69.
LaTeX Font Info:    Checking defaults for TU/lmr/m/n on input line 69.
LaTeX Font Info:    ... okay on input line 69.
LaTeX Font Info:    Checking defaults for OMX/cmex/m/n on input line 69.
LaTeX Font Info:    ... okay on input line 69.
LaTeX Font Info:    Checking defaults for U/cmr/m/n on input line 69.
LaTeX Font Info:    ... okay on input line 69.
LaTeX Font Info:    Checking defaults for TS1/cmr/m/n on input line 69.
LaTeX Font Info:    ... okay on input line 69.
LaTeX Font Info:    Checking defaults for PD1/pdf/m/n on input line 69.
LaTeX Font Info:    ... okay on input line 69.
LaTeX Font Info:    Checking defaults for PU/pdf/m/n on input line 69.
LaTeX Font Info:    ... okay on input line 69.
LaTeX Font Info:    Overwriting math alphabet `\mathrm' in version `normal'
(Font)                  OT1/lmr/m/n --> TU/lmr/m/n on input line 69.
LaTeX Font Info:    Overwriting math alphabet `\mathit' in version `normal'
(Font)                  OT1/lmr/m/it --> TU/lmr/m/it on input line 69.
LaTeX Font Info:    Overwriting math alphabet `\mathbf' in version `normal'
(Font)                  OT1/lmr/bx/n --> TU/lmr/bx/n on input line 69.
LaTeX Font Info:    Overwriting math alphabet `\mathsf' in version `normal'
(Font)                  OT1/lmss/m/n --> TU/lmss/m/n on input line 69.
LaTeX Font Info:    Overwriting math alphabet `\mathsf' in version `bold'
(Font)                  OT1/lmss/bx/n --> TU/lmss/bx/n on input line 69.
LaTeX Font Info:    Overwriting math alphabet `\mathtt' in version `normal'
(Font)                  OT1/lmtt/m/n --> TU/lmtt/m/n on input line 69.
LaTeX Font Info:    Overwriting math alphabet `\mathtt' in version `bold'
(Font)                  OT1/lmtt/m/n --> TU/lmtt/bx/n on input line 69.

Package fontspec Info: latinmodern-math scale = 1.


Package fontspec Info: latinmodern-math scale = 1.


Package fontspec Info: latinmodern-math scale = 1.


Package fontspec Info: Font family 'latinmodern-math.otf(0)' created for font
(fontspec)             'latinmodern-math.otf' with options
(fontspec)             [Ligatures=TeX,Scale=MatchLowercase,BoldItalicFont={},It
alicFont={},SmallCapsFont={},Script=Math,BoldFont={latinmodern-math.otf}].
(fontspec)              
(fontspec)              This font family consists of the following NFSS
(fontspec)             series/shapes:
(fontspec)              
(fontspec)             - 'normal' (m/n) with NFSS spec.:
(fontspec)             <->s*[1]"[latinmodern-math.otf]/OT:script=math;language=
DFLT;mapping=tex-text;"
(fontspec)             - 'small caps'  (m/sc) with NFSS spec.: 
(fontspec)             - 'bold' (bx/n) with NFSS spec.:
(fontspec)             <->s*[1]"[latinmodern-math.otf]/OT:script=math;language=
DFLT;mapping=tex-text;"
(fontspec)             - 'bold small caps'  (bx/sc) with NFSS spec.: 

LaTeX Font Info:    Font shape `TU/latinmodern-math.otf(0)/m/n' will be
(Font)              scaled to size 10.0pt on input line 69.

Package fontspec Info: latinmodern-math scale = 1.


Package fontspec Info: latinmodern-math scale = 1.


Package fontspec Info: latinmodern-math scale = 1.


Package fontspec Info: latinmodern-math scale = 1.


Package fontspec Info: latinmodern-math scale = 1.


Package fontspec Info: Font family 'latinmodern-math.otf(1)' created for font
(fontspec)             'latinmodern-math.otf' with options
(fontspec)             [Ligatures=TeX,Scale=MatchLowercase,BoldItalicFont={},It
alicFont={},SmallCapsFont={},Script=Math,SizeFeatures={{Size=8.5-},{Size=6-8.5,
Font=latinmodern-math.otf,Style=MathScript},{Size=-6,Font=latinmodern-math.otf,
Style=MathScriptScript}},BoldFont={latinmodern-math.otf}].
(fontspec)              
(fontspec)              This font family consists of the following NFSS
(fontspec)             series/shapes:
(fontspec)              
(fontspec)             - 'normal' (m/n) with NFSS spec.:
(fontspec)             <8.5->s*[1]"[latinmodern-math.otf]/OT:script=math;langua
ge=DFLT;mapping=tex-text;"<6-8.5>s*[1]"[latinmodern-math.otf]/OT:script=math;la
nguage=DFLT;+ssty=0;mapping=tex-text;"<-6>s*[1]"[latinmodern-math.otf]/OT:scrip
t=math;language=DFLT;+ssty=1;mapping=tex-text;"
(fontspec)             - 'small caps'  (m/sc) with NFSS spec.: 
(fontspec)             - 'bold' (bx/n) with NFSS spec.:
(fontspec)             <->s*[1]"[latinmodern-math.otf]/OT:script=math;language=
DFLT;mapping=tex-text;"
(fontspec)             - 'bold small caps'  (bx/sc) with NFSS spec.: 

LaTeX Font Info:    Font shape `TU/latinmodern-math.otf(1)/m/n' will be
(Font)              scaled to size 10.0pt on input line 69.
LaTeX Font Info:    Encoding `OT1' has changed to `TU' for symbol font
(Font)              `operators' in the math version `normal' on input line 69.
LaTeX Font Info:    Overwriting symbol font `operators' in version `normal'
(Font)                  OT1/lmr/m/n --> TU/latinmodern-math.otf(1)/m/n on input
 line 69.
LaTeX Font Info:    Encoding `OT1' has changed to `TU' for symbol font
(Font)              `operators' in the math version `bold' on input line 69.
LaTeX Font Info:    Overwriting symbol font `operators' in version `bold'
(Font)                  OT1/lmr/bx/n --> TU/latinmodern-math.otf(1)/bx/n on inp
ut line 69.

Package fontspec Info: latinmodern-math scale = 1.


Package fontspec Info: latinmodern-math scale = 1.00001.


Package fontspec Info: latinmodern-math scale = 1.


Package fontspec Info: latinmodern-math scale = 1.00001.


Package fontspec Info: latinmodern-math scale = 1.


Package fontspec Info: latinmodern-math scale = 1.00001.


Package fontspec Info: latinmodern-math scale = 1.


Package fontspec Info: latinmodern-math scale = 1.00001.


Package fontspec Info: latinmodern-math scale = 1.


Package fontspec Info: latinmodern-math scale = 1.00001.


Package fontspec Info: Font family 'latinmodern-math.otf(2)' created for font
(fontspec)             'latinmodern-math.otf' with options
(fontspec)             [Ligatures=TeX,Scale=MatchLowercase,BoldItalicFont={},It
alicFont={},SmallCapsFont={},Script=Math,SizeFeatures={{Size=8.5-},{Size=6-8.5,
Font=latinmodern-math.otf,Style=MathScript},{Size=-6,Font=latinmodern-math.otf,
Style=MathScriptScript}},BoldFont={latinmodern-math.otf},ScaleAgain=1.00001,Fon
tAdjustment={\fontdimen
(fontspec)             8\font =6.77pt\relax \fontdimen 9\font =3.94pt\relax
(fontspec)             \fontdimen 10\font =4.44pt\relax \fontdimen 11\font
(fontspec)             =6.86pt\relax \fontdimen 12\font =3.45pt\relax
(fontspec)             \fontdimen 13\font =3.63pt\relax \fontdimen 14\font
(fontspec)             =3.63pt\relax \fontdimen 15\font =2.89pt\relax
(fontspec)             \fontdimen 16\font =2.47pt\relax \fontdimen 17\font
(fontspec)             =2.47pt\relax \fontdimen 18\font =2.5pt\relax
(fontspec)             \fontdimen 19\font =2.0pt\relax \fontdimen 22\font
(fontspec)             =2.5pt\relax \fontdimen 20\font =0pt\relax \fontdimen
(fontspec)             21\font =0pt\relax }].
(fontspec)              
(fontspec)              This font family consists of the following NFSS
(fontspec)             series/shapes:
(fontspec)              
(fontspec)             - 'normal' (m/n) with NFSS spec.:
(fontspec)             <8.5->s*[1.00001]"[latinmodern-math.otf]/OT:script=math;
language=DFLT;mapping=tex-text;"<6-8.5>s*[1.00001]"[latinmodern-math.otf]/OT:sc
ript=math;language=DFLT;+ssty=0;mapping=tex-text;"<-6>s*[1.00001]"[latinmodern-
math.otf]/OT:script=math;language=DFLT;+ssty=1;mapping=tex-text;"
(fontspec)             - 'small caps'  (m/sc) with NFSS spec.: 
(fontspec)             and font adjustment code:
(fontspec)             \fontdimen 8\font =6.77pt\relax \fontdimen 9\font
(fontspec)             =3.94pt\relax \fontdimen 10\font =4.44pt\relax
(fontspec)             \fontdimen 11\font =6.86pt\relax \fontdimen 12\font
(fontspec)             =3.45pt\relax \fontdimen 13\font =3.63pt\relax
(fontspec)             \fontdimen 14\font =3.63pt\relax \fontdimen 15\font
(fontspec)             =2.89pt\relax \fontdimen 16\font =2.47pt\relax
(fontspec)             \fontdimen 17\font =2.47pt\relax \fontdimen 18\font
(fontspec)             =2.5pt\relax \fontdimen 19\font =2.0pt\relax \fontdimen
(fontspec)             22\font =2.5pt\relax \fontdimen 20\font =0pt\relax
(fontspec)             \fontdimen 21\font =0pt\relax 
(fontspec)             - 'bold' (bx/n) with NFSS spec.:
(fontspec)             <->s*[1.00001]"[latinmodern-math.otf]/OT:script=math;lan
guage=DFLT;mapping=tex-text;"
(fontspec)             - 'bold small caps'  (bx/sc) with NFSS spec.: 
(fontspec)             and font adjustment code:
(fontspec)             \fontdimen 8\font =6.77pt\relax \fontdimen 9\font
(fontspec)             =3.94pt\relax \fontdimen 10\font =4.44pt\relax
(fontspec)             \fontdimen 11\font =6.86pt\relax \fontdimen 12\font
(fontspec)             =3.45pt\relax \fontdimen 13\font =3.63pt\relax
(fontspec)             \fontdimen 14\font =3.63pt\relax \fontdimen 15\font
(fontspec)             =2.89pt\relax \fontdimen 16\font =2.47pt\relax
(fontspec)             \fontdimen 17\font =2.47pt\relax \fontdimen 18\font
(fontspec)             =2.5pt\relax \fontdimen 19\font =2.0pt\relax \fontdimen
(fontspec)             22\font =2.5pt\relax \fontdimen 20\font =0pt\relax
(fontspec)             \fontdimen 21\font =0pt\relax 

LaTeX Font Info:    Encoding `OMS' has changed to `TU' for symbol font
(Font)              `symbols' in the math version `normal' on input line 69.
LaTeX Font Info:    Overwriting symbol font `symbols' in version `normal'
(Font)                  OMS/lmsy/m/n --> TU/latinmodern-math.otf(2)/m/n on inpu
t line 69.
LaTeX Font Info:    Encoding `OMS' has changed to `TU' for symbol font
(Font)              `symbols' in the math version `bold' on input line 69.
LaTeX Font Info:    Overwriting symbol font `symbols' in version `bold'
(Font)                  OMS/lmsy/b/n --> TU/latinmodern-math.otf(2)/bx/n on inp
ut line 69.

Package fontspec Info: latinmodern-math scale = 1.


Package fontspec Info: latinmodern-math scale = 0.99999.


Package fontspec Info: latinmodern-math scale = 1.


Package fontspec Info: latinmodern-math scale = 0.99999.


Package fontspec Info: latinmodern-math scale = 1.


Package fontspec Info: latinmodern-math scale = 0.99999.


Package fontspec Info: latinmodern-math scale = 1.


Package fontspec Info: latinmodern-math scale = 0.99999.


Package fontspec Info: latinmodern-math scale = 1.


Package fontspec Info: latinmodern-math scale = 0.99999.


Package fontspec Info: Font family 'latinmodern-math.otf(3)' created for font
(fontspec)             'latinmodern-math.otf' with options
(fontspec)             [Ligatures=TeX,Scale=MatchLowercase,BoldItalicFont={},It
alicFont={},SmallCapsFont={},Script=Math,SizeFeatures={{Size=8.5-},{Size=6-8.5,
Font=latinmodern-math.otf,Style=MathScript},{Size=-6,Font=latinmodern-math.otf,
Style=MathScriptScript}},BoldFont={latinmodern-math.otf},ScaleAgain=0.99999,Fon
tAdjustment={\fontdimen
(fontspec)             8\font =0.4pt\relax \fontdimen 9\font =2.0pt\relax
(fontspec)             \fontdimen 10\font =1.67pt\relax \fontdimen 11\font
(fontspec)             =1.11pt\relax \fontdimen 12\font =6.0pt\relax
(fontspec)             \fontdimen 13\font =0pt\relax }].
(fontspec)              
(fontspec)              This font family consists of the following NFSS
(fontspec)             series/shapes:
(fontspec)              
(fontspec)             - 'normal' (m/n) with NFSS spec.:
(fontspec)             <8.5->s*[0.99999]"[latinmodern-math.otf]/OT:script=math;
language=DFLT;mapping=tex-text;"<6-8.5>s*[0.99999]"[latinmodern-math.otf]/OT:sc
ript=math;language=DFLT;+ssty=0;mapping=tex-text;"<-6>s*[0.99999]"[latinmodern-
math.otf]/OT:script=math;language=DFLT;+ssty=1;mapping=tex-text;"
(fontspec)             - 'small caps'  (m/sc) with NFSS spec.: 
(fontspec)             and font adjustment code:
(fontspec)             \fontdimen 8\font =0.4pt\relax \fontdimen 9\font
(fontspec)             =2.0pt\relax \fontdimen 10\font =1.67pt\relax
(fontspec)             \fontdimen 11\font =1.11pt\relax \fontdimen 12\font
(fontspec)             =6.0pt\relax \fontdimen 13\font =0pt\relax 
(fontspec)             - 'bold' (bx/n) with NFSS spec.:
(fontspec)             <->s*[0.99999]"[latinmodern-math.otf]/OT:script=math;lan
guage=DFLT;mapping=tex-text;"
(fontspec)             - 'bold small caps'  (bx/sc) with NFSS spec.: 
(fontspec)             and font adjustment code:
(fontspec)             \fontdimen 8\font =0.4pt\relax \fontdimen 9\font
(fontspec)             =2.0pt\relax \fontdimen 10\font =1.67pt\relax
(fontspec)             \fontdimen 11\font =1.11pt\relax \fontdimen 12\font
(fontspec)             =6.0pt\relax \fontdimen 13\font =0pt\relax 

LaTeX Font Info:    Encoding `OMX' has changed to `TU' for symbol font
(Font)              `largesymbols' in the math version `normal' on input line 6
9.
LaTeX Font Info:    Overwriting symbol font `largesymbols' in version `normal'
(Font)                  OMX/lmex/m/n --> TU/latinmodern-math.otf(3)/m/n on inpu
t line 69.
LaTeX Font Info:    Encoding `OMX' has changed to `TU' for symbol font
(Font)              `largesymbols' in the math version `bold' on input line 69.

LaTeX Font Info:    Overwriting symbol font `largesymbols' in version `bold'
(Font)                  OMX/lmex/m/n --> TU/latinmodern-math.otf(3)/bx/n on inp
ut line 69.
LaTeX Info: Redefining \microtypecontext on input line 69.
Package microtype Info: Character protrusion enabled (level 2).
Package microtype Info: Using protrusion set `basicmath'.
Package microtype Info: No adjustment of tracking.
Package microtype Info: No adjustment of spacing.
Package microtype Info: No adjustment of kerning.
 (/usr/share/texlive/texmf-dist/tex/latex/microtype/mt-LatinModernRoman.cfg
File: mt-LatinModernRoman.cfg 2013/03/13 v1.0 microtype config. file: Latin Mod
ern Roman (RS)
)
\AtBeginShipoutBox=\box54
Package hyperref Info: Link coloring OFF on input line 69.

(/usr/share/texlive/texmf-dist/tex/latex/hyperref/nameref.sty
Package: nameref 2016/05/21 v2.44 Cross-referencing by name of section

(/usr/share/texlive/texmf-dist/tex/generic/oberdiek/gettitlestring.sty
Package: gettitlestring 2016/05/16 v1.5 Cleanup title references (HO)
)
\c@section@level=\count306
)
LaTeX Info: Redefining \ref on input line 69.
LaTeX Info: Redefining \pageref on input line 69.
LaTeX Info: Redefining \nameref on input line 69.

(./appbooksec24.out) (./appbooksec24.out)
\@outlinefile=\write3
\openout3 = `appbooksec24.out'.

 [1


] [2

]
LaTeX Font Info:    Font shape `TU/latinmodern-math.otf(1)/m/n' will be
(Font)              scaled to size 7.0pt on input line 86.
LaTeX Font Info:    Font shape `TU/latinmodern-math.otf(1)/m/n' will be
(Font)              scaled to size 5.0pt on input line 86.
LaTeX Font Info:    Try loading font information for OML+lmm on input line 86.

(/usr/share/texmf/tex/latex/lm/omllmm.fd
File: omllmm.fd 2009/10/30 v1.6 Font defs for Latin Modern
)
LaTeX Font Info:    Font shape `TU/latinmodern-math.otf(2)/m/n' will be
(Font)              scaled to size 7.0001pt on input line 86.
LaTeX Font Info:    Font shape `TU/latinmodern-math.otf(2)/m/n' will be
(Font)              scaled to size 5.00008pt on input line 86.
LaTeX Font Info:    Font shape `TU/latinmodern-math.otf(3)/m/n' will be
(Font)              scaled to size 6.9999pt on input line 86.
LaTeX Font Info:    Font shape `TU/latinmodern-math.otf(3)/m/n' will be
(Font)              scaled to size 4.99992pt on input line 86.
LaTeX Font Info:    Try loading font information for U+msa on input line 86.

(/usr/share/texlive/texmf-dist/tex/latex/amsfonts/umsa.fd
File: umsa.fd 2013/01/14 v3.01 AMS symbols A
)
(/usr/share/texlive/texmf-dist/tex/latex/microtype/mt-msa.cfg
File: mt-msa.cfg 2006/02/04 v1.1 microtype config. file: AMS symbols (a) (RS)
)
LaTeX Font Info:    Try loading font information for U+msb on input line 86.

(/usr/share/texlive/texmf-dist/tex/latex/amsfonts/umsb.fd
File: umsb.fd 2013/01/14 v3.01 AMS symbols B
)
(/usr/share/texlive/texmf-dist/tex/latex/microtype/mt-msb.cfg
File: mt-msb.cfg 2005/06/01 v1.0 microtype config. file: AMS symbols (b) (RS)
)
LaTeX Font Info:    Font shape `TU/latinmodern-math.otf(2)/m/n' will be
(Font)              scaled to size 10.00015pt on input line 86.
LaTeX Font Info:    Font shape `TU/latinmodern-math.otf(3)/m/n' will be
(Font)              scaled to size 9.99985pt on input line 86.
 [3

] [4


]
(./appbooksec24.toc

LaTeX Font Warning: Font shape `TU/SimSun(0)/bx/n' undefined
(Font)              using `TU/SimSun(0)/m/n' instead on input line 2.

[5

] [6] [7] [8] [9] [10])
\tf@toc=\write4
\openout4 = `appbooksec24.toc'.

 [11]
\openout2 = `xgq.aux'.

 (./xgq.tex) [12

]
\openout2 = `xuzhang.aux'.

 (./xuzhang.tex) [13



]
\openout2 = `ganxie.aux'.


(./ganxie.tex [14



]) [15]
\openout2 = `qianyan.aux'.

 (./qianyan.tex [16



]
Underfull \vbox (badness 10000) has occurred while \output is active []

 [17])
[18] [19


] [20]
\openout2 = `appch1rhgs-sec.aux'.

 (./appch1rhgs-sec.tex
Chapter 1.

Package hyperref Warning: Difference (2) between bookmark levels is greater 
(hyperref)                than one, level fixed on input line 4.


Underfull \hbox (badness 10000) in paragraph at lines 9--16

 []


Underfull \hbox (badness 10000) in paragraph at lines 20--23

 []

[21


]
Underfull \hbox (badness 10000) in paragraph at lines 35--47

 []


LaTeX Font Warning: Font shape `TU/SimSun(0)/m/sl' undefined
(Font)              using `TU/SimSun(0)/m/n' instead on input line 47.

[22]
Underfull \hbox (badness 10000) in paragraph at lines 51--58

 []

File: Cleanagile_f18-11.jpg Graphic file (type bmp)
<Cleanagile_f18-11.jpg>

Underfull \vbox (badness 10000) has occurred while \output is active []

 [23]
Underfull \hbox (badness 10000) in paragraph at lines 74--76

 []

File: 8页替换图片.jpg Graphic file (type bmp)
<8页替换图片.jpg>

Underfull \hbox (badness 10000) in paragraph at lines 89--90

 []

[24]
File: 远景1.png Graphic file (type bmp)
<远景1.png>
File: FordModelT_2023-06-10_100431.jpg Graphic file (type bmp)
<FordModelT_2023-06-10_100431.jpg>

Underfull \vbox (badness 3417) has occurred while \output is active []

 [25]
Underfull \hbox (badness 10000) in paragraph at lines 201--203

 []

File: Weisbord_P34.jpg Graphic file (type bmp)
<Weisbord_P34.jpg>

Underfull \vbox (badness 10000) has occurred while \output is active []

 [26]
File: 冰山.png Graphic file (type bmp)
<冰山.png>

Underfull \vbox (badness 10000) has occurred while \output is active []

 [27]
Underfull \hbox (badness 10000) in paragraph at lines 232--235

 []


Package xeCJK Warning: Unknown CJK family `\CJKttdefault' is being ignored.
(xeCJK)                
(xeCJK)                Try to use `\setCJKmonofont[...]{...}' to define it.

LaTeX Font Info:    Font shape `TU/lmtt/bx/n' in size <10> not available
(Font)              Font shape `TU/lmtt/b/n' tried instead on input line 258.
Missing character: There is no ① in font [lmroman10-regular]:mapping=tex-text;!
Missing character: There is no ② in font [lmroman10-regular]:mapping=tex-text;!
[28]
File: 15页替换图片.jpg Graphic file (type bmp)
<15页替换图片.jpg>
 [29]
Underfull \hbox (badness 10000) in paragraph at lines 324--325

 []

File: 16页替换图片.jpg Graphic file (type bmp)
<16页替换图片.jpg>

Underfull \vbox (badness 10000) has occurred while \output is active []

 [30]
[31]

LaTeX Font Warning: Font shape `TU/SimSun(0)/m/it' undefined
(Font)              using `TU/SimSun(0)/m/n' instead on input line 374.


Underfull \hbox (badness 10000) in paragraph at lines 400--401

 []

File: Ft_223111.jpg Graphic file (type bmp)
<Ft_223111.jpg>

Underfull \vbox (badness 10000) has occurred while \output is active []

 [32]
Underfull \vbox (badness 10000) has occurred while \output is active []

 [33]
Missing character: There is no α in font [lmroman10-regular]:mapping=tex-text;!
Missing character: There is no α in font [lmroman10-regular]:mapping=tex-text;!
Missing character: There is no α in font [lmroman10-regular]:mapping=tex-text;!

Underfull \vbox (badness 10000) has occurred while \output is active []

 [34]
Underfull \vbox (badness 10000) has occurred while \output is active []

 [35]
Underfull \hbox (badness 10000) in paragraph at lines 509--511

 []


Underfull \hbox (badness 10000) in paragraph at lines 512--513

 []


Underfull \vbox (badness 10000) has occurred while \output is active []

 [36]
Underfull \hbox (badness 10000) in paragraph at lines 569--570

 []


Underfull \hbox (badness 10000) in paragraph at lines 572--575

 []

File: JuranImprovementScreenshot_2022-10-23_211444-1.jpg Graphic file (type bmp
)
<JuranImprovementScreenshot_2022-10-23_211444-1.jpg>

Underfull \hbox (badness 10000) in paragraph at lines 578--579

 []


Underfull \vbox (badness 10000) has occurred while \output is active []

 [37]
Underfull \vbox (badness 10000) has occurred while \output is active []

 [38]
Underfull \hbox (badness 10000) in paragraph at lines 612--613

 []

File: TQM_12.png Graphic file (type bmp)
<TQM_12.png>
[39]
File: NissanRobots-OIPh8UAC7FBjlaCmA_mBepJjQHaEi.jpg Graphic file (type bmp)
<NissanRobots-OIPh8UAC7FBjlaCmA_mBepJjQHaEi.jpg>
File: NissanProdLineOIPwJFmfMl7q2_V8JaQi4kQ8QHaE6.jpg Graphic file (type bmp)
<NissanProdLineOIPwJFmfMl7q2_V8JaQi4kQ8QHaE6.jpg>

Underfull \hbox (badness 10000) in paragraph at lines 673--674

 []


Underfull \vbox (badness 4156) has occurred while \output is active []

 [40]
Underfull \hbox (badness 10000) in paragraph at lines 736--737

 []


Underfull \hbox (badness 10000) in paragraph at lines 752--753

 []

[41]
Underfull \hbox (badness 10000) in paragraph at lines 769--771

 []


Underfull \hbox (badness 10000) in paragraph at lines 831--832

 []


Underfull \hbox (badness 10000) in paragraph at lines 866--867

 []

[42]
File: 5S_五常法_Screenshot_2023-08-03_211606.jpg Graphic file (type bmp)
<5S_五常法_Screenshot_2023-08-03_211606.jpg>

Underfull \hbox (badness 10000) in paragraph at lines 895--896

 []


Underfull \vbox (badness 2088) has occurred while \output is active []

 [43])
[44] [45


] [46]
Underfull \hbox (badness 10000) in paragraph at lines 128--130

 []

[47]
\openout2 = `appch2rhctdks-sec.aux'.

 (./appch2rhctdks-sec.tex [48


]
Chapter 2.

Package hyperref Warning: Difference (2) between bookmark levels is greater 
(hyperref)                than one, level fixed on input line 8.

File: 37页替换图片.jpg Graphic file (type bmp)
<37页替换图片.jpg>
File: 0A_Agile_stories_p3.jpg Graphic file (type bmp)
<0A_Agile_stories_p3.jpg>

Underfull \vbox (badness 2351) has occurred while \output is active []

 [49]
Underfull \hbox (badness 10000) in paragraph at lines 66--74

 []


Underfull \hbox (badness 10000) in paragraph at lines 90--106

 []

[50]
File: 0A_Agile_stories_p51.jpg Graphic file (type bmp)
<0A_Agile_stories_p51.jpg>

Underfull \vbox (badness 10000) has occurred while \output is active []

 [51]
Underfull \hbox (badness 10000) in paragraph at lines 118--121

 []


Underfull \hbox (badness 10000) in paragraph at lines 125--126

 []

[52]
Underfull \hbox (badness 10000) in paragraph at lines 195--196

 []

[53]
Underfull \hbox (badness 10000) in paragraph at lines 218--219

 []

[54]
Underfull \hbox (badness 10000) in paragraph at lines 247--249

 []

File: IPM.jpg Graphic file (type bmp)
<IPM.jpg>

Underfull \hbox (badness 10000) in paragraph at lines 254--258

 []

File: 微信截图_20231025084623.png Graphic file (type bmp)
<微信截图_20231025084623.png>

Underfull \vbox (badness 10000) has occurred while \output is active []

 [55]
Underfull \hbox (badness 10000) in paragraph at lines 306--307

 []

[56]
File: P335_4_room_apartment1.jpg Graphic file (type bmp)
<P335_4_room_apartment1.jpg>

Underfull \vbox (badness 10000) has occurred while \output is active []

 [57]
Underfull \hbox (badness 10000) in paragraph at lines 371--373

 []

) [58]
\openout2 = `appch3kftyz-sec.aux'.

 (./appch3kftyz-sec.tex
Chapter 3.

Underfull \hbox (badness 10000) in paragraph at lines 4--6

 []


Underfull \hbox (badness 10000) in paragraph at lines 13--16

 []

File: Screenshotfrom2023-10-1523-05-0011.jpg Graphic file (type bmp)
<Screenshotfrom2023-10-1523-05-0011.jpg>

Underfull \vbox (badness 10000) has occurred while \output is active []

 [59



]
Underfull \hbox (badness 10000) in paragraph at lines 21--22

 []

File: 52页替换图片.jpg Graphic file (type bmp)
<52页替换图片.jpg>
[60]
Underfull \vbox (badness 10000) has occurred while \output is active []

 [61]
[62]
Underfull \hbox (badness 10000) in paragraph at lines 174--175

 []


Underfull \hbox (badness 10000) in paragraph at lines 182--183

 []


Package hyperref Warning: Difference (2) between bookmark levels is greater 
(hyperref)                than one, level fixed on input line 192.

[63] [64]
Underfull \hbox (badness 10000) in paragraph at lines 278--279

 []

) [65] [66


] [67] [68]
Underfull \hbox (badness 10000) in paragraph at lines 135--136

 []

[69]
\openout2 = `appch4sdgs-sec.aux'.

 (./appch4sdgs-sec.tex [70


]
Chapter 4.

Package hyperref Warning: Difference (2) between bookmark levels is greater 
(hyperref)                than one, level fixed on input line 4.


Underfull \hbox (badness 10000) in paragraph at lines 29--35

 []

[71]
File: Screenshotfrom2023-11-1221-23-06.png Graphic file (type bmp)
<Screenshotfrom2023-11-1221-23-06.png>

Underfull \hbox (badness 10000) in paragraph at lines 40--43

 []

File: 63页替换图片.png Graphic file (type bmp)
<63页替换图片.png>

Underfull \hbox (badness 10000) in paragraph at lines 46--60

 []

[72]
File: 64页替换图片.png Graphic file (type bmp)
<64页替换图片.png>

Underfull \hbox (badness 10000) in paragraph at lines 83--84

 []

[73]
File: 67页替换图片.png Graphic file (type bmp)
<67页替换图片.png>
File: 10stepsPertScreenshot_2022-10-24_205007.jpg Graphic file (type bmp)
<10stepsPertScreenshot_2022-10-24_205007.jpg>

Underfull \vbox (badness 10000) has occurred while \output is active []

 [74]
File: 微信图片_20240117093606.jpg Graphic file (type bmp)
<微信图片_20240117093606.jpg>

Underfull \hbox (badness 10000) in paragraph at lines 183--184

 []

[75]
Underfull \hbox (badness 10000) in paragraph at lines 197--200

 []

File: 4_三点估算问与答1.jpg Graphic file (type bmp)
<4_三点估算问与答1.jpg>
File: 4_fig2a_2024-01-15_211344.jpg Graphic file (type bmp)
<4_fig2a_2024-01-15_211344.jpg>

Underfull \hbox (badness 10000) in paragraph at lines 209--210

 []

File: 4_三点估算问与答2.jpg Graphic file (type bmp)
<4_三点估算问与答2.jpg>

Underfull \vbox (badness 10000) has occurred while \output is active []

 [76])
[77]
\openout2 = `appch5lhgl-sec.aux'.

 (./appch5lhgl-sec.tex [78



]
Chapter 5.

Package hyperref Warning: Difference (2) between bookmark levels is greater 
(hyperref)                than one, level fixed on input line 22.

[79]
File: 74页替换图片.jpg Graphic file (type bmp)
<74页替换图片.jpg>

Underfull \vbox (badness 3291) has occurred while \output is active []

 [80]
Underfull \hbox (badness 10000) in paragraph at lines 59--62

 []


Underfull \hbox (badness 10000) in paragraph at lines 93--95

 []


Underfull \hbox (badness 10000) in paragraph at lines 95--97

 []


Underfull \hbox (badness 10000) in paragraph at lines 97--99

 []


Underfull \hbox (badness 10000) in paragraph at lines 99--101

 []


Underfull \hbox (badness 10000) in paragraph at lines 101--102

 []

[81]
Underfull \vbox (badness 10000) has occurred while \output is active []

 [82]
Overfull \vbox (39.56409pt too high) has occurred while \output is active []


[83]
Underfull \hbox (badness 10000) in paragraph at lines 206--207

 []


Underfull \hbox (badness 3646) in paragraph at lines 226--227
[]\TU/lmr/m/n/10 EXCEL \TU/SimSun(0)/bx/n/10 公 式 为\TU/lmr/m/n/10 : SUM(\TU/SimS
un(0)/bx/n/10 所 有 \TU/lmr/m/n/10 Expected \TU/SimSun(0)/bx/n/10 范 围\TU/lmr/m/n/
10 )+2× \TU/SimSun(0)/bx/n/10 总 方 差 \TU/lmr/m/n/10 =
 []

File: PSPcalculate3wks95rangeScreenshot_2022-11-26_105325.png Graphic file (typ
e bmp)
<PSPcalculate3wks95rangeScreenshot_2022-11-26_105325.png>
[84]
File: Psp手工时间表121.jpg Graphic file (type bmp)
<Psp手工时间表121.jpg>
 [85] [86]
File: psp3.jpg Graphic file (type bmp)
<psp3.jpg>

Underfull \vbox (badness 10000) has occurred while \output is active []

 [87]
Underfull \vbox (badness 1881) has occurred while \output is active []

 [88]
File: psp11.jpg Graphic file (type bmp)
<psp11.jpg>
File: PSP3wksPlanScreenshot_2022-11-26_085813.jpg Graphic file (type bmp)
<PSP3wksPlanScreenshot_2022-11-26_085813.jpg>
File: PSPend2ndWkEvScreenshot_2022-11-26_091326.jpg Graphic file (type bmp)
<PSPend2ndWkEvScreenshot_2022-11-26_091326.jpg>

[89]
Underfull \hbox (badness 10000) in paragraph at lines 357--358

 []


Underfull \hbox (badness 10000) in paragraph at lines 362--364

 []

) [90]
\openout2 = `appch6gsrjgm-sec.aux'.

 (./appch6gsrjgm-sec.tex
Chapter 6.

Package hyperref Warning: Difference (2) between bookmark levels is greater 
(hyperref)                than one, level fixed on input line 4.


Underfull \vbox (badness 10000) has occurred while \output is active []

 [91



]
[92]
File: sifp_p50图.jpg Graphic file (type bmp)
<sifp_p50图.jpg>
 [93]
Underfull \vbox (badness 10000) has occurred while \output is active []

 [94]
[95]
File: 功能点计数过程.jpg Graphic file (type bmp)
<功能点计数过程.jpg>

Underfull \hbox (badness 10000) in paragraph at lines 378--380

 []

File: 功能点计数P62-2.jpg Graphic file (type bmp)
<功能点计数P62-2.jpg>
[96] [97]
Underfull \hbox (badness 10000) in paragraph at lines 466--469

 []


Underfull \hbox (badness 10000) in paragraph at lines 469--472

 []


Underfull \hbox (badness 10000) in paragraph at lines 472--475

 []


Underfull \hbox (badness 10000) in paragraph at lines 475--477

 []


Underfull \hbox (badness 10000) in paragraph at lines 480--481

 []

[98]
Overfull \hbox (587.55469pt too wide) in paragraph at lines 505--528
[][] 
 []

[99]
File: Screenshotfrom2023-11-1302-05-21.png Graphic file (type bmp)
<Screenshotfrom2023-11-1302-05-21.png>
 [100] [101] [102]
File: Ex1SoluScreenshot_2022-04-05_115926-1.jpg Graphic file (type bmp)
<Ex1SoluScreenshot_2022-04-05_115926-1.jpg>
File: 微信截图_20220412130822.jpg Graphic file (type bmp)
<微信截图_20220412130822.jpg>

Underfull \vbox (badness 10000) has occurred while \output is active []

 [103]
[104] [105]
File: Ex2XlsScreenshot_2022-04-05_143941.jpg Graphic file (type bmp)
<Ex2XlsScreenshot_2022-04-05_143941.jpg>

Underfull \vbox (badness 10000) has occurred while \output is active []

 [106]
File: Ex2XlsPt2of2Screenshot_2022-04-05_143941.jpg Graphic file (type bmp)
<Ex2XlsPt2of2Screenshot_2022-04-05_143941.jpg>

Underfull \vbox (badness 10000) has occurred while \output is active []

 [107]
[108]
File: 115页替换图片.jpg Graphic file (type bmp)
<115页替换图片.jpg>
File: FPA_S11.jpg Graphic file (type bmp)
<FPA_S11.jpg>

Underfull \hbox (badness 10000) in paragraph at lines 983--985

 []

) [109]
\openout2 = `appch7gsgzl-sec.aux'.

 (./appch7gsgzl-sec.tex [110



]
Chapter 7.
File: 估算专家.png Graphic file (type bmp)
<估算专家.png>

Underfull \hbox (badness 10000) in paragraph at lines 13--15

 []


Package hyperref Warning: Difference (2) between bookmark levels is greater 
(hyperref)                than one, level fixed on input line 17.


Underfull \hbox (badness 10000) in paragraph at lines 19--23

 []


Underfull \vbox (badness 7667) has occurred while \output is active []

 [111]
File: 估算3-1.jpg Graphic file (type bmp)
<估算3-1.jpg>
File: ABC模型.jpg Graphic file (type bmp)
<ABC模型.jpg>

Underfull \hbox (badness 10000) in paragraph at lines 33--35

 []


Overfull \hbox (560.22958pt too wide) in paragraph at lines 57--57
[][]  
 []


Underfull \vbox (badness 10000) has occurred while \output is active []

 [112]
Underfull \hbox (badness 10000) in paragraph at lines 59--60

 []


Underfull \hbox (badness 10000) in paragraph at lines 64--70

 []

[113]
File: Google_Agile_stories_V12esFinal(engCh)v12-1.jpg Graphic file (type bmp)
<Google_Agile_stories_V12esFinal(engCh)v12-1.jpg>

Underfull \vbox (badness 10000) has occurred while \output is active []

 [114]
[115]
File: 微信图片_20230105131327.jpg Graphic file (type bmp)
<微信图片_20230105131327.jpg>

Underfull \hbox (badness 10000) in paragraph at lines 149--150

 []


Underfull \hbox (badness 10000) in paragraph at lines 174--178

 []

[116]
File: 敏捷非敏捷1.jpg Graphic file (type bmp)
<敏捷非敏捷1.jpg>

Underfull \vbox (badness 3838) has occurred while \output is active []

 [117]
File: Lego1.jpg Graphic file (type bmp)
<Lego1.jpg>
File: Lego_2.png Graphic file (type bmp)
<Lego_2.png>

Underfull \vbox (badness 10000) has occurred while \output is active []

 [118]
File: Lego3.jpg Graphic file (type bmp)
<Lego3.jpg>

Underfull \vbox (badness 10000) has occurred while \output is active []

 [119]
[120]
Underfull \vbox (badness 10000) has occurred while \output is active []

 [121]
Overfull \hbox (165.14001pt too wide) in paragraph at lines 407--428
[][] 
 []


Underfull \hbox (badness 10000) in paragraph at lines 436--439

 []

) [122] [123


] [124]
Underfull \hbox (badness 10000) in paragraph at lines 152--153

 []

[125]
\openout2 = `appch8hqgczc-sec.aux'.

 (./appch8hqgczc-sec.tex [126


]
Chapter 8.

Underfull \hbox (badness 10000) in paragraph at lines 11--13

 []


Package hyperref Warning: Difference (2) between bookmark levels is greater 
(hyperref)                than one, level fixed on input line 15.


Underfull \hbox (badness 10000) in paragraph at lines 17--25

 []

[127]
Underfull \hbox (badness 10000) in paragraph at lines 35--37

 []

File: 方案书1.jpg Graphic file (type bmp)
<方案书1.jpg>

Underfull \hbox (badness 10000) in paragraph at lines 38--39

 []


Underfull \hbox (badness 10000) in paragraph at lines 40--48

 []


Underfull \hbox (badness 10000) in paragraph at lines 53--55

 []


Underfull \vbox (badness 8113) has occurred while \output is active []

 [128]
File: 138页替换图片.png Graphic file (type bmp)
<138页替换图片.png>

Underfull \hbox (badness 10000) in paragraph at lines 56--57

 []


Underfull \hbox (badness 10000) in paragraph at lines 58--65

 []


Underfull \hbox (badness 10000) in paragraph at lines 70--71

 []

File: 三角形.jpg Graphic file (type bmp)
<三角形.jpg>
)
Underfull \vbox (badness 10000) has occurred while \output is active []

 [129]
[130]
\openout2 = `appch9xzgjjh-sec.aux'.

 (./appch9xzgjjh-sec.tex
Chapter 9.

Underfull \hbox (badness 10000) in paragraph at lines 9--12

 []


Underfull \hbox (badness 10000) in paragraph at lines 16--19

 []


Underfull \hbox (badness 10000) in paragraph at lines 30--37

 []

[131



]
Underfull \hbox (badness 10000) in paragraph at lines 38--39

 []


Underfull \hbox (badness 10000) in paragraph at lines 40--41

 []


Underfull \hbox (badness 10000) in paragraph at lines 53--59

 []


Package hyperref Warning: Difference (2) between bookmark levels is greater 
(hyperref)                than one, level fixed on input line 61.


Underfull \hbox (badness 10000) in paragraph at lines 73--82

 []

[132]
Underfull \hbox (badness 10000) in paragraph at lines 87--88

 []


Underfull \hbox (badness 10000) in paragraph at lines 101--102

 []

[133]
File: 3个关键点图1.png Graphic file (type bmp)
<3个关键点图1.png>
 [134]
Underfull \hbox (badness 10000) in paragraph at lines 154--157

 []


Underfull \hbox (badness 10000) in paragraph at lines 161--167

 []

File: 000.jpg Graphic file (type bmp)
<000.jpg>

Underfull \vbox (badness 10000) has occurred while \output is active []

 [135]
Underfull \hbox (badness 10000) in paragraph at lines 170--174

 []

) [136] [137


] [138]
Underfull \hbox (badness 10000) in paragraph at lines 158--159

 []


Underfull \hbox (badness 10000) in paragraph at lines 160--161

 []


Underfull \hbox (badness 10000) in paragraph at lines 162--163

 []


Underfull \hbox (badness 10000) in paragraph at lines 164--165

 []


Underfull \hbox (badness 10000) in paragraph at lines 166--167

 []


Underfull \hbox (badness 10000) in paragraph at lines 168--169

 []


Underfull \hbox (badness 10000) in paragraph at lines 170--175

 []

[139]
\openout2 = `appch10ebyz-sec.aux'.

 (./appch10ebyz-sec.tex [140


]
Chapter 10.
File: 9_用户故事2.png Graphic file (type bmp)
<9_用户故事2.png>

Underfull \vbox (badness 4531) has occurred while \output is active []

 [141]

Package hyperref Warning: Difference (2) between bookmark levels is greater 
(hyperref)                than one, level fixed on input line 45.

File: Diagram_20.png Graphic file (type bmp)
<Diagram_20.png>

Underfull \vbox (badness 10000) has occurred while \output is active []

 [142]
Underfull \vbox (badness 10000) has occurred while \output is active []

 [143]
File: ToolsParetoScreenshot_2023-06-02_191628.jpg Graphic file (type bmp)
<ToolsParetoScreenshot_2023-06-02_191628.jpg>

Underfull \vbox (badness 10000) has occurred while \output is active []

 [144]
File: 162页替换图片.png Graphic file (type bmp)
<162页替换图片.png>
File: AR1成本占比.jpg Graphic file (type bmp)
<AR1成本占比.jpg>

[145]
File: MGR_f11.jpg Graphic file (type bmp)
<MGR_f11.jpg>
) [146]
\openout2 = `appch11tdxzfxgy-sec.aux'.

 (./appch11tdxzfxgy-sec.tex
Chapter 11.
[147



]

Package hyperref Warning: Difference (2) between bookmark levels is greater 
(hyperref)                than one, level fixed on input line 26.


Underfull \hbox (badness 10000) in paragraph at lines 30--35

 []

File: 178页替换图片.jpg Graphic file (type bmp)
<178页替换图片.jpg>

Underfull \vbox (badness 3590) has occurred while \output is active []

 [148]
Underfull \hbox (badness 10000) in paragraph at lines 55--60

 []

[149]
File: Screenshotfrom2024-07-2422-56-47.png Graphic file (type bmp)
<Screenshotfrom2024-07-2422-56-47.png>
File: Jalote_emm_71_10.png Graphic file (type bmp)
<Jalote_emm_71_10.png>
File: Ma3_10.png Graphic file (type bmp)
<Ma3_10.png>
File: 198页替换图片.jpg Graphic file (type bmp)
<198页替换图片.jpg>
 [150]
File: 1113corrDreScreenshot_2021-11-13_212509.png Graphic file (type bmp)
<1113corrDreScreenshot_2021-11-13_212509.png>
File: Jalote_emm_72-1.jpg Graphic file (type bmp)
<Jalote_emm_72-1.jpg>

Underfull \vbox (badness 10000) has occurred while \output is active []

 [151]
File: Epg-car31-1.png Graphic file (type bmp)
<Epg-car31-1.png>

[152]
File: CRairportDelayScreenshot_2023-06-02_191306.jpg Graphic file (type bmp)
<CRairportDelayScreenshot_2023-06-02_191306.jpg>
 [153]
File: 风险与机会1.png Graphic file (type bmp)
<风险与机会1.png>

Underfull \vbox (badness 3895) has occurred while \output is active []

 [154]
File: 风险与机会2_FMEA.png Graphic file (type bmp)
<风险与机会2_FMEA.png>
File: 226页替换图片.jpg Graphic file (type bmp)
<226页替换图片.jpg>

[155]
File: 风险与机会41.png Graphic file (type bmp)
<风险与机会41.png>
File: 风险与机会5_闹钟.png Graphic file (type bmp)
<风险与机会5_闹钟.png>

Underfull \vbox (badness 10000) has occurred while \output is active []

 [156])
[157]
\openout2 = `appch12ryjs-sec.aux'.

 (./appch12ryjs-sec.tex [158



]
Chapter 12.

Underfull \hbox (badness 10000) in paragraph at lines 23--24

 []

File: Asch0Screenshot_2022-07-09_161023.jpg Graphic file (type bmp)
<Asch0Screenshot_2022-07-09_161023.jpg>

Underfull \vbox (badness 3058) has occurred while \output is active []

 [159]
File: !postItMarkerScreenshot_2023-10-27_205505.jpg Graphic file (type bmp)
<!postItMarkerScreenshot_2023-10-27_205505.jpg>

Underfull \vbox (badness 10000) has occurred while \output is active []

 [160]
Underfull \hbox (badness 10000) in paragraph at lines 68--69

 []

[161]
Underfull \hbox (badness 10000) in paragraph at lines 89--90

 []


Underfull \hbox (badness 10000) in paragraph at lines 99--100

 []


Package hyperref Warning: Difference (2) between bookmark levels is greater 
(hyperref)                than one, level fixed on input line 107.


Underfull \vbox (badness 10000) has occurred while \output is active []

 [162]
File: Asch2Screenshot2.png Graphic file (type bmp)
<Asch2Screenshot2.png>

Underfull \vbox (badness 10000) has occurred while \output is active []

 [163]
File: Asch3Screenshot_2022-07-08_2013411.png Graphic file (type bmp)
<Asch3Screenshot_2022-07-08_2013411.png>

Underfull \vbox (badness 10000) has occurred while \output is active []

 [164]
File: Asch4Screenshot_2022-07-08_2015021.png Graphic file (type bmp)
<Asch4Screenshot_2022-07-08_2015021.png>

Underfull \vbox (badness 10000) has occurred while \output is active []

 [165]
[166]
File: 205页替换图片.jpg Graphic file (type bmp)
<205页替换图片.jpg>
File: 206页替换图片.jpg Graphic file (type bmp)
<206页替换图片.jpg>

Underfull \vbox (badness 10000) has occurred while \output is active []

 [167]
[168]
File: 游戏1应与否1.png Graphic file (type bmp)
<游戏1应与否1.png>
File: 1498.png Graphic file (type bmp)
<1498.png>
File: 1499.png Graphic file (type bmp)
<1499.png>
) [169] [170]
\openout2 = `appch13ctdsydcxgj-sec.aux'.

 (./appch13ctdsydcxgj-sec.tex
Chapter 13.

Package hyperref Warning: Difference (2) between bookmark levels is greater 
(hyperref)                than one, level fixed on input line 13.

[171



]
File: Screenshotfrom2024-08-1123-28-39.png Graphic file (type bmp)
<Screenshotfrom2024-08-1123-28-39.png>
 [172]
File: 微信截图_20230928135611.png Graphic file (type bmp)
<微信截图_20230928135611.png>
File: 微信截图_20230830093612.png Graphic file (type bmp)
<微信截图_20230830093612.png>
 [173]
File: CAR_辅导1-1.jpg Graphic file (type bmp)
<CAR_辅导1-1.jpg>
File: CAR_辅导4-1.jpg Graphic file (type bmp)
<CAR_辅导4-1.jpg>

Underfull \vbox (badness 10000) has occurred while \output is active []

 [174]
File: MTKL.png Graphic file (type bmp)
<MTKL.png>
File: 缺陷表41.jpg Graphic file (type bmp)
<缺陷表41.jpg>

[175] [176] [177]
Underfull \vbox (badness 10000) has occurred while \output is active []

 [178]
[179]
File: Timeline.png Graphic file (type bmp)
<Timeline.png>
 [180]
File: Color_Code_Dots.png Graphic file (type bmp)
<Color_Code_Dots.png>
File: 微信截图_20220316093044.jpg Graphic file (type bmp)
<微信截图_20220316093044.jpg>

Underfull \vbox (badness 10000) has occurred while \output is active []

 [181]
File: 2DreEstimateScreenshot_2021-12-01_2120491.jpg Graphic file (type bmp)
<2DreEstimateScreenshot_2021-12-01_2120491.jpg>

Underfull \vbox (badness 10000) has occurred while \output is active []

 [182]
File: Sjb-1-1.png Graphic file (type bmp)
<Sjb-1-1.png>
File: 4reworkByPhaseScreenshot_2021-12-01_2148381.jpg Graphic file (type bmp)
<4reworkByPhaseScreenshot_2021-12-01_2148381.jpg>

Underfull \vbox (badness 10000) has occurred while \output is active []

 [183]
File: 微信截图_20231031153355.png Graphic file (type bmp)
<微信截图_20231031153355.png>

Underfull \vbox (badness 10000) has occurred while \output is active []

 [184]
Underfull \hbox (badness 10000) in paragraph at lines 404--406

 []

[185]
Underfull \hbox (badness 10000) in paragraph at lines 413--414

 []

) [186] [187


] [188] [189]
\openout2 = `appch14csqdkf-sec.aux'.

 (./appch14csqdkf-sec.tex [190


]
Chapter 14.

Package hyperref Warning: Difference (2) between bookmark levels is greater 
(hyperref)                than one, level fixed on input line 9.

File: 树莓派.jpg Graphic file (type bmp)
<树莓派.jpg>

Underfull \vbox (badness 10000) has occurred while \output is active []

 [191]
[192] [193]
Underfull \hbox (badness 10000) in paragraph at lines 130--131

 []

[194] [195]
File: PspLogScreenshot20211006174917.png Graphic file (type bmp)
<PspLogScreenshot20211006174917.png>
 [196]) [197]
\openout2 = `appch15dmcg-sec.aux'.

 (./appch15dmcg-sec.tex [198



]
Chapter 15.

Package hyperref Warning: Difference (2) between bookmark levels is greater 
(hyperref)                than one, level fixed on input line 31.


Underfull \hbox (badness 10000) in paragraph at lines 39--45

 []

[199]
Underfull \hbox (badness 10000) in paragraph at lines 49--51

 []

File: 环形图1.jpg Graphic file (type bmp)
<环形图1.jpg>
[200]
File: mindstorm_p51.jpg Graphic file (type bmp)
<mindstorm_p51.jpg>

Underfull \vbox (badness 10000) has occurred while \output is active []

 [201]
File: mindstorm_p70.jpg Graphic file (type bmp)
<mindstorm_p70.jpg>

Underfull \vbox (badness 10000) has occurred while \output is active []

 [202]
Overfull \vbox (86.39532pt too high) has occurred while \output is active []


[203]
File: mindstorm_p71.jpg Graphic file (type bmp)
<mindstorm_p71.jpg>
File: mindstorm_p721.jpg Graphic file (type bmp)
<mindstorm_p721.jpg>
File: mindstorm_p722.jpg Graphic file (type bmp)
<mindstorm_p722.jpg>
File: mindstorm_p73.jpg Graphic file (type bmp)
<mindstorm_p73.jpg>

Underfull \vbox (badness 10000) has occurred while \output is active []

 [204]
Underfull \vbox (badness 10000) has occurred while \output is active []

 [205]
File: mindstorm_p951.jpg Graphic file (type bmp)
<mindstorm_p951.jpg>
File: mindstorm_p952.jpg Graphic file (type bmp)
<mindstorm_p952.jpg>

Underfull \vbox (badness 1383) has occurred while \output is active []

 [206]
File: mindstorm_p96.jpg Graphic file (type bmp)
<mindstorm_p96.jpg>
File: mindstorm_p97.jpg Graphic file (type bmp)
<mindstorm_p97.jpg>

Underfull \vbox (badness 10000) has occurred while \output is active []

 [207]
Underfull \hbox (badness 10000) in paragraph at lines 135--137

 []


Underfull \hbox (badness 10000) in paragraph at lines 137--139

 []


Underfull \hbox (badness 10000) in paragraph at lines 139--140

 []

) [208]
\openout2 = `appch16cxjc-sec.aux'.

 (./appch16cxjc-sec.tex
Chapter 16.

Package hyperref Warning: Difference (2) between bookmark levels is greater 
(hyperref)                than one, level fixed on input line 6.

[209



] [210]
File: !DeployPipelineScreenshot_2022-05-20_210104.jpg Graphic file (type bmp)
<!DeployPipelineScreenshot_2022-05-20_210104.jpg>
 [211]
Underfull \hbox (badness 10000) in paragraph at lines 136--137

 []

[212] [213]
Underfull \hbox (badness 10000) in paragraph at lines 258--260

 []


Overfull \hbox (13.59204pt too wide) in paragraph at lines 264--267
\TU/lmr/m/n/10 2. Shore, James. ”Continuous integration on a dollar a day” (www
.jamesshore.com) 
 []


Underfull \hbox (badness 10000) in paragraph at lines 264--267

 []

[214]) [215]
\openout2 = `appch17jdbcythps-sec.aux'.

 (./appch17jdbcythps-sec.tex [216



]
Chapter 17.

Underfull \hbox (badness 10000) in paragraph at lines 23--44

 []

[217]

Package hyperref Warning: Difference (2) between bookmark levels is greater 
(hyperref)                than one, level fixed on input line 46.


Underfull \hbox (badness 10000) in paragraph at lines 60--61

 []

[218]
Underfull \hbox (badness 10000) in paragraph at lines 86--88

 []


Underfull \hbox (badness 10000) in paragraph at lines 88--90

 []


Underfull \hbox (badness 10000) in paragraph at lines 90--92

 []


Underfull \hbox (badness 10000) in paragraph at lines 92--93

 []


Underfull \hbox (badness 10000) in paragraph at lines 98--100

 []

File: leip381.jpg Graphic file (type bmp)
<leip381.jpg>

Underfull \hbox (badness 10000) in paragraph at lines 103--105

 []

File: leip382.png Graphic file (type bmp)
<leip382.png>

Underfull \vbox (badness 10000) has occurred while \output is active []

 [219]
File: leip51.jpg Graphic file (type bmp)
<leip51.jpg>

Underfull \hbox (badness 10000) in paragraph at lines 118--120

 []

File: Acp3-131.png Graphic file (type bmp)
<Acp3-131.png>

Underfull \vbox (badness 10000) has occurred while \output is active []

 [220]
[221]
File: leip17.jpg Graphic file (type bmp)
<leip17.jpg>
File: leip18.jpg Graphic file (type bmp)
<leip18.jpg>
File: leip19.jpg Graphic file (type bmp)
<leip19.jpg>
) [222]
\openout2 = `appch18rjxq.aux'.

 (./appch18rjxq.tex
Chapter 18.
[223



] [224]
Underfull \hbox (badness 10000) in paragraph at lines 41--43

 []

File: 279页替换图片.jpg Graphic file (type bmp)
<279页替换图片.jpg>

Underfull \vbox (badness 10000) has occurred while \output is active []

 [225]
File: langwall2-修改52.jpg Graphic file (type bmp)
<langwall2-修改52.jpg>

[226]
File: 长壁11.jpg Graphic file (type bmp)
<长壁11.jpg>
 [227]
Overfull \hbox (147.58002pt too wide) in paragraph at lines 111--128
[][] 
 []


Overfull \hbox (171.28001pt too wide) in paragraph at lines 134--151
[][] 
 []


Overfull \hbox (168.58002pt too wide) in paragraph at lines 157--172
[][] 
 []

)
Underfull \vbox (badness 10000) has occurred while \output is active []

 [228]
[229]
\openout2 = `appch19khcy.aux'.

 (./appch19khcy.tex [230



]
Chapter 19.

Package hyperref Warning: Difference (2) between bookmark levels is greater 
(hyperref)                than one, level fixed on input line 4.

[231]
File: 9_用户故事1.png Graphic file (type bmp)
<9_用户故事1.png>
File: 9_用户故事2.png Graphic file (type bmp)
<9_用户故事2.png>
 [232]
Underfull \hbox (badness 10000) in paragraph at lines 106--108

 []

File: 9_用户故事3.png Graphic file (type bmp)
<9_用户故事3.png>
File: CI场景图.jpg Graphic file (type bmp)
<CI场景图.jpg>
[233]
Underfull \hbox (badness 10000) in paragraph at lines 166--167

 []


Underfull \hbox (badness 10000) in paragraph at lines 168--169

 []


Underfull \vbox (badness 10000) has occurred while \output is active []

 [234]
[235]
Underfull \hbox (badness 10000) in paragraph at lines 264--265

 []

[236]
Underfull \hbox (badness 10000) in paragraph at lines 277--278

 []


Underfull \hbox (badness 10000) in paragraph at lines 279--280

 []


Underfull \hbox (badness 10000) in paragraph at lines 297--309

 []


Underfull \hbox (badness 10000) in paragraph at lines 320--321

 []

File: 296页替换图片.jpg Graphic file (type bmp)
<296页替换图片.jpg>
[237]
Overfull \hbox (140.98001pt too wide) in paragraph at lines 351--369
[][] 
 []

File: IcKanoDiagramScreenshot_2022-12-17_1208452.jpg Graphic file (type bmp)
<IcKanoDiagramScreenshot_2022-12-17_1208452.jpg>

Underfull \hbox (badness 10000) in paragraph at lines 404--408

 []

) [238]
\openout2 = `appch20tdxz.aux'.

 (./appch20tdxz.tex
Chapter 20.

Underfull \hbox (badness 10000) in paragraph at lines 7--8

 []


Package hyperref Warning: Difference (2) between bookmark levels is greater 
(hyperref)                than one, level fixed on input line 22.


Underfull \hbox (badness 10000) in paragraph at lines 24--27

 []

[239



]
File: cleanagile_f33.jpg Graphic file (type bmp)
<cleanagile_f33.jpg>
File: cleanagile_f34.jpg Graphic file (type bmp)
<cleanagile_f34.jpg>

Underfull \hbox (badness 10000) in paragraph at lines 28--30

 []


Underfull \vbox (badness 10000) has occurred while \output is active []

 [240]
Underfull \vbox (badness 1205) has occurred while \output is active []

 [241]
Underfull \hbox (badness 10000) in paragraph at lines 43--44

 []


Underfull \hbox (badness 10000) in paragraph at lines 48--52

 []

File: TC6stagesNioScreenshot_2022-10-27_192322.jpg Graphic file (type bmp)
<TC6stagesNioScreenshot_2022-10-27_192322.jpg>

Underfull \hbox (badness 10000) in paragraph at lines 57--58

 []


Underfull \vbox (badness 10000) has occurred while \output is active []

 [242]
[243]
Underfull \hbox (badness 10000) in paragraph at lines 85--86

 []


Underfull \hbox (badness 10000) in paragraph at lines 90--92

 []


Underfull \vbox (badness 10000) has occurred while \output is active []

 [244]
Underfull \vbox (badness 10000) has occurred while \output is active []

 [245]
Underfull \hbox (badness 10000) in paragraph at lines 152--153

 []

[246]
Underfull \hbox (badness 10000) in paragraph at lines 157--159

 []

) [247] [248


] [249] [250]
Underfull \hbox (badness 10000) in paragraph at lines 203--204

 []


Underfull \hbox (badness 10000) in paragraph at lines 205--206

 []


Underfull \hbox (badness 10000) in paragraph at lines 207--208

 []


Underfull \hbox (badness 10000) in paragraph at lines 209--210

 []

[251]
\openout2 = `appch21zwjdc.aux'.

 (./appch21zwjdc.tex [252


]
Chapter 21.

Package hyperref Warning: Difference (2) between bookmark levels is greater 
(hyperref)                than one, level fixed on input line 12.


Underfull \hbox (badness 10000) in paragraph at lines 14--17

 []


Underfull \hbox (badness 10000) in paragraph at lines 22--23

 []

[253]
File: 312页替换图片.jpg Graphic file (type bmp)
<312页替换图片.jpg>

Underfull \hbox (badness 10000) in paragraph at lines 53--55

 []

File: WeisbordP2191.jpg Graphic file (type bmp)
<WeisbordP2191.jpg>

Underfull \vbox (badness 10000) has occurred while \output is active []

 [254]
Underfull \hbox (badness 10000) in paragraph at lines 71--72

 []

File: tys51_101.jpg Graphic file (type bmp)
<tys51_101.jpg>
[255]
Underfull \hbox (badness 10000) in paragraph at lines 108--110

 []

) [256]
\openout2 = `appch22jxhtjfx.aux'.

 (./appch22jxhtjfx.tex
Chapter 22.

Package hyperref Warning: Difference (2) between bookmark levels is greater 
(hyperref)                than one, level fixed on input line 9.


Underfull \hbox (badness 10000) in paragraph at lines 11--17

 []


Underfull \hbox (badness 10000) in paragraph at lines 24--27

 []

File: MA_FA2_101.jpg Graphic file (type bmp)
<MA_FA2_101.jpg>

Underfull \vbox (badness 10000) has occurred while \output is active []

 [257



]
Underfull \hbox (badness 10000) in paragraph at lines 30--35

 []

File: MA_FA1_1-1.jpg Graphic file (type bmp)
<MA_FA1_1-1.jpg>

Underfull \hbox (badness 10000) in paragraph at lines 38--42

 []

[258]
Underfull \hbox (badness 10000) in paragraph at lines 85--88

 []

File: 图片61-31.jpg Graphic file (type bmp)
<图片61-31.jpg>
[259]
Underfull \hbox (badness 10000) in paragraph at lines 97--98

 []


Underfull \hbox (badness 10000) in paragraph at lines 105--108

 []

File: MA_FA4_10.png Graphic file (type bmp)
<MA_FA4_10.png>

Underfull \hbox (badness 10000) in paragraph at lines 111--113

 []

File: WW2Screenshot_2021-04-07_2220541.jpg Graphic file (type bmp)
<WW2Screenshot_2021-04-07_2220541.jpg>

Underfull \vbox (badness 4328) has occurred while \output is active []

 [260]
File: 儿童MA1.jpg Graphic file (type bmp)
<儿童MA1.jpg>

Underfull \hbox (badness 10000) in paragraph at lines 141--145

 []


Underfull \vbox (badness 10000) has occurred while \output is active []

 [261]
Underfull \hbox (badness 10000) in paragraph at lines 152--160

 []

File: Stat_f22-1_12.jpg Graphic file (type bmp)
<Stat_f22-1_12.jpg>
File: AverageSalaryScreenshot_2021-07-31_1715021.jpg Graphic file (type bmp)
<AverageSalaryScreenshot_2021-07-31_1715021.jpg>

Underfull \vbox (badness 10000) has occurred while \output is active []

 [262]
Underfull \hbox (badness 10000) in paragraph at lines 190--191

 []


Underfull \hbox (badness 10000) in paragraph at lines 196--203

 []


Underfull \hbox (badness 10000) in paragraph at lines 196--203

 []

File: 图片61-11.png Graphic file (type bmp)
<图片61-11.png>

Underfull \hbox (badness 10000) in paragraph at lines 210--213

 []

[263]
Overfull \hbox (23.29002pt too wide) in paragraph at lines 265--284
[][] 
 []


Underfull \vbox (badness 1270) has occurred while \output is active []

 [264]
Overfull \hbox (112.89pt too wide) in paragraph at lines 306--323
[][] 
 []

File: BoxWhiskerScreenshot_2021-08-02_2146031.jpg Graphic file (type bmp)
<BoxWhiskerScreenshot_2021-08-02_2146031.jpg>
[265]
Underfull \hbox (badness 10000) in paragraph at lines 380--383

 []

) [266]
\openout2 = `appch23jsjy.aux'.

 (./appch23jsjy.tex
Chapter 23.
File: CompareAB1Screenshot_2022-11-06_2119471.jpg Graphic file (type bmp)
<CompareAB1Screenshot_2022-11-06_2119471.jpg>

Underfull \hbox (badness 10000) in paragraph at lines 9--12

 []

File: CompareAB2Screenshot_2022-11-06_2120361.jpg Graphic file (type bmp)
<CompareAB2Screenshot_2022-11-06_2120361.jpg>

Package hyperref Warning: Difference (2) between bookmark levels is greater 
(hyperref)                than one, level fixed on input line 18.

[267



]
File: 1sigmaUnknownHistogram_of_strength-1.jpg Graphic file (type bmp)
<1sigmaUnknownHistogram_of_strength-1.jpg>

Underfull \hbox (badness 10000) in paragraph at lines 77--78

 []


Underfull \hbox (badness 10000) in paragraph at lines 84--88

 []

File: M4SingleMean1Screenshot_2022-09-11_201026.jpg Graphic file (type bmp)
<M4SingleMean1Screenshot_2022-09-11_201026.jpg>
[268]
File: TypeOneTwoErrorScreenshot_2022-07-23_151744-1.jpg Graphic file (type bmp)

<TypeOneTwoErrorScreenshot_2022-07-23_151744-1.jpg>
Missing character: There is no α in font [lmroman10-regular]:mapping=tex-text;!
Missing character: There is no β in font [lmroman10-regular]:mapping=tex-text;!
Missing character: There is no α in font [lmroman10-regular]:mapping=tex-text;!
Missing character: There is no β in font [lmroman10-regular]:mapping=tex-text;!
Missing character: There is no α in font [lmroman10-regular]:mapping=tex-text;!
Missing character: There is no β in font [lmroman10-regular]:mapping=tex-text;!
Missing character: There is no α in font [lmroman10-regular]:mapping=tex-text;!
Missing character: There is no α in font [lmroman10-regular]:mapping=tex-text;!
File: 2类错误.jpg Graphic file (type bmp)
<2类错误.jpg>
Missing character: There is no α in font [lmroman10-regular]:mapping=tex-text;!

Underfull \vbox (badness 6910) has occurred while \output is active []

 [269]
File: M4twoPopulationScreenshot_2022-09-11_201946.jpg Graphic file (type bmp)
<M4twoPopulationScreenshot_2022-09-11_201946.jpg>
Missing character: There is no α in font [lmroman10-regular]:mapping=tex-text;!

[270]
File: CholesterolEg2022-07-23_195121.jpg Graphic file (type bmp)
<CholesterolEg2022-07-23_195121.jpg>
File: 5anovaResultScreenshot_2022-07-24_104352.jpg Graphic file (type bmp)
<5anovaResultScreenshot_2022-07-24_104352.jpg>
File: 5anovaBoxplot_of_small_sedans_luxury-1.jpg Graphic file (type bmp)
<5anovaBoxplot_of_small_sedans_luxury-1.jpg>

Underfull \vbox (badness 10000) has occurred while \output is active []

 [271]
File: AnovaParachutes807Screenshot_2022-08-07_124737.jpg Graphic file (type bmp
)
<AnovaParachutes807Screenshot_2022-08-07_124737.jpg>
File: AnovaBoxplots807-1.jpg Graphic file (type bmp)
<AnovaBoxplots807-1.jpg>

Underfull \vbox (badness 10000) has occurred while \output is active []

 [272]
File: Anova3inOneScreenshot_2022-08-07_125131-1.jpg Graphic file (type bmp)
<Anova3inOneScreenshot_2022-08-07_125131-1.jpg>
File: 4chiSquareDataScreenshot_2022-07-24_110053.jpg Graphic file (type bmp)
<4chiSquareDataScreenshot_2022-07-24_110053.jpg>

[273]
File: 6chiSquareTstResultScreenshot_2022-07-24_103606-1.jpg Graphic file (type 
bmp)
<6chiSquareTstResultScreenshot_2022-07-24_103606-1.jpg>

Underfull \hbox (badness 10000) in paragraph at lines 401--403

 []


Package amsmath Warning: Foreign command \over;
(amsmath)                \frac or \genfrac should be used instead
(amsmath)                 on input line 423.


Underfull \hbox (badness 10000) in paragraph at lines 442--445

 []

[274]
Underfull \hbox (badness 10000) in paragraph at lines 454--455

 []


Underfull \hbox (badness 10000) in paragraph at lines 458--459

 []


Underfull \hbox (badness 10000) in paragraph at lines 469--471

 []


Underfull \hbox (badness 10000) in paragraph at lines 477--481

 []


Underfull \hbox (badness 10000) in paragraph at lines 487--488

 []


Overfull \hbox (70.13394pt too wide) in paragraph at lines 490--491
[]$[][] [] [] [] [] [] []$ 
 []


Underfull \hbox (badness 10000) in paragraph at lines 490--491

 []


Underfull \hbox (badness 10000) in paragraph at lines 491--493

 []

[275]
Underfull \hbox (badness 10000) in paragraph at lines 500--502

 []


Underfull \hbox (badness 10000) in paragraph at lines 526--527

 []


Underfull \hbox (badness 10000) in paragraph at lines 532--533

 []


Underfull \hbox (badness 10000) in paragraph at lines 590--591

 []


Overfull \hbox (83.50996pt too wide) in paragraph at lines 596--607
[][] 
 []


Underfull \hbox (badness 10000) in paragraph at lines 629--630

 []

[276]
Underfull \hbox (badness 10000) in paragraph at lines 646--647

 []


Overfull \hbox (18.53976pt too wide) detected at line 689
[] [][][][][][][][][] [] [][][][][][][][] [] [][][][][][][][][] [] [][][][][][]
[][] [] [][][][][][][][][] [] [][][][][][][][] [] [][][][][][][][] [] [][][][][
][][][]
 []

[277]
Underfull \hbox (badness 10000) in paragraph at lines 708--713

 []

) [278]
\openout2 = `appch24kzt.aux'.

 (./appch24kzt.tex
Chapter 24.

Underfull \hbox (badness 10000) in paragraph at lines 11--17

 []

File: The_key_fig1311.png Graphic file (type bmp)
<The_key_fig1311.png>
File: The_key_fig151.png Graphic file (type bmp)
<The_key_fig151.png>

Package hyperref Warning: Difference (2) between bookmark levels is greater 
(hyperref)                than one, level fixed on input line 23.


Underfull \vbox (badness 7064) has occurred while \output is active []

 [279



]
File: DistillWaterCC.jpg Graphic file (type bmp)
<DistillWaterCC.jpg>

Underfull \hbox (badness 10000) in paragraph at lines 42--48

 []

File: NormalDistPicture1.jpg Graphic file (type bmp)
<NormalDistPicture1.jpg>
[280]
Underfull \hbox (badness 10000) in paragraph at lines 57--60

 []

File: The_key_fig2811.png Graphic file (type bmp)
<The_key_fig2811.png>

Underfull \hbox (badness 10000) in paragraph at lines 63--65

 []

File: The_key_fig21111.png Graphic file (type bmp)
<The_key_fig21111.png>
File: 357替换图片.png Graphic file (type bmp)
<357替换图片.png>

Underfull \vbox (badness 10000) has occurred while \output is active []

 [281]
Underfull \hbox (badness 10000) in paragraph at lines 81--87

 []

File: P2CcScreenshot_2021-09-25_111304.png Graphic file (type bmp)
<P2CcScreenshot_2021-09-25_111304.png>
File: P10CcScreenshot_2021-09-25_104057.png Graphic file (type bmp)
<P10CcScreenshot_2021-09-25_104057.png>

Underfull \vbox (badness 10000) has occurred while \output is active []

 [282]
Underfull \hbox (badness 10000) in paragraph at lines 92--95

 []

File: M3_CC_figure1.jpg Graphic file (type bmp)
<M3_CC_figure1.jpg>
[283]
File: 控制图0.jpg Graphic file (type bmp)
<控制图0.jpg>
 [284]
Underfull \hbox (badness 10000) in paragraph at lines 257--259

 []

File: 微信截图_20210929131748.png Graphic file (type bmp)
<微信截图_20210929131748.png>

Underfull \vbox (badness 1127) has occurred while \output is active []

 [285]
File: 微信截图_20210927084548.png Graphic file (type bmp)
<微信截图_20210927084548.png>
File: 微信截图_20210927084434.png Graphic file (type bmp)
<微信截图_20210927084434.png>

[286]
Underfull \hbox (badness 10000) in paragraph at lines 291--293

 []

File: 365页替换图片.jpg Graphic file (type bmp)
<365页替换图片.jpg>

Underfull \hbox (badness 10000) in paragraph at lines 302--303

 []

File: 微信截图_20231027083326.png Graphic file (type bmp)
<微信截图_20231027083326.png>

Underfull \hbox (badness 10000) in paragraph at lines 308--310

 []

File: 366页替换图片.jpg Graphic file (type bmp)
<366页替换图片.jpg>

Underfull \vbox (badness 10000) has occurred while \output is active []

 [287]
Underfull \hbox (badness 10000) in paragraph at lines 325--326

 []

File: 微信截图_20231026155926.png Graphic file (type bmp)
<微信截图_20231026155926.png>
File: 365页替换图片.jpg Graphic file (type bmp)
<365页替换图片.jpg>

Overfull \hbox (545.05002pt too wide) in paragraph at lines 341--366
[][] 
 []


Underfull \vbox (badness 5504) has occurred while \output is active []

 [288]
Underfull \hbox (badness 10000) in paragraph at lines 368--370

 []

File: DAD_p67.jpg Graphic file (type bmp)
<DAD_p67.jpg>
) [289] [290


] [291] [292]
Underfull \hbox (badness 10000) in paragraph at lines 220--222

 []

[293]
\openout2 = `appch25cgrdgs.aux'.

 (./appch25cgrdgs.tex [294


]
Chapter 25.

Package hyperref Warning: Difference (2) between bookmark levels is greater 
(hyperref)                than one, level fixed on input line 4.

File: SlideRulerScreenshot_2023-12-06_194105.jpg Graphic file (type bmp)
<SlideRulerScreenshot_2023-12-06_194105.jpg>
[295]
Missing character: There is no ′ in font [lmroman10-regular]:mapping=tex-text;!
File: 微信截图_20230724085408.png Graphic file (type bmp)
<微信截图_20230724085408.png>
 [296]
Missing character: There is no ′ in font [lmroman10-regular]:mapping=tex-text;!
Missing character: There is no ″ in font [lmroman10-regular]:mapping=tex-text;!
Missing character: There is no ′ in font [lmroman10-regular]:mapping=tex-text;!
Missing character: There is no ″ in font [lmroman10-regular]:mapping=tex-text;!

Underfull \hbox (badness 10000) in paragraph at lines 101--103
[][]
 []


Underfull \vbox (badness 10000) has occurred while \output is active []

 [297]
[298]
File: Liuct.png Graphic file (type bmp)
<Liuct.png>
 [299] [300]
File: !ipodcutoutScreenshot_2023-12-06_201652.jpg Graphic file (type bmp)
<!ipodcutoutScreenshot_2023-12-06_201652.jpg>
File: IpodPackageScreenshot_2023-07-23_201312_labi.jpg Graphic file (type bmp)
<IpodPackageScreenshot_2023-07-23_201312_labi.jpg>
File: AppleRiseFallDrawScreenshot_2023-12-06_211749.jpg Graphic file (type bmp)

<AppleRiseFallDrawScreenshot_2023-12-06_211749.jpg>

Underfull \vbox (badness 10000) has occurred while \output is active []

 [301]
[302]
Underfull \hbox (badness 10000) in paragraph at lines 256--257

 []


Underfull \hbox (badness 10000) in paragraph at lines 258--259

 []


Underfull \hbox (badness 10000) in paragraph at lines 260--261

 []


Underfull \hbox (badness 10000) in paragraph at lines 264--265

 []


Underfull \hbox (badness 10000) in paragraph at lines 266--268

 []


Underfull \hbox (badness 10000) in paragraph at lines 269--270

 []

File: 385页替换图片.png Graphic file (type bmp)
<385页替换图片.png>

Underfull \vbox (badness 10000) has occurred while \output is active []

 [303]
Underfull \vbox (badness 10000) has occurred while \output is active []

 [304]
[305] [306]
File: mingyant.png Graphic file (type bmp)
<mingyant.png>
 [307]
File: R-C_副本.jpg Graphic file (type bmp)
<R-C_副本.jpg>
 [308] [309]
Underfull \vbox (badness 2698) has occurred while \output is active []

 [310]
Overfull \vbox (162.35565pt too high) has occurred while \output is active []


[311] [312]) [313]
\openout2 = `25Acxxbj.aux'.

 (./25Acxxbj.tex [314



]
Chapter 26.
[315]

Package hyperref Warning: Difference (2) between bookmark levels is greater 
(hyperref)                than one, level fixed on input line 38.


Underfull \hbox (badness 10000) in paragraph at lines 53--54

 []


Underfull \hbox (badness 10000) in paragraph at lines 73--74

 []

[316]
File: 25A图1.jpg Graphic file (type bmp)
<25A图1.jpg>

Underfull \vbox (badness 10000) has occurred while \output is active []

 [317])
[318]
\openout2 = `appch26gyy.aux'.

 (./appch26gyy.tex
Chapter 27.

Package hyperref Warning: Difference (2) between bookmark levels is greater 
(hyperref)                than one, level fixed on input line 13.

[319



]
File: 404页替换图片.jpg Graphic file (type bmp)
<404页替换图片.jpg>

Underfull \vbox (badness 10000) has occurred while \output is active []

 [320]
Underfull \hbox (badness 10000) in paragraph at lines 79--80

 []

[321]
File: 26章三角图.jpg Graphic file (type bmp)
<26章三角图.jpg>

Underfull \vbox (badness 3009) has occurred while \output is active []

 [322]
Underfull \vbox (badness 1454) has occurred while \output is active []

 [323]
Underfull \vbox (badness 10000) has occurred while \output is active []

 [324]
Underfull \hbox (badness 10000) in paragraph at lines 218--233

 []

[325]) [326] [327


] [328]
\openout2 = `fjAssjlb.aux'.

 (./fjAssjlb.tex
Chapter 28.
File: Esquire2Screenshot2023-10-271322091.jpg Graphic file (type bmp)
<Esquire2Screenshot2023-10-271322091.jpg>

Underfull \vbox (badness 1596) has occurred while \output is active []

 [329


]
File: club55.png Graphic file (type bmp)
<club55.png>
File: club61.jpg Graphic file (type bmp)
<club61.jpg>
File: club71.jpg Graphic file (type bmp)
<club71.jpg>
File: club72.jpg Graphic file (type bmp)
<club72.jpg>

Underfull \vbox (badness 2600) has occurred while \output is active []

 [330]
File: club81.jpg Graphic file (type bmp)
<club81.jpg>
File: club91.jpg Graphic file (type bmp)
<club91.jpg>

[331]
File: club111.png Graphic file (type bmp)
<club111.png>
File: 418页替换图片.jpg Graphic file (type bmp)
<418页替换图片.jpg>
File: club1311.jpg Graphic file (type bmp)
<club1311.jpg>
File: 419页替换图片.jpg Graphic file (type bmp)
<419页替换图片.jpg>

Underfull \vbox (badness 10000) has occurred while \output is active []

 [332]
File: 420页替换图片.jpg Graphic file (type bmp)
<420页替换图片.jpg>

[333]
File: MA_FA1_10.png Graphic file (type bmp)
<MA_FA1_10.png>
File: club201.jpg Graphic file (type bmp)
<club201.jpg>
File: club202.jpg Graphic file (type bmp)
<club202.jpg>
File: club211.jpg Graphic file (type bmp)
<club211.jpg>

Underfull \vbox (badness 1960) has occurred while \output is active []

 [334]
File: club221.jpg Graphic file (type bmp)
<club221.jpg>
)
[335]
\openout2 = `fjBfxddkh.aux'.

 (./fjBfxddkh.tex [336



]
Chapter 29.

Package hyperref Warning: Difference (2) between bookmark levels is greater 
(hyperref)                than one, level fixed on input line 4.

File: Screenshotfrom2023-10-1223-17-39.png Graphic file (type bmp)
<Screenshotfrom2023-10-1223-17-39.png>
[337]
File: Screenshotfrom2023-10-1223-18-56.png Graphic file (type bmp)
<Screenshotfrom2023-10-1223-18-56.png>
) [338]
Package atveryend Info: Empty hook `BeforeClearDocument' on input line 239.
Package atveryend Info: Empty hook `AfterLastShipout' on input line 239.
 (./appbooksec24.aux (./xgq.aux) (./xuzhang.aux) (./ganxie.aux)
(./qianyan.aux) (./appch1rhgs-sec.aux) (./appch2rhctdks-sec.aux)
(./appch3kftyz-sec.aux) (./appch4sdgs-sec.aux) (./appch5lhgl-sec.aux)
(./appch6gsrjgm-sec.aux) (./appch7gsgzl-sec.aux) (./appch8hqgczc-sec.aux)
(./appch9xzgjjh-sec.aux) (./appch10ebyz-sec.aux) (./appch11tdxzfxgy-sec.aux)
(./appch12ryjs-sec.aux) (./appch13ctdsydcxgj-sec.aux) (./appch14csqdkf-sec.aux)
(./appch15dmcg-sec.aux) (./appch16cxjc-sec.aux) (./appch17jdbcythps-sec.aux)
(./appch18rjxq.aux) (./appch19khcy.aux) (./appch20tdxz.aux) (./appch21zwjdc.aux
) (./appch22jxhtjfx.aux) (./appch23jsjy.aux) (./appch24kzt.aux)
(./appch25cgrdgs.aux) (./25Acxxbj.aux) (./appch26gyy.aux) (./fjAssjlb.aux)
(./fjBfxddkh.aux))
Package atveryend Info: Empty hook `AtVeryEndDocument' on input line 239.
Package atveryend Info: Executing hook `AtEndAfterFileList' on input line 239.
Package rerunfilecheck Info: File `appbooksec24.out' has not changed.
(rerunfilecheck)             Checksum: 683F6A1EFCF6B8DE1A23EA1A13E7C122.


LaTeX Font Warning: Some font shapes were not available, defaults substituted.


LaTeX Warning: There were multiply-defined labels.

 ) 
Here is how much of TeX's memory you used:
 30131 strings out of 494900
 620798 string characters out of 6177140
 828556 words of memory out of 5000000
 33309 multiletter control sequences out of 15000+600000
 535938 words of font info for 71 fonts, out of 8000000 for 9000
 14 hyphenation exceptions out of 8191
 57i,9n,115p,914b,446s stack positions out of 5000i,500n,10000p,200000b,80000s

Output written on appbooksec24.pdf (338 pages).
