"obs","NNet","MARS","SVMr","SVMp","RF","CUBIST"
"1",3.5,3.37849689538323,3.27445471308359,3.40862939235541,3.38343129633622,3.23185533333333,3.34478735923767
"2",2.92,3.28412040015509,3.21185444074679,3.35991341944712,3.32998276126667,3.08713266666667,3.25164890289307
"3",3.6,3.92149594519939,3.89450545728669,3.69561769946459,3.84424602150841,3.834372,4.01244163513184
"4",3.81,3.61598535728313,3.7497782159574,3.59912168651741,3.59063087881947,3.63307716666666,3.63059520721436
"5",3.34,3.41672248217862,3.26876377923479,3.37466905926076,3.41190728722053,3.30141166666666,3.40796208381653
"6",3.45,3.66815106204365,3.75964598241167,3.84522303916326,3.65108120431141,3.67907266666667,3.83606266975403
