"obs","Linear_Regression","lmTune","lmTune0","ridgeTune","Enet","PLS","PCR"
"1",3.5,3.38784558280021,3.38784558280021,3.42363223617013,3.42363223617013,3.4065098524579,3.35989752320946,3.28638332576131
"2",2.92,3.35771064709321,3.35771064709321,3.31454651607698,3.31454651607698,3.35811820351151,3.29097235319341,3.25326717708847
"3",3.6,3.90421741868928,3.90421741868928,3.91214331639558,3.91214331639558,3.90724215168176,3.96168930359665,3.90386764805287
"4",3.81,3.57673479235151,3.57673479235151,3.58907887440462,3.58907887440462,3.586657247401,3.54176800909506,3.50885576952262
"5",3.34,3.42909817287416,3.42909817287416,3.46023662365491,3.4602366236549,3.42055348860718,3.32356655856642,3.29609559487059
"6",3.45,3.63305167036526,3.63305167036526,3.61400836461104,3.61400836461104,3.6391020826078,3.52769569248675,3.49754707758508
