This is XeTeX, Version 3.14159265-2.6-0.99999 (TeX Live 2019/dev/Debian) (preloaded format=xelatex 2022.1.10)  18 APR 2025 03:23
entering extended mode
 restricted \write18 enabled.
 %&-line parsing enabled.
**appbooksec-1112 to convert it to pdf format
(./appbooksec-1112.tex
LaTeX2e <2018-12-01>
(/usr/share/texlive/texmf-dist/tex/latex/base/book.cls
Document Class: book 2018/09/03 v1.4i Standard LaTeX document class
(/usr/share/texlive/texmf-dist/tex/latex/base/bk10.clo
File: bk10.clo 2018/09/03 v1.4i Standard LaTeX file (size option)
)
\c@part=\count80
\c@chapter=\count81
\c@section=\count82
\c@subsection=\count83
\c@subsubsection=\count84
\c@paragraph=\count85
\c@subparagraph=\count86
\c@figure=\count87
\c@table=\count88
\abovecaptionskip=\skip41
\belowcaptionskip=\skip42
\bibindent=\dimen102
)
(/usr/share/texlive/texmf-dist/tex/latex/graphics/graphicx.sty
Package: graphicx 2017/06/01 v1.1a Enhanced LaTeX Graphics (DPC,SPQR)

(/usr/share/texlive/texmf-dist/tex/latex/graphics/keyval.sty
Package: keyval 2014/10/28 v1.15 key=value parser (DPC)
\KV@toks@=\toks14
)
(/usr/share/texlive/texmf-dist/tex/latex/graphics/graphics.sty
Package: graphics 2017/06/25 v1.2c Standard LaTeX Graphics (DPC,SPQR)

(/usr/share/texlive/texmf-dist/tex/latex/graphics/trig.sty
Package: trig 2016/01/03 v1.10 sin cos tan (DPC)
)
(/usr/share/texlive/texmf-dist/tex/latex/graphics-cfg/graphics.cfg
File: graphics.cfg 2016/06/04 v1.11 sample graphics configuration
)
Package graphics Info: Driver file: xetex.def on input line 99.

(/usr/share/texlive/texmf-dist/tex/latex/graphics-def/xetex.def
File: xetex.def 2017/06/24 v5.0h Graphics/color driver for xetex
))
\Gin@req@height=\dimen103
\Gin@req@width=\dimen104
)
(/usr/share/texlive/texmf-dist/tex/xelatex/xecjk/xeCJK.sty
(/usr/share/texlive/texmf-dist/tex/latex/l3kernel/expl3.sty
Package: expl3 2019-02-15 L3 programming layer (loader) 

(/usr/share/texlive/texmf-dist/tex/latex/l3kernel/expl3-code.tex
Package: expl3 2019-02-15 L3 programming layer (code)
\c_max_int=\count89
\l_tmpa_int=\count90
\l_tmpb_int=\count91
\g_tmpa_int=\count92
\g_tmpb_int=\count93
\g__kernel_prg_map_int=\count94
\c_log_iow=\count95
\l_iow_line_count_int=\count96
\l__iow_line_target_int=\count97
\l__iow_one_indent_int=\count98
\l__iow_indent_int=\count99
\c_zero_dim=\dimen105
\c_max_dim=\dimen106
\l_tmpa_dim=\dimen107
\l_tmpb_dim=\dimen108
\g_tmpa_dim=\dimen109
\g_tmpb_dim=\dimen110
\c_zero_skip=\skip43
\c_max_skip=\skip44
\l_tmpa_skip=\skip45
\l_tmpb_skip=\skip46
\g_tmpa_skip=\skip47
\g_tmpb_skip=\skip48
\c_zero_muskip=\muskip10
\c_max_muskip=\muskip11
\l_tmpa_muskip=\muskip12
\l_tmpb_muskip=\muskip13
\g_tmpa_muskip=\muskip14
\g_tmpb_muskip=\muskip15
\l_keys_choice_int=\count100
\l__intarray_loop_int=\count101
\c__intarray_sp_dim=\dimen111
\g__intarray_font_int=\count102
\c__fp_leading_shift_int=\count103
\c__fp_middle_shift_int=\count104
\c__fp_trailing_shift_int=\count105
\c__fp_big_leading_shift_int=\count106
\c__fp_big_middle_shift_int=\count107
\c__fp_big_trailing_shift_int=\count108
\c__fp_Bigg_leading_shift_int=\count109
\c__fp_Bigg_middle_shift_int=\count110
\c__fp_Bigg_trailing_shift_int=\count111
\g__fp_array_int=\count112
\l__fp_array_loop_int=\count113
\l__sort_length_int=\count114
\l__sort_min_int=\count115
\l__sort_top_int=\count116
\l__sort_max_int=\count117
\l__sort_true_max_int=\count118
\l__sort_block_int=\count119
\l__sort_begin_int=\count120
\l__sort_end_int=\count121
\l__sort_A_int=\count122
\l__sort_B_int=\count123
\l__sort_C_int=\count124
\l__tl_analysis_normal_int=\count125
\l__tl_analysis_index_int=\count126
\l__tl_analysis_nesting_int=\count127
\l__tl_analysis_type_int=\count128
\l__regex_internal_a_int=\count129
\l__regex_internal_b_int=\count130
\l__regex_internal_c_int=\count131
\l__regex_balance_int=\count132
\l__regex_group_level_int=\count133
\l__regex_mode_int=\count134
\c__regex_cs_in_class_mode_int=\count135
\c__regex_cs_mode_int=\count136
\l__regex_catcodes_int=\count137
\l__regex_default_catcodes_int=\count138
\c__regex_catcode_L_int=\count139
\c__regex_catcode_O_int=\count140
\c__regex_catcode_A_int=\count141
\c__regex_all_catcodes_int=\count142
\l__regex_show_lines_int=\count143
\l__regex_min_state_int=\count144
\l__regex_max_state_int=\count145
\l__regex_left_state_int=\count146
\l__regex_right_state_int=\count147
\l__regex_capturing_group_int=\count148
\l__regex_min_pos_int=\count149
\l__regex_max_pos_int=\count150
\l__regex_curr_pos_int=\count151
\l__regex_start_pos_int=\count152
\l__regex_success_pos_int=\count153
\l__regex_curr_char_int=\count154
\l__regex_curr_catcode_int=\count155
\l__regex_last_char_int=\count156
\l__regex_case_changed_char_int=\count157
\l__regex_curr_state_int=\count158
\l__regex_step_int=\count159
\l__regex_min_active_int=\count160
\l__regex_max_active_int=\count161
\l__regex_replacement_csnames_int=\count162
\l__regex_match_count_int=\count163
\l__regex_min_submatch_int=\count164
\l__regex_submatch_int=\count165
\l__regex_zeroth_submatch_int=\count166
\g__regex_trace_regex_int=\count167
\c_empty_box=\box27
\l_tmpa_box=\box28
\l_tmpb_box=\box29
\g_tmpa_box=\box30
\g_tmpb_box=\box31
\l__box_top_dim=\dimen112
\l__box_bottom_dim=\dimen113
\l__box_left_dim=\dimen114
\l__box_right_dim=\dimen115
\l__box_top_new_dim=\dimen116
\l__box_bottom_new_dim=\dimen117
\l__box_left_new_dim=\dimen118
\l__box_right_new_dim=\dimen119
\l__box_internal_box=\box32
\l__coffin_internal_box=\box33
\l__coffin_internal_dim=\dimen120
\l__coffin_offset_x_dim=\dimen121
\l__coffin_offset_y_dim=\dimen122
\l__coffin_x_dim=\dimen123
\l__coffin_y_dim=\dimen124
\l__coffin_x_prime_dim=\dimen125
\l__coffin_y_prime_dim=\dimen126
\c_empty_coffin=\box34
\l__coffin_aligned_coffin=\box35
\l__coffin_aligned_internal_coffin=\box36
\l_tmpa_coffin=\box37
\l_tmpb_coffin=\box38
\g_tmpa_coffin=\box39
\g_tmpb_coffin=\box40
\c__coffin_empty_coffin=\box41
\l__coffin_display_coffin=\box42
\l__coffin_display_coord_coffin=\box43
\l__coffin_display_pole_coffin=\box44
\l__coffin_display_offset_dim=\dimen127
\l__coffin_display_x_dim=\dimen128
\l__coffin_display_y_dim=\dimen129
\g__file_internal_ior=\read1
\l__coffin_bounding_shift_dim=\dimen130
\l__coffin_left_corner_dim=\dimen131
\l__coffin_right_corner_dim=\dimen132
\l__coffin_bottom_corner_dim=\dimen133
\l__coffin_top_corner_dim=\dimen134
\l__coffin_scaled_total_height_dim=\dimen135
\l__coffin_scaled_width_dim=\dimen136
\l__seq_internal_a_int=\count168
\l__seq_internal_b_int=\count169
)
(/usr/share/texlive/texmf-dist/tex/latex/l3kernel/l3xdvipdfmx.def
File: l3xdvipdfmx.def 2019-02-15 v L3 Experimental driver: xdvipdfmx
\g__driver_image_int=\count170
\g__driver_pdf_object_int=\count171
))
Package: xeCJK 2018/04/30 v3.7.1 Typesetting CJK scripts with XeLaTeX

(/usr/share/texlive/texmf-dist/tex/latex/l3packages/xtemplate/xtemplate.sty
Package: xtemplate 2018-10-17 L3 Experimental prototype document functions
\l__xtemplate_tmp_dim=\dimen137
\l__xtemplate_tmp_int=\count172
\l__xtemplate_tmp_muskip=\muskip16
\l__xtemplate_tmp_skip=\skip49
)
(/usr/share/texlive/texmf-dist/tex/latex/l3packages/xparse/xparse.sty
Package: xparse 2018-10-17 L3 Experimental document command parser
\l__xparse_current_arg_int=\count173
\g__xparse_grabber_int=\count174
\l__xparse_m_args_int=\count175
\l__xparse_mandatory_args_int=\count176
\l__xparse_v_nesting_int=\count177
)
(/usr/share/texlive/texmf-dist/tex/latex/l3packages/l3keys2e/l3keys2e.sty
Package: l3keys2e 2018-10-17 LaTeX2e option processing using LaTeX3 keys
)
\l__xeCJK_tmp_int=\count178
\l__xeCJK_tmp_box=\box45
\l__xeCJK_tmp_dim=\dimen138
\l__xeCJK_tmp_skip=\skip50
\g__xeCJK_space_factor_int=\count179
\l__xeCJK_begin_int=\count180
\l__xeCJK_end_int=\count181
\c__xeCJK_CJK_class_int=\XeTeXcharclass1
\c__xeCJK_FullLeft_class_int=\XeTeXcharclass2
\c__xeCJK_FullRight_class_int=\XeTeXcharclass3
\c__xeCJK_HalfLeft_class_int=\XeTeXcharclass4
\c__xeCJK_HalfRight_class_int=\XeTeXcharclass5
\c__xeCJK_NormalSpace_class_int=\XeTeXcharclass6
\c__xeCJK_CM_class_int=\XeTeXcharclass7
\c__xeCJK_HangulJamo_class_int=\XeTeXcharclass8
\l__xeCJK_last_skip=\skip51
\g__xeCJK_node_int=\count182
\c__xeCJK_CJK_node_dim=\dimen139
\c__xeCJK_CJK-space_node_dim=\dimen140
\c__xeCJK_default_node_dim=\dimen141
\c__xeCJK_default-space_node_dim=\dimen142
\c__xeCJK_CJK-widow_node_dim=\dimen143
\c__xeCJK_normalspace_node_dim=\dimen144
\l__xeCJK_ccglue_skip=\skip52
\l__xeCJK_ecglue_skip=\skip53
\l__xeCJK_punct_kern_skip=\skip54
\l__xeCJK_last_penalty_int=\count183
\l__xeCJK_last_bound_dim=\dimen145
\l__xeCJK_last_kern_dim=\dimen146
\l__xeCJK_widow_penalty_int=\count184

Package xtemplate Info: Declaring object type 'xeCJK/punctuation' taking 0
(xtemplate)             argument(s) on line 2362.

\l__xeCJK_fixed_punct_width_dim=\dimen147
\l__xeCJK_mixed_punct_width_dim=\dimen148
\l__xeCJK_middle_punct_width_dim=\dimen149
\l__xeCJK_fixed_margin_width_dim=\dimen150
\l__xeCJK_mixed_margin_width_dim=\dimen151
\l__xeCJK_middle_margin_width_dim=\dimen152
\l__xeCJK_bound_punct_width_dim=\dimen153
\l__xeCJK_bound_margin_width_dim=\dimen154
\l__xeCJK_margin_minimum_dim=\dimen155
\l__xeCJK_kerning_total_width_dim=\dimen156
\l__xeCJK_same_align_margin_dim=\dimen157
\l__xeCJK_different_align_margin_dim=\dimen158
\l__xeCJK_kerning_margin_width_dim=\dimen159
\l__xeCJK_kerning_margin_minimum_dim=\dimen160
\l__xeCJK_bound_dim=\dimen161
\l__xeCJK_reverse_bound_dim=\dimen162
\l__xeCJK_minimum_bound_dim=\dimen163
\l__xeCJK_kerning_margin_dim=\dimen164
\l__xeCJK_original_margin_dim=\dimen165
\g__xeCJK_family_int=\count185
\l__xeCJK_fam_int=\count186
\g__xeCJK_fam_allocation_int=\count187
\l__xeCJK_verb_case_int=\count188
\l__xeCJK_verb_exspace_skip=\skip55

(/usr/share/texlive/texmf-dist/tex/latex/fontspec/fontspec.sty
Package: fontspec 2019/02/12 v2.7b Font selection for XeLaTeX and LuaLaTeX

(/usr/share/texlive/texmf-dist/tex/latex/fontspec/fontspec-xetex.sty
Package: fontspec-xetex 2019/02/12 v2.7b Font selection for XeLaTeX and LuaLaTe
X
\l__fontspec_script_int=\count189
\l__fontspec_language_int=\count190
\l__fontspec_strnum_int=\count191
\l__fontspec_tmp_int=\count192
\l__fontspec_tmpa_int=\count193
\l__fontspec_tmpb_int=\count194
\l__fontspec_tmpc_int=\count195
\l__fontspec_em_int=\count196
\l__fontspec_emdef_int=\count197
\l__fontspec_strong_int=\count198
\l__fontspec_strongdef_int=\count199
\l__fontspec_tmpa_dim=\dimen166
\l__fontspec_tmpb_dim=\dimen167
\l__fontspec_tmpc_dim=\dimen168

(/usr/share/texlive/texmf-dist/tex/latex/base/fontenc.sty
Package: fontenc 2018/08/11 v2.0j Standard LaTeX package

(/usr/share/texlive/texmf-dist/tex/latex/base/tuenc.def
File: tuenc.def 2018/08/11 v2.0j Standard LaTeX file
LaTeX Font Info:    Redeclaring font encoding TU on input line 82.
))
(/usr/share/texlive/texmf-dist/tex/latex/fontspec/fontspec.cfg)
LaTeX Info: Redefining \itshape on input line 4044.
LaTeX Info: Redefining \slshape on input line 4049.
LaTeX Info: Redefining \scshape on input line 4054.
LaTeX Info: Redefining \upshape on input line 4059.
LaTeX Info: Redefining \em on input line 4089.
LaTeX Info: Redefining \emph on input line 4114.
))
(/usr/share/texlive/texmf-dist/tex/xelatex/xecjk/xeCJK.cfg
File: xeCJK.cfg 2018/04/30 v3.7.1 Configuration file for xeCJK package
))

Package fontspec Info: Could not resolve font "SimSun/BI" (it probably doesn't
(fontspec)             exist).


Package fontspec Info: Could not resolve font "SimSun/B" (it probably doesn't
(fontspec)             exist).


Package fontspec Info: Could not resolve font "SimSun/I" (it probably doesn't
(fontspec)             exist).


Package fontspec Info: Font family 'SimSun(0)' created for font 'SimSun' with
(fontspec)             options [Script={CJK}].
(fontspec)              
(fontspec)              This font family consists of the following NFSS
(fontspec)             series/shapes:
(fontspec)              
(fontspec)             - 'normal' (m/n) with NFSS spec.:
(fontspec)             <->"SimSun/OT:script=hani;language=DFLT;"
(fontspec)             - 'small caps'  (m/sc) with NFSS spec.: 


(/usr/share/texmf/tex/latex/lm/lmodern.sty
Package: lmodern 2009/10/30 v1.6 Latin Modern Fonts
LaTeX Font Info:    Overwriting symbol font `operators' in version `normal'
(Font)                  OT1/cmr/m/n --> OT1/lmr/m/n on input line 22.
LaTeX Font Info:    Overwriting symbol font `letters' in version `normal'
(Font)                  OML/cmm/m/it --> OML/lmm/m/it on input line 23.
LaTeX Font Info:    Overwriting symbol font `symbols' in version `normal'
(Font)                  OMS/cmsy/m/n --> OMS/lmsy/m/n on input line 24.
LaTeX Font Info:    Overwriting symbol font `largesymbols' in version `normal'
(Font)                  OMX/cmex/m/n --> OMX/lmex/m/n on input line 25.
LaTeX Font Info:    Overwriting symbol font `operators' in version `bold'
(Font)                  OT1/cmr/bx/n --> OT1/lmr/bx/n on input line 26.
LaTeX Font Info:    Overwriting symbol font `letters' in version `bold'
(Font)                  OML/cmm/b/it --> OML/lmm/b/it on input line 27.
LaTeX Font Info:    Overwriting symbol font `symbols' in version `bold'
(Font)                  OMS/cmsy/b/n --> OMS/lmsy/b/n on input line 28.
LaTeX Font Info:    Overwriting symbol font `largesymbols' in version `bold'
(Font)                  OMX/cmex/m/n --> OMX/lmex/m/n on input line 29.
LaTeX Font Info:    Overwriting math alphabet `\mathbf' in version `normal'
(Font)                  OT1/cmr/bx/n --> OT1/lmr/bx/n on input line 31.
LaTeX Font Info:    Overwriting math alphabet `\mathsf' in version `normal'
(Font)                  OT1/cmss/m/n --> OT1/lmss/m/n on input line 32.
LaTeX Font Info:    Overwriting math alphabet `\mathit' in version `normal'
(Font)                  OT1/cmr/m/it --> OT1/lmr/m/it on input line 33.
LaTeX Font Info:    Overwriting math alphabet `\mathtt' in version `normal'
(Font)                  OT1/cmtt/m/n --> OT1/lmtt/m/n on input line 34.
LaTeX Font Info:    Overwriting math alphabet `\mathbf' in version `bold'
(Font)                  OT1/cmr/bx/n --> OT1/lmr/bx/n on input line 35.
LaTeX Font Info:    Overwriting math alphabet `\mathsf' in version `bold'
(Font)                  OT1/cmss/bx/n --> OT1/lmss/bx/n on input line 36.
LaTeX Font Info:    Overwriting math alphabet `\mathit' in version `bold'
(Font)                  OT1/cmr/bx/it --> OT1/lmr/bx/it on input line 37.
LaTeX Font Info:    Overwriting math alphabet `\mathtt' in version `bold'
(Font)                  OT1/cmtt/m/n --> OT1/lmtt/m/n on input line 38.
)
(/usr/share/texlive/texmf-dist/tex/latex/amsfonts/amssymb.sty
Package: amssymb 2013/01/14 v3.01 AMS font symbols

(/usr/share/texlive/texmf-dist/tex/latex/amsfonts/amsfonts.sty
Package: amsfonts 2013/01/14 v3.01 Basic AMSFonts support
\@emptytoks=\toks15
\symAMSa=\mathgroup4
\symAMSb=\mathgroup5
LaTeX Font Info:    Overwriting math alphabet `\mathfrak' in version `bold'
(Font)                  U/euf/m/n --> U/euf/b/n on input line 106.
))
(/usr/share/texlive/texmf-dist/tex/latex/amsmath/amsmath.sty
Package: amsmath 2018/12/01 v2.17b AMS math features
\@mathmargin=\skip56

For additional information on amsmath, use the `?' option.
(/usr/share/texlive/texmf-dist/tex/latex/amsmath/amstext.sty
Package: amstext 2000/06/29 v2.01 AMS text

(/usr/share/texlive/texmf-dist/tex/latex/amsmath/amsgen.sty
File: amsgen.sty 1999/11/30 v2.0 generic functions
\@emptytoks=\toks16
\ex@=\dimen169
))
(/usr/share/texlive/texmf-dist/tex/latex/amsmath/amsbsy.sty
Package: amsbsy 1999/11/29 v1.2d Bold Symbols
\pmbraise@=\dimen170
)
(/usr/share/texlive/texmf-dist/tex/latex/amsmath/amsopn.sty
Package: amsopn 2016/03/08 v2.02 operator names
)
\inf@bad=\count266
LaTeX Info: Redefining \frac on input line 223.
\uproot@=\count267
\leftroot@=\count268
LaTeX Info: Redefining \overline on input line 385.
\classnum@=\count269
\DOTSCASE@=\count270
LaTeX Info: Redefining \ldots on input line 482.
LaTeX Info: Redefining \dots on input line 485.
LaTeX Info: Redefining \cdots on input line 606.
\Mathstrutbox@=\box46
\strutbox@=\box47
\big@size=\dimen171
LaTeX Font Info:    Redeclaring font encoding OML on input line 729.
LaTeX Font Info:    Redeclaring font encoding OMS on input line 730.
\macc@depth=\count271
\c@MaxMatrixCols=\count272
\dotsspace@=\muskip17
\c@parentequation=\count273
\dspbrk@lvl=\count274
\tag@help=\toks17
\row@=\count275
\column@=\count276
\maxfields@=\count277
\andhelp@=\toks18
\eqnshift@=\dimen172
\alignsep@=\dimen173
\tagshift@=\dimen174
\tagwidth@=\dimen175
\totwidth@=\dimen176
\lineht@=\dimen177
\@envbody=\toks19
\multlinegap=\skip57
\multlinetaggap=\skip58
\mathdisplay@stack=\toks20
LaTeX Info: Redefining \[ on input line 2844.
LaTeX Info: Redefining \] on input line 2845.
)
(/usr/share/texlive/texmf-dist/tex/generic/ifxetex/ifxetex.sty
Package: ifxetex 2010/09/12 v0.6 Provides ifxetex conditional
)
(/usr/share/texlive/texmf-dist/tex/generic/oberdiek/ifluatex.sty
Package: ifluatex 2016/05/16 v1.4 Provides the ifluatex switch (HO)
Package ifluatex Info: LuaTeX not detected.
)
(/usr/share/texlive/texmf-dist/tex/latex/base/fixltx2e.sty
Package: fixltx2e 2016/12/29 v2.1a fixes to LaTeX (obsolete)
Applying: [2015/01/01] Old fixltx2e package on input line 46.


Package fixltx2e Warning: fixltx2e is not required with releases after 2015
(fixltx2e)                All fixes are now in the LaTeX kernel.
(fixltx2e)                See the latexrelease package for details.

Already applied: [0000/00/00] Old fixltx2e package on input line 53.
) (/usr/share/texlive/texmf-dist/tex/latex/unicode-math/unicode-math.sty
Package: unicode-math 2019/02/15 v0.8n Unicode maths in XeLaTeX and LuaLaTeX

(/usr/share/texlive/texmf-dist/tex/latex/unicode-math/unicode-math-xetex.sty
Package: unicode-math-xetex 2019/02/15 v0.8n Unicode maths in XeLaTeX and LuaLa
TeX

(/usr/share/texlive/texmf-dist/tex/latex/filehook/filehook.sty
Package: filehook 2011/10/12 v0.5d Hooks for input files
)
(/usr/share/texlive/texmf-dist/tex/latex/base/fix-cm.sty
Package: fix-cm 2015/01/14 v1.1t fixes to LaTeX

(/usr/share/texlive/texmf-dist/tex/latex/base/ts1enc.def
File: ts1enc.def 2001/06/05 v3.0e (jk/car/fm) Standard LaTeX file
))
\g__um_fam_int=\count278
\g__um_fonts_used_int=\count279
\l__um_primecount_int=\count280
\g__um_primekern_muskip=\muskip18

(/usr/share/texlive/texmf-dist/tex/latex/unicode-math/unicode-math-table.tex)

Package unicode-math Info: I'm going to patch macro \subarray.


Package unicode-math Info: I'm going to patch macro \r@@t.

)) (/usr/share/texlive/texmf-dist/tex/latex/upquote/upquote.sty
Package: upquote 2012/04/19 v1.3 upright-quote and grave-accent glyphs in verba
tim

(/usr/share/texlive/texmf-dist/tex/latex/base/textcomp.sty
Package: textcomp 2018/08/11 v2.0j Standard LaTeX package
Package textcomp Info: Sub-encoding information:
(textcomp)               5 = only ISO-Adobe without \textcurrency
(textcomp)               4 = 5 + \texteuro
(textcomp)               3 = 4 + \textohm
(textcomp)               2 = 3 + \textestimated + \textcurrency
(textcomp)               1 = TS1 - \textcircled - \t
(textcomp)               0 = TS1 (full)
(textcomp)             Font families with sub-encoding setting implement
(textcomp)             only a restricted character set as indicated.
(textcomp)             Family '?' is the default used for unknown fonts.
(textcomp)             See the documentation for details.
Package textcomp Info: Setting ? sub-encoding to TS1/1 on input line 79.

(/usr/share/texlive/texmf-dist/tex/latex/base/ts1enc.def
File: ts1enc.def 2001/06/05 v3.0e (jk/car/fm) Standard LaTeX file
LaTeX Font Info:    Redeclaring font encoding TS1 on input line 47.
)
LaTeX Info: Redefining \oldstylenums on input line 334.
Package textcomp Info: Setting cmr sub-encoding to TS1/0 on input line 349.
Package textcomp Info: Setting cmss sub-encoding to TS1/0 on input line 350.
Package textcomp Info: Setting cmtt sub-encoding to TS1/0 on input line 351.
Package textcomp Info: Setting cmvtt sub-encoding to TS1/0 on input line 352.
Package textcomp Info: Setting cmbr sub-encoding to TS1/0 on input line 353.
Package textcomp Info: Setting cmtl sub-encoding to TS1/0 on input line 354.
Package textcomp Info: Setting ccr sub-encoding to TS1/0 on input line 355.
Package textcomp Info: Setting ptm sub-encoding to TS1/4 on input line 356.
Package textcomp Info: Setting pcr sub-encoding to TS1/4 on input line 357.
Package textcomp Info: Setting phv sub-encoding to TS1/4 on input line 358.
Package textcomp Info: Setting ppl sub-encoding to TS1/3 on input line 359.
Package textcomp Info: Setting pag sub-encoding to TS1/4 on input line 360.
Package textcomp Info: Setting pbk sub-encoding to TS1/4 on input line 361.
Package textcomp Info: Setting pnc sub-encoding to TS1/4 on input line 362.
Package textcomp Info: Setting pzc sub-encoding to TS1/4 on input line 363.
Package textcomp Info: Setting bch sub-encoding to TS1/4 on input line 364.
Package textcomp Info: Setting put sub-encoding to TS1/5 on input line 365.
Package textcomp Info: Setting uag sub-encoding to TS1/5 on input line 366.
Package textcomp Info: Setting ugq sub-encoding to TS1/5 on input line 367.
Package textcomp Info: Setting ul8 sub-encoding to TS1/4 on input line 368.
Package textcomp Info: Setting ul9 sub-encoding to TS1/4 on input line 369.
Package textcomp Info: Setting augie sub-encoding to TS1/5 on input line 370.
Package textcomp Info: Setting dayrom sub-encoding to TS1/3 on input line 371.
Package textcomp Info: Setting dayroms sub-encoding to TS1/3 on input line 372.

Package textcomp Info: Setting pxr sub-encoding to TS1/0 on input line 373.
Package textcomp Info: Setting pxss sub-encoding to TS1/0 on input line 374.
Package textcomp Info: Setting pxtt sub-encoding to TS1/0 on input line 375.
Package textcomp Info: Setting txr sub-encoding to TS1/0 on input line 376.
Package textcomp Info: Setting txss sub-encoding to TS1/0 on input line 377.
Package textcomp Info: Setting txtt sub-encoding to TS1/0 on input line 378.
Package textcomp Info: Setting lmr sub-encoding to TS1/0 on input line 379.
Package textcomp Info: Setting lmdh sub-encoding to TS1/0 on input line 380.
Package textcomp Info: Setting lmss sub-encoding to TS1/0 on input line 381.
Package textcomp Info: Setting lmssq sub-encoding to TS1/0 on input line 382.
Package textcomp Info: Setting lmvtt sub-encoding to TS1/0 on input line 383.
Package textcomp Info: Setting lmtt sub-encoding to TS1/0 on input line 384.
Package textcomp Info: Setting qhv sub-encoding to TS1/0 on input line 385.
Package textcomp Info: Setting qag sub-encoding to TS1/0 on input line 386.
Package textcomp Info: Setting qbk sub-encoding to TS1/0 on input line 387.
Package textcomp Info: Setting qcr sub-encoding to TS1/0 on input line 388.
Package textcomp Info: Setting qcs sub-encoding to TS1/0 on input line 389.
Package textcomp Info: Setting qpl sub-encoding to TS1/0 on input line 390.
Package textcomp Info: Setting qtm sub-encoding to TS1/0 on input line 391.
Package textcomp Info: Setting qzc sub-encoding to TS1/0 on input line 392.
Package textcomp Info: Setting qhvc sub-encoding to TS1/0 on input line 393.
Package textcomp Info: Setting futs sub-encoding to TS1/4 on input line 394.
Package textcomp Info: Setting futx sub-encoding to TS1/4 on input line 395.
Package textcomp Info: Setting futj sub-encoding to TS1/4 on input line 396.
Package textcomp Info: Setting hlh sub-encoding to TS1/3 on input line 397.
Package textcomp Info: Setting hls sub-encoding to TS1/3 on input line 398.
Package textcomp Info: Setting hlst sub-encoding to TS1/3 on input line 399.
Package textcomp Info: Setting hlct sub-encoding to TS1/5 on input line 400.
Package textcomp Info: Setting hlx sub-encoding to TS1/5 on input line 401.
Package textcomp Info: Setting hlce sub-encoding to TS1/5 on input line 402.
Package textcomp Info: Setting hlcn sub-encoding to TS1/5 on input line 403.
Package textcomp Info: Setting hlcw sub-encoding to TS1/5 on input line 404.
Package textcomp Info: Setting hlcf sub-encoding to TS1/5 on input line 405.
Package textcomp Info: Setting pplx sub-encoding to TS1/3 on input line 406.
Package textcomp Info: Setting pplj sub-encoding to TS1/3 on input line 407.
Package textcomp Info: Setting ptmx sub-encoding to TS1/4 on input line 408.
Package textcomp Info: Setting ptmj sub-encoding to TS1/4 on input line 409.
))
(/usr/share/texlive/texmf-dist/tex/latex/microtype/microtype.sty
Package: microtype 2019/02/28 v2.7b Micro-typographical refinements (RS)
\MT@toks=\toks21
\MT@count=\count281
LaTeX Info: Redefining \textls on input line 790.
\MT@outer@kern=\dimen178
LaTeX Info: Redefining \textmicrotypecontext on input line 1336.
\MT@listname@count=\count282

(/usr/share/texlive/texmf-dist/tex/latex/microtype/microtype-xetex.def
File: microtype-xetex.def 2019/02/28 v2.7b Definitions specific to xetex (RS)
LaTeX Info: Redefining \lsstyle on input line 258.
)
Package microtype Info: Loading configuration file microtype.cfg.

(/usr/share/texlive/texmf-dist/tex/latex/microtype/microtype.cfg
File: microtype.cfg 2019/02/28 v2.7b microtype main configuration file (RS)
))
(/usr/share/texlive/texmf-dist/tex/latex/parskip/parskip.sty
Package: parskip 2019-01-16 v2.0c non-zero parskip adjustments

(/usr/share/texlive/texmf-dist/tex/latex/oberdiek/kvoptions.sty
Package: kvoptions 2016/05/16 v3.12 Key value format for package options (HO)

(/usr/share/texlive/texmf-dist/tex/generic/oberdiek/ltxcmds.sty
Package: ltxcmds 2016/05/16 v1.23 LaTeX kernel commands for general use (HO)
)
(/usr/share/texlive/texmf-dist/tex/generic/oberdiek/kvsetkeys.sty
Package: kvsetkeys 2016/05/16 v1.17 Key value parser (HO)

(/usr/share/texlive/texmf-dist/tex/generic/oberdiek/infwarerr.sty
Package: infwarerr 2016/05/16 v1.4 Providing info/warning/error messages (HO)
)
(/usr/share/texlive/texmf-dist/tex/generic/oberdiek/etexcmds.sty
Package: etexcmds 2016/05/16 v1.6 Avoid name clashes with e-TeX commands (HO)
)))
(/usr/share/texlive/texmf-dist/tex/latex/etoolbox/etoolbox.sty
Package: etoolbox 2018/08/19 v2.5f e-TeX tools for LaTeX (JAW)
\etb@tempcnta=\count283
))
(/usr/share/texlive/texmf-dist/tex/latex/hyperref/hyperref.sty
Package: hyperref 2018/11/30 v6.88e Hypertext links for LaTeX

(/usr/share/texlive/texmf-dist/tex/generic/oberdiek/hobsub-hyperref.sty
Package: hobsub-hyperref 2016/05/16 v1.14 Bundle oberdiek, subset hyperref (HO)


(/usr/share/texlive/texmf-dist/tex/generic/oberdiek/hobsub-generic.sty
Package: hobsub-generic 2016/05/16 v1.14 Bundle oberdiek, subset generic (HO)
Package: hobsub 2016/05/16 v1.14 Construct package bundles (HO)
Package hobsub Info: Skipping package `infwarerr' (already loaded).
Package hobsub Info: Skipping package `ltxcmds' (already loaded).
Package hobsub Info: Skipping package `ifluatex' (already loaded).
Package: ifvtex 2016/05/16 v1.6 Detect VTeX and its facilities (HO)
Package ifvtex Info: VTeX not detected.
Package: intcalc 2016/05/16 v1.2 Expandable calculations with integers (HO)
Package: ifpdf 2018/09/07 v3.3 Provides the ifpdf switch
Package hobsub Info: Skipping package `etexcmds' (already loaded).
Package hobsub Info: Skipping package `kvsetkeys' (already loaded).
Package: kvdefinekeys 2016/05/16 v1.4 Define keys (HO)
Package: pdftexcmds 2018/09/10 v0.29 Utility functions of pdfTeX for LuaTeX (HO
)
Package pdftexcmds Info: LuaTeX not detected.
Package pdftexcmds Info: pdfTeX >= 1.30 not detected.
Package pdftexcmds Info: \pdf@primitive is available.
Package pdftexcmds Info: \pdf@ifprimitive is available.
Package pdftexcmds Info: \pdfdraftmode not found.
Package: pdfescape 2016/05/16 v1.14 Implements pdfTeX's escape features (HO)
Package: bigintcalc 2016/05/16 v1.4 Expandable calculations on big integers (HO
)
Package: bitset 2016/05/16 v1.2 Handle bit-vector datatype (HO)
Package: uniquecounter 2016/05/16 v1.3 Provide unlimited unique counter (HO)
)
Package hobsub Info: Skipping package `hobsub' (already loaded).
Package: letltxmacro 2016/05/16 v1.5 Let assignment for LaTeX macros (HO)
Package: hopatch 2016/05/16 v1.3 Wrapper for package hooks (HO)
Package: xcolor-patch 2016/05/16 xcolor patch
Package: atveryend 2016/05/16 v1.9 Hooks at the very end of document (HO)
Package: atbegshi 2016/06/09 v1.18 At begin shipout hook (HO)
Package: refcount 2016/05/16 v3.5 Data extraction from label references (HO)
Package: hycolor 2016/05/16 v1.8 Color options for hyperref/bookmark (HO)
)
(/usr/share/texlive/texmf-dist/tex/latex/oberdiek/auxhook.sty
Package: auxhook 2016/05/16 v1.4 Hooks for auxiliary files (HO)
)
\@linkdim=\dimen179
\Hy@linkcounter=\count284
\Hy@pagecounter=\count285

(/usr/share/texlive/texmf-dist/tex/latex/hyperref/pd1enc.def
File: pd1enc.def 2018/11/30 v6.88e Hyperref: PDFDocEncoding definition (HO)
)
\Hy@SavedSpaceFactor=\count286

(/usr/share/texlive/texmf-dist/tex/latex/latexconfig/hyperref.cfg
File: hyperref.cfg 2002/06/06 v1.2 hyperref configuration of TeXLive
)
Package hyperref Info: Option `unicode' set `true' on input line 4393.

(/usr/share/texlive/texmf-dist/tex/latex/hyperref/puenc.def
File: puenc.def 2018/11/30 v6.88e Hyperref: PDF Unicode definition (HO)
)
Package hyperref Info: Hyper figures OFF on input line 4519.
Package hyperref Info: Link nesting OFF on input line 4524.
Package hyperref Info: Hyper index ON on input line 4527.
Package hyperref Info: Plain pages OFF on input line 4534.
Package hyperref Info: Backreferencing OFF on input line 4539.
Package hyperref Info: Implicit mode ON; LaTeX internals redefined.
Package hyperref Info: Bookmarks ON on input line 4772.
\c@Hy@tempcnt=\count287

(/usr/share/texlive/texmf-dist/tex/latex/url/url.sty
\Urlmuskip=\muskip19
Package: url 2013/09/16  ver 3.4  Verb mode for urls, etc.
)
LaTeX Info: Redefining \url on input line 5125.
\XeTeXLinkMargin=\dimen180
\Fld@menulength=\count288
\Field@Width=\dimen181
\Fld@charsize=\dimen182
Package hyperref Info: Hyper figures OFF on input line 6380.
Package hyperref Info: Link nesting OFF on input line 6385.
Package hyperref Info: Hyper index ON on input line 6388.
Package hyperref Info: backreferencing OFF on input line 6395.
Package hyperref Info: Link coloring OFF on input line 6400.
Package hyperref Info: Link coloring with OCG OFF on input line 6405.
Package hyperref Info: PDF/A mode OFF on input line 6410.
LaTeX Info: Redefining \ref on input line 6450.
LaTeX Info: Redefining \pageref on input line 6454.
\Hy@abspage=\count289
\c@Item=\count290
\c@Hfootnote=\count291
)
Package hyperref Info: Driver (autodetected): hxetex.

(/usr/share/texlive/texmf-dist/tex/latex/hyperref/hxetex.def
File: hxetex.def 2018/11/30 v6.88e Hyperref driver for XeTeX

(/usr/share/texlive/texmf-dist/tex/generic/oberdiek/stringenc.sty
Package: stringenc 2016/05/16 v1.11 Convert strings between diff. encodings (HO
)
)
\pdfm@box=\box48
\c@Hy@AnnotLevel=\count292
\HyField@AnnotCount=\count293
\Fld@listcount=\count294
\c@bookmark@seq@number=\count295

(/usr/share/texlive/texmf-dist/tex/latex/oberdiek/rerunfilecheck.sty
Package: rerunfilecheck 2016/05/16 v1.8 Rerun checks for auxiliary files (HO)
Package uniquecounter Info: New unique counter `rerunfilecheck' on input line 2
82.
)
\Hy@SectionHShift=\skip59
)
Package hyperref Info: Option `breaklinks' set `true' on input line 41.

(/usr/share/texlive/texmf-dist/tex/latex/tools/longtable.sty
Package: longtable 2014/10/28 v4.11 Multi-page Table package (DPC)+ FMi change
\LTleft=\skip60
\LTright=\skip61
\LTpre=\skip62
\LTpost=\skip63
\LTchunksize=\count296
\LTcapwidth=\dimen183
\LT@head=\box49
\LT@firsthead=\box50
\LT@foot=\box51
\LT@lastfoot=\box52
\LT@cols=\count297
\LT@rows=\count298
\c@LT@tables=\count299
\c@LT@chunks=\count300
\LT@p@ftn=\toks22
)
(/usr/share/texlive/texmf-dist/tex/latex/booktabs/booktabs.sty
Package: booktabs 2016/04/27 v1.618033 publication quality tables
\heavyrulewidth=\dimen184
\lightrulewidth=\dimen185
\cmidrulewidth=\dimen186
\belowrulesep=\dimen187
\belowbottomsep=\dimen188
\aboverulesep=\dimen189
\abovetopsep=\dimen190
\cmidrulesep=\dimen191
\cmidrulekern=\dimen192
\defaultaddspace=\dimen193
\@cmidla=\count301
\@cmidlb=\count302
\@aboverulesep=\dimen194
\@belowrulesep=\dimen195
\@thisruleclass=\count303
\@lastruleclass=\count304
\@thisrulewidth=\dimen196
)
(/usr/share/texlive/texmf-dist/tex/latex/multirow/multirow.sty
Package: multirow 2019/01/01 v2.4 Span multiple rows of a table
\multirow@colwidth=\skip64
\multirow@cntb=\count305
\multirow@dima=\skip65
\bigstrutjot=\dimen197
)
(/usr/share/texlive/texmf-dist/tex/latex/mdwtools/footnote.sty
Package: footnote 1997/01/28 1.13 Save footnotes around boxes
\fn@notes=\box53
\fn@width=\dimen198
)
(./appbooksec-1112.aux (./xgq.aux) (./xu-sec.aux) (./ganxie.aux) (./qianyan.aux
) (./appch1rhgs-sec.aux) (./appch2rhctdks-sec.aux) (./appch3kftyz-sec.aux

LaTeX Warning: Label `ux6839ux56e0ux5206ux6790ux8befux89e3ux6848ux4f8b' multipl
y defined.


LaTeX Warning: Label `ux6839ux56e0ux5206ux6790ux8befux89e3ux6848ux4f8b' multipl
y defined.


LaTeX Warning: Label `ux6839ux56e0ux5206ux6790ux8befux89e3ux6848ux4f8b' multipl
y defined.


LaTeX Warning: Label `ux6839ux56e0ux5206ux6790ux8befux89e3ux6848ux4f8b' multipl
y defined.


LaTeX Warning: Label `ux6839ux56e0ux5206ux6790ux8befux89e3ux6848ux4f8b' multipl
y defined.


LaTeX Warning: Label `ux6839ux56e0ux5206ux6790ux8befux89e3ux6848ux4f8b' multipl
y defined.


LaTeX Warning: Label `ux6839ux56e0ux5206ux6790ux8befux89e3ux6848ux4f8b' multipl
y defined.


LaTeX Warning: Label `ux6839ux56e0ux5206ux6790ux8befux89e3ux6848ux4f8b' multipl
y defined.


LaTeX Warning: Label `ux6839ux56e0ux5206ux6790ux8befux89e3ux6848ux4f8b' multipl
y defined.


LaTeX Warning: Label `ux9644ux4ef6' multiply defined.


LaTeX Warning: Label `ux53c2ux8003-references' multiply defined.

) (./appch4sdgs-sec.aux

LaTeX Warning: Label `ux4eceux5355ux70b9ux5230ux4e09ux70b9ux4f30ux7b97' multipl
y defined.


LaTeX Warning: Label `ux9644ux4ef6' multiply defined.

) (./appch5lhgl-sec.aux

LaTeX Warning: Label `ux9644ux4ef6' multiply defined.

) (./appch6gsrjgm-sec.aux

LaTeX Warning: Label `ux9644ux4ef6' multiply defined.


LaTeX Warning: Label `ux53c2ux8003references' multiply defined.

) (./appch7gsgzl-sec.aux

LaTeX Warning: Label `ux603bux7ed3' multiply defined.


LaTeX Warning: Label `ux9644ux4ef6' multiply defined.


LaTeX Warning: Label `ux53c2ux8003references' multiply defined.

) (./appch8hqgczc-sec.aux

LaTeX Warning: Label `ux7b2cux4e00ux7248ux65b9ux6848ux4e66' multiply defined.


LaTeX Warning: Label `ux603bux7ed3' multiply defined.

) (./appch9xzgjjh-sec.aux

LaTeX Warning: Label `ux9644ux4ef6' multiply defined.


LaTeX Warning: Label `ux53c2ux8003-references' multiply defined.

) (./appch10ebyz-sec.aux

LaTeX Warning: Label `ux9644ux4ef6' multiply defined.

) (./appch11tdxzfxgy-sec.aux

LaTeX Warning: Label `ux603bux7ed3' multiply defined.


LaTeX Warning: Label `ux9644ux4ef6' multiply defined.

) (./appch12ryjs-sec.aux

LaTeX Warning: Label `ux9644ux4ef6' multiply defined.

) (./appch13ctdsydcxgj-sec.aux

LaTeX Warning: Label `ux7f8eux56fdux67d0ux5bb6ux533bux9662ux7684ux6545ux4e8b' m
ultiply defined.


LaTeX Warning: Label `ux600eux6837ux5f00ux59cb' multiply defined.


LaTeX Warning: Label `ux603bux7ed3' multiply defined.


LaTeX Warning: Label `ux603bux7ed3' multiply defined.

) (./appch14csqdkf-sec.aux

LaTeX Warning: Label `ux53c2ux8003-references' multiply defined.

) (./appch15dmcg-sec.aux

LaTeX Warning: Label `ux53c2ux8003-references' multiply defined.

) (./appch16psyjdbc-sec.aux

LaTeX Warning: Label `ux6708' multiply defined.


LaTeX Warning: Label `ux6708-1' multiply defined.


LaTeX Warning: Label `ux603bux7ed3' multiply defined.


LaTeX Warning: Label `ux9644ux4ef6' multiply defined.

) (./appch17cxjc-sec.aux

LaTeX Warning: Label `ux9644ux4ef6' multiply defined.


LaTeX Warning: Label `ux53c2ux8003-references' multiply defined.

) (./appch18rjxq-sec.aux

LaTeX Warning: Label `ux603bux7ed3' multiply defined.


LaTeX Warning: Label `ux9644ux4ef6' multiply defined.


LaTeX Warning: Label `ux53c2ux8003-reference' multiply defined.

) (./appch19xzgjzgxt-sec.aux

LaTeX Warning: Label `ux603bux7ed3' multiply defined.


LaTeX Warning: Label `ux9644ux4ef6' multiply defined.


LaTeX Warning: Label `ux53c2ux8003-references' multiply defined.

) (./appch20caidzjsj-sec.aux

LaTeX Warning: Label `ux7ecfux9a8cux5206ux4eab' multiply defined.


LaTeX Warning: Label `ux603bux7ed3' multiply defined.


LaTeX Warning: Label `ux9644ux4ef6' multiply defined.


LaTeX Warning: Label `ux9644ux4ef6' multiply defined.

) (./appch21qxlhmb-sec.aux

LaTeX Warning: Label `ux603bux7ed3' multiply defined.


LaTeX Warning: Label `ux9644ux4ef6' multiply defined.


LaTeX Warning: Label `ux53c2ux8003-references' multiply defined.

) (./appch22jxhtjfx-sec.aux

LaTeX Warning: Label `ux603bux7ed3' multiply defined.


LaTeX Warning: Label `ux9644ux4ef6' multiply defined.


LaTeX Warning: Label `ux53c2ux8003-references' multiply defined.

) (./appch23zwjdc-sec.aux

LaTeX Warning: Label `ux603bux7ed3' multiply defined.


LaTeX Warning: Label `ux53c2ux8003-references' multiply defined.

) (./appch24ycmx-sec.aux

LaTeX Warning: Label `ux6b65ux9aa4' multiply defined.


LaTeX Warning: Label `ux603bux7ed3' multiply defined.


LaTeX Warning: Label `ux53c2ux8003-references' multiply defined.

) (./appch25cgrdgs-sec.aux

LaTeX Warning: Label `ux6210ux529fux8981ux7d20' multiply defined.


LaTeX Warning: Label `ux603bux7ed3' multiply defined.


LaTeX Warning: Label `ux9644ux4ef6' multiply defined.


LaTeX Warning: Label `ux53c2ux8003-references' multiply defined.

) (./appch26bjsj-sec.aux

LaTeX Warning: Label `ux53c2ux8003-reference' multiply defined.

) (./appch27gyy-sec.aux

LaTeX Warning: Label `ux603bux7ed3' multiply defined.


LaTeX Warning: Label `ux53c2ux8003-references' multiply defined.

) (./fjAssjlb.aux

LaTeX Warning: Label `ux53c2ux8003references' multiply defined.

) (./fjBgcgjgf.aux

LaTeX Warning: Label `ux80ccux666f' multiply defined.


LaTeX Warning: Label `ux603bux7ed3' multiply defined.


LaTeX Warning: Label `ux9644ux4ef6' multiply defined.


LaTeX Warning: Label `ux4e92ux52a8ux5de5ux4f5cux574aworkshop' multiply defined.



LaTeX Warning: Label `ux539fux5219' multiply defined.


LaTeX Warning: Label `ux7279ux70b9' multiply defined.


LaTeX Warning: Label `ux6210ux529fux5173ux952eux8981ux7d20' multiply defined.

) (./fjCybysjgs.aux))
\openout1 = `appbooksec-1112.aux'.

LaTeX Font Info:    Checking defaults for OML/cmm/m/it on input line 72.
LaTeX Font Info:    ... okay on input line 72.
LaTeX Font Info:    Checking defaults for T1/cmr/m/n on input line 72.
LaTeX Font Info:    ... okay on input line 72.
LaTeX Font Info:    Checking defaults for OT1/cmr/m/n on input line 72.
LaTeX Font Info:    ... okay on input line 72.
LaTeX Font Info:    Checking defaults for OMS/cmsy/m/n on input line 72.
LaTeX Font Info:    ... okay on input line 72.
LaTeX Font Info:    Checking defaults for TU/lmr/m/n on input line 72.
LaTeX Font Info:    ... okay on input line 72.
LaTeX Font Info:    Checking defaults for OMX/cmex/m/n on input line 72.
LaTeX Font Info:    ... okay on input line 72.
LaTeX Font Info:    Checking defaults for U/cmr/m/n on input line 72.
LaTeX Font Info:    ... okay on input line 72.
LaTeX Font Info:    Checking defaults for TS1/cmr/m/n on input line 72.
LaTeX Font Info:    ... okay on input line 72.
LaTeX Font Info:    Checking defaults for PD1/pdf/m/n on input line 72.
LaTeX Font Info:    ... okay on input line 72.
LaTeX Font Info:    Checking defaults for PU/pdf/m/n on input line 72.
LaTeX Font Info:    ... okay on input line 72.
LaTeX Font Info:    Overwriting math alphabet `\mathrm' in version `normal'
(Font)                  OT1/lmr/m/n --> TU/lmr/m/n on input line 72.
LaTeX Font Info:    Overwriting math alphabet `\mathit' in version `normal'
(Font)                  OT1/lmr/m/it --> TU/lmr/m/it on input line 72.
LaTeX Font Info:    Overwriting math alphabet `\mathbf' in version `normal'
(Font)                  OT1/lmr/bx/n --> TU/lmr/bx/n on input line 72.
LaTeX Font Info:    Overwriting math alphabet `\mathsf' in version `normal'
(Font)                  OT1/lmss/m/n --> TU/lmss/m/n on input line 72.
LaTeX Font Info:    Overwriting math alphabet `\mathsf' in version `bold'
(Font)                  OT1/lmss/bx/n --> TU/lmss/bx/n on input line 72.
LaTeX Font Info:    Overwriting math alphabet `\mathtt' in version `normal'
(Font)                  OT1/lmtt/m/n --> TU/lmtt/m/n on input line 72.
LaTeX Font Info:    Overwriting math alphabet `\mathtt' in version `bold'
(Font)                  OT1/lmtt/m/n --> TU/lmtt/bx/n on input line 72.

Package fontspec Info: latinmodern-math scale = 1.


Package fontspec Info: latinmodern-math scale = 1.


Package fontspec Info: latinmodern-math scale = 1.


Package fontspec Info: Font family 'latinmodern-math.otf(0)' created for font
(fontspec)             'latinmodern-math.otf' with options
(fontspec)             [Ligatures=TeX,Scale=MatchLowercase,BoldItalicFont={},It
alicFont={},SmallCapsFont={},Script=Math,BoldFont={latinmodern-math.otf}].
(fontspec)              
(fontspec)              This font family consists of the following NFSS
(fontspec)             series/shapes:
(fontspec)              
(fontspec)             - 'normal' (m/n) with NFSS spec.:
(fontspec)             <->s*[1]"[latinmodern-math.otf]/OT:script=math;language=
DFLT;mapping=tex-text;"
(fontspec)             - 'small caps'  (m/sc) with NFSS spec.: 
(fontspec)             - 'bold' (bx/n) with NFSS spec.:
(fontspec)             <->s*[1]"[latinmodern-math.otf]/OT:script=math;language=
DFLT;mapping=tex-text;"
(fontspec)             - 'bold small caps'  (bx/sc) with NFSS spec.: 

LaTeX Font Info:    Font shape `TU/latinmodern-math.otf(0)/m/n' will be
(Font)              scaled to size 10.0pt on input line 72.

Package fontspec Info: latinmodern-math scale = 1.


Package fontspec Info: latinmodern-math scale = 1.


Package fontspec Info: latinmodern-math scale = 1.


Package fontspec Info: latinmodern-math scale = 1.


Package fontspec Info: latinmodern-math scale = 1.


Package fontspec Info: Font family 'latinmodern-math.otf(1)' created for font
(fontspec)             'latinmodern-math.otf' with options
(fontspec)             [Ligatures=TeX,Scale=MatchLowercase,BoldItalicFont={},It
alicFont={},SmallCapsFont={},Script=Math,SizeFeatures={{Size=8.5-},{Size=6-8.5,
Font=latinmodern-math.otf,Style=MathScript},{Size=-6,Font=latinmodern-math.otf,
Style=MathScriptScript}},BoldFont={latinmodern-math.otf}].
(fontspec)              
(fontspec)              This font family consists of the following NFSS
(fontspec)             series/shapes:
(fontspec)              
(fontspec)             - 'normal' (m/n) with NFSS spec.:
(fontspec)             <8.5->s*[1]"[latinmodern-math.otf]/OT:script=math;langua
ge=DFLT;mapping=tex-text;"<6-8.5>s*[1]"[latinmodern-math.otf]/OT:script=math;la
nguage=DFLT;+ssty=0;mapping=tex-text;"<-6>s*[1]"[latinmodern-math.otf]/OT:scrip
t=math;language=DFLT;+ssty=1;mapping=tex-text;"
(fontspec)             - 'small caps'  (m/sc) with NFSS spec.: 
(fontspec)             - 'bold' (bx/n) with NFSS spec.:
(fontspec)             <->s*[1]"[latinmodern-math.otf]/OT:script=math;language=
DFLT;mapping=tex-text;"
(fontspec)             - 'bold small caps'  (bx/sc) with NFSS spec.: 

LaTeX Font Info:    Font shape `TU/latinmodern-math.otf(1)/m/n' will be
(Font)              scaled to size 10.0pt on input line 72.
LaTeX Font Info:    Encoding `OT1' has changed to `TU' for symbol font
(Font)              `operators' in the math version `normal' on input line 72.
LaTeX Font Info:    Overwriting symbol font `operators' in version `normal'
(Font)                  OT1/lmr/m/n --> TU/latinmodern-math.otf(1)/m/n on input
 line 72.
LaTeX Font Info:    Encoding `OT1' has changed to `TU' for symbol font
(Font)              `operators' in the math version `bold' on input line 72.
LaTeX Font Info:    Overwriting symbol font `operators' in version `bold'
(Font)                  OT1/lmr/bx/n --> TU/latinmodern-math.otf(1)/bx/n on inp
ut line 72.

Package fontspec Info: latinmodern-math scale = 1.


Package fontspec Info: latinmodern-math scale = 1.00001.


Package fontspec Info: latinmodern-math scale = 1.


Package fontspec Info: latinmodern-math scale = 1.00001.


Package fontspec Info: latinmodern-math scale = 1.


Package fontspec Info: latinmodern-math scale = 1.00001.


Package fontspec Info: latinmodern-math scale = 1.


Package fontspec Info: latinmodern-math scale = 1.00001.


Package fontspec Info: latinmodern-math scale = 1.


Package fontspec Info: latinmodern-math scale = 1.00001.


Package fontspec Info: Font family 'latinmodern-math.otf(2)' created for font
(fontspec)             'latinmodern-math.otf' with options
(fontspec)             [Ligatures=TeX,Scale=MatchLowercase,BoldItalicFont={},It
alicFont={},SmallCapsFont={},Script=Math,SizeFeatures={{Size=8.5-},{Size=6-8.5,
Font=latinmodern-math.otf,Style=MathScript},{Size=-6,Font=latinmodern-math.otf,
Style=MathScriptScript}},BoldFont={latinmodern-math.otf},ScaleAgain=1.00001,Fon
tAdjustment={\fontdimen
(fontspec)             8\font =6.77pt\relax \fontdimen 9\font =3.94pt\relax
(fontspec)             \fontdimen 10\font =4.44pt\relax \fontdimen 11\font
(fontspec)             =6.86pt\relax \fontdimen 12\font =3.45pt\relax
(fontspec)             \fontdimen 13\font =3.63pt\relax \fontdimen 14\font
(fontspec)             =3.63pt\relax \fontdimen 15\font =2.89pt\relax
(fontspec)             \fontdimen 16\font =2.47pt\relax \fontdimen 17\font
(fontspec)             =2.47pt\relax \fontdimen 18\font =2.5pt\relax
(fontspec)             \fontdimen 19\font =2.0pt\relax \fontdimen 22\font
(fontspec)             =2.5pt\relax \fontdimen 20\font =0pt\relax \fontdimen
(fontspec)             21\font =0pt\relax }].
(fontspec)              
(fontspec)              This font family consists of the following NFSS
(fontspec)             series/shapes:
(fontspec)              
(fontspec)             - 'normal' (m/n) with NFSS spec.:
(fontspec)             <8.5->s*[1.00001]"[latinmodern-math.otf]/OT:script=math;
language=DFLT;mapping=tex-text;"<6-8.5>s*[1.00001]"[latinmodern-math.otf]/OT:sc
ript=math;language=DFLT;+ssty=0;mapping=tex-text;"<-6>s*[1.00001]"[latinmodern-
math.otf]/OT:script=math;language=DFLT;+ssty=1;mapping=tex-text;"
(fontspec)             - 'small caps'  (m/sc) with NFSS spec.: 
(fontspec)             and font adjustment code:
(fontspec)             \fontdimen 8\font =6.77pt\relax \fontdimen 9\font
(fontspec)             =3.94pt\relax \fontdimen 10\font =4.44pt\relax
(fontspec)             \fontdimen 11\font =6.86pt\relax \fontdimen 12\font
(fontspec)             =3.45pt\relax \fontdimen 13\font =3.63pt\relax
(fontspec)             \fontdimen 14\font =3.63pt\relax \fontdimen 15\font
(fontspec)             =2.89pt\relax \fontdimen 16\font =2.47pt\relax
(fontspec)             \fontdimen 17\font =2.47pt\relax \fontdimen 18\font
(fontspec)             =2.5pt\relax \fontdimen 19\font =2.0pt\relax \fontdimen
(fontspec)             22\font =2.5pt\relax \fontdimen 20\font =0pt\relax
(fontspec)             \fontdimen 21\font =0pt\relax 
(fontspec)             - 'bold' (bx/n) with NFSS spec.:
(fontspec)             <->s*[1.00001]"[latinmodern-math.otf]/OT:script=math;lan
guage=DFLT;mapping=tex-text;"
(fontspec)             - 'bold small caps'  (bx/sc) with NFSS spec.: 
(fontspec)             and font adjustment code:
(fontspec)             \fontdimen 8\font =6.77pt\relax \fontdimen 9\font
(fontspec)             =3.94pt\relax \fontdimen 10\font =4.44pt\relax
(fontspec)             \fontdimen 11\font =6.86pt\relax \fontdimen 12\font
(fontspec)             =3.45pt\relax \fontdimen 13\font =3.63pt\relax
(fontspec)             \fontdimen 14\font =3.63pt\relax \fontdimen 15\font
(fontspec)             =2.89pt\relax \fontdimen 16\font =2.47pt\relax
(fontspec)             \fontdimen 17\font =2.47pt\relax \fontdimen 18\font
(fontspec)             =2.5pt\relax \fontdimen 19\font =2.0pt\relax \fontdimen
(fontspec)             22\font =2.5pt\relax \fontdimen 20\font =0pt\relax
(fontspec)             \fontdimen 21\font =0pt\relax 

LaTeX Font Info:    Encoding `OMS' has changed to `TU' for symbol font
(Font)              `symbols' in the math version `normal' on input line 72.
LaTeX Font Info:    Overwriting symbol font `symbols' in version `normal'
(Font)                  OMS/lmsy/m/n --> TU/latinmodern-math.otf(2)/m/n on inpu
t line 72.
LaTeX Font Info:    Encoding `OMS' has changed to `TU' for symbol font
(Font)              `symbols' in the math version `bold' on input line 72.
LaTeX Font Info:    Overwriting symbol font `symbols' in version `bold'
(Font)                  OMS/lmsy/b/n --> TU/latinmodern-math.otf(2)/bx/n on inp
ut line 72.

Package fontspec Info: latinmodern-math scale = 1.


Package fontspec Info: latinmodern-math scale = 0.99999.


Package fontspec Info: latinmodern-math scale = 1.


Package fontspec Info: latinmodern-math scale = 0.99999.


Package fontspec Info: latinmodern-math scale = 1.


Package fontspec Info: latinmodern-math scale = 0.99999.


Package fontspec Info: latinmodern-math scale = 1.


Package fontspec Info: latinmodern-math scale = 0.99999.


Package fontspec Info: latinmodern-math scale = 1.


Package fontspec Info: latinmodern-math scale = 0.99999.


Package fontspec Info: Font family 'latinmodern-math.otf(3)' created for font
(fontspec)             'latinmodern-math.otf' with options
(fontspec)             [Ligatures=TeX,Scale=MatchLowercase,BoldItalicFont={},It
alicFont={},SmallCapsFont={},Script=Math,SizeFeatures={{Size=8.5-},{Size=6-8.5,
Font=latinmodern-math.otf,Style=MathScript},{Size=-6,Font=latinmodern-math.otf,
Style=MathScriptScript}},BoldFont={latinmodern-math.otf},ScaleAgain=0.99999,Fon
tAdjustment={\fontdimen
(fontspec)             8\font =0.4pt\relax \fontdimen 9\font =2.0pt\relax
(fontspec)             \fontdimen 10\font =1.67pt\relax \fontdimen 11\font
(fontspec)             =1.11pt\relax \fontdimen 12\font =6.0pt\relax
(fontspec)             \fontdimen 13\font =0pt\relax }].
(fontspec)              
(fontspec)              This font family consists of the following NFSS
(fontspec)             series/shapes:
(fontspec)              
(fontspec)             - 'normal' (m/n) with NFSS spec.:
(fontspec)             <8.5->s*[0.99999]"[latinmodern-math.otf]/OT:script=math;
language=DFLT;mapping=tex-text;"<6-8.5>s*[0.99999]"[latinmodern-math.otf]/OT:sc
ript=math;language=DFLT;+ssty=0;mapping=tex-text;"<-6>s*[0.99999]"[latinmodern-
math.otf]/OT:script=math;language=DFLT;+ssty=1;mapping=tex-text;"
(fontspec)             - 'small caps'  (m/sc) with NFSS spec.: 
(fontspec)             and font adjustment code:
(fontspec)             \fontdimen 8\font =0.4pt\relax \fontdimen 9\font
(fontspec)             =2.0pt\relax \fontdimen 10\font =1.67pt\relax
(fontspec)             \fontdimen 11\font =1.11pt\relax \fontdimen 12\font
(fontspec)             =6.0pt\relax \fontdimen 13\font =0pt\relax 
(fontspec)             - 'bold' (bx/n) with NFSS spec.:
(fontspec)             <->s*[0.99999]"[latinmodern-math.otf]/OT:script=math;lan
guage=DFLT;mapping=tex-text;"
(fontspec)             - 'bold small caps'  (bx/sc) with NFSS spec.: 
(fontspec)             and font adjustment code:
(fontspec)             \fontdimen 8\font =0.4pt\relax \fontdimen 9\font
(fontspec)             =2.0pt\relax \fontdimen 10\font =1.67pt\relax
(fontspec)             \fontdimen 11\font =1.11pt\relax \fontdimen 12\font
(fontspec)             =6.0pt\relax \fontdimen 13\font =0pt\relax 

LaTeX Font Info:    Encoding `OMX' has changed to `TU' for symbol font
(Font)              `largesymbols' in the math version `normal' on input line 7
2.
LaTeX Font Info:    Overwriting symbol font `largesymbols' in version `normal'
(Font)                  OMX/lmex/m/n --> TU/latinmodern-math.otf(3)/m/n on inpu
t line 72.
LaTeX Font Info:    Encoding `OMX' has changed to `TU' for symbol font
(Font)              `largesymbols' in the math version `bold' on input line 72.

LaTeX Font Info:    Overwriting symbol font `largesymbols' in version `bold'
(Font)                  OMX/lmex/m/n --> TU/latinmodern-math.otf(3)/bx/n on inp
ut line 72.
LaTeX Info: Redefining \microtypecontext on input line 72.
Package microtype Info: Character protrusion enabled (level 2).
Package microtype Info: Using protrusion set `basicmath'.
Package microtype Info: No adjustment of tracking.
Package microtype Info: No adjustment of spacing.
Package microtype Info: No adjustment of kerning.

(/usr/share/texlive/texmf-dist/tex/latex/microtype/mt-LatinModernRoman.cfg
File: mt-LatinModernRoman.cfg 2013/03/13 v1.0 microtype config. file: Latin Mod
ern Roman (RS)
)
\AtBeginShipoutBox=\box54
Package hyperref Info: Link coloring OFF on input line 72.

(/usr/share/texlive/texmf-dist/tex/latex/hyperref/nameref.sty
Package: nameref 2016/05/21 v2.44 Cross-referencing by name of section

(/usr/share/texlive/texmf-dist/tex/generic/oberdiek/gettitlestring.sty
Package: gettitlestring 2016/05/16 v1.5 Cleanup title references (HO)
)
\c@section@level=\count306
)
LaTeX Info: Redefining \ref on input line 72.
LaTeX Info: Redefining \pageref on input line 72.
LaTeX Info: Redefining \nameref on input line 72.

(./appbooksec-1112.out) (./appbooksec-1112.out)
\@outlinefile=\write3
\openout3 = `appbooksec-1112.out'.

 [1


] [2

]
LaTeX Font Info:    Font shape `TU/latinmodern-math.otf(1)/m/n' will be
(Font)              scaled to size 7.0pt on input line 89.
LaTeX Font Info:    Font shape `TU/latinmodern-math.otf(1)/m/n' will be
(Font)              scaled to size 5.0pt on input line 89.
LaTeX Font Info:    Try loading font information for OML+lmm on input line 89.

(/usr/share/texmf/tex/latex/lm/omllmm.fd
File: omllmm.fd 2009/10/30 v1.6 Font defs for Latin Modern
)
LaTeX Font Info:    Font shape `TU/latinmodern-math.otf(2)/m/n' will be
(Font)              scaled to size 7.0001pt on input line 89.
LaTeX Font Info:    Font shape `TU/latinmodern-math.otf(2)/m/n' will be
(Font)              scaled to size 5.00008pt on input line 89.
LaTeX Font Info:    Font shape `TU/latinmodern-math.otf(3)/m/n' will be
(Font)              scaled to size 6.9999pt on input line 89.
LaTeX Font Info:    Font shape `TU/latinmodern-math.otf(3)/m/n' will be
(Font)              scaled to size 4.99992pt on input line 89.
LaTeX Font Info:    Try loading font information for U+msa on input line 89.

(/usr/share/texlive/texmf-dist/tex/latex/amsfonts/umsa.fd
File: umsa.fd 2013/01/14 v3.01 AMS symbols A
)
(/usr/share/texlive/texmf-dist/tex/latex/microtype/mt-msa.cfg
File: mt-msa.cfg 2006/02/04 v1.1 microtype config. file: AMS symbols (a) (RS)
)
LaTeX Font Info:    Try loading font information for U+msb on input line 89.

(/usr/share/texlive/texmf-dist/tex/latex/amsfonts/umsb.fd
File: umsb.fd 2013/01/14 v3.01 AMS symbols B
)
(/usr/share/texlive/texmf-dist/tex/latex/microtype/mt-msb.cfg
File: mt-msb.cfg 2005/06/01 v1.0 microtype config. file: AMS symbols (b) (RS)
)
LaTeX Font Info:    Font shape `TU/latinmodern-math.otf(2)/m/n' will be
(Font)              scaled to size 10.00015pt on input line 89.
LaTeX Font Info:    Font shape `TU/latinmodern-math.otf(3)/m/n' will be
(Font)              scaled to size 9.99985pt on input line 89.
 [3

] [4


]
(./appbooksec-1112.toc

LaTeX Font Warning: Font shape `TU/SimSun(0)/bx/n' undefined
(Font)              using `TU/SimSun(0)/m/n' instead on input line 2.

[5

] [6] [7] [8] [9] [10] [11])
\tf@toc=\write4
\openout4 = `appbooksec-1112.toc'.

 [12]
\openout2 = `xgq.aux'.

 (./xgq.tex) [13

]
\openout2 = `xu-sec.aux'.

 (./xu-sec.tex [14



]
[15] [16

]) [17]
\openout2 = `ganxie.aux'.

 (./ganxie.tex [18



]) [19]
\openout2 = `qianyan.aux'.

 (./qianyan.tex [20



] [21]) [22]
[23


] [24]
\openout2 = `appch1rhgs-sec.aux'.

 (./appch1rhgs-sec.tex
Chapter 1.

Package hyperref Warning: Difference (2) between bookmark levels is greater 
(hyperref)                than one, level fixed on input line 4.


Underfull \hbox (badness 10000) in paragraph at lines 21--27

 []

[25


]
Underfull \hbox (badness 10000) in paragraph at lines 39--51

 []


LaTeX Font Warning: Font shape `TU/SimSun(0)/m/sl' undefined
(Font)              using `TU/SimSun(0)/m/n' instead on input line 51.

[26]
Underfull \hbox (badness 10000) in paragraph at lines 55--80

 []

[27]
File: 敏捷开发实践汇总列表1-1.jpg Graphic file (type bmp)
<敏捷开发实践汇总列表1-1.jpg>
 [28]
Overfull \vbox (68.98595pt too high) has occurred while \output is active []


[29]
Underfull \hbox (badness 10000) in paragraph at lines 90--92

 []

File: T和G图1.jpg Graphic file (type bmp)
<T和G图1.jpg>
[30]
File: FordModelT_2023-06-10_100431.jpg Graphic file (type bmp)
<FordModelT_2023-06-10_100431.jpg>

Underfull \hbox (badness 10000) in paragraph at lines 163--164

 []

[31]
Underfull \hbox (badness 10000) in paragraph at lines 214--215

 []

File: 冰山.png Graphic file (type bmp)
<冰山.png>
[32]

Package xeCJK Warning: Unknown CJK family `\CJKttdefault' is being ignored.
(xeCJK)                
(xeCJK)                Try to use `\setCJKmonofont[...]{...}' to define it.

LaTeX Font Info:    Font shape `TU/lmtt/bx/n' in size <10> not available
(Font)              Font shape `TU/lmtt/b/n' tried instead on input line 250.
[33]
Underfull \hbox (badness 10000) in paragraph at lines 263--274

 []

[34]
Underfull \hbox (badness 10000) in paragraph at lines 279--282

 []

File: 15页替换图片.jpg Graphic file (type bmp)
<15页替换图片.jpg>

Underfull \hbox (badness 10000) in paragraph at lines 314--315

 []

[35]
Underfull \hbox (badness 10000) in paragraph at lines 355--361

 []

[36]
Underfull \hbox (badness 10000) in paragraph at lines 377--378

 []

File: Ft_223111.jpg Graphic file (type bmp)
<Ft_223111.jpg>
[37]
Underfull \hbox (badness 10000) in paragraph at lines 412--413

 []

[38]
Underfull \hbox (badness 10000) in paragraph at lines 444--446

 []


Underfull \hbox (badness 10000) in paragraph at lines 447--448

 []


Underfull \hbox (badness 10000) in paragraph at lines 457--470

 []

[39]
Underfull \hbox (badness 10000) in paragraph at lines 509--510

 []


Underfull \hbox (badness 10000) in paragraph at lines 520--521

 []

[40]
Underfull \hbox (badness 10000) in paragraph at lines 523--527

 []

File: 微信截图_20241104094040.jpg Graphic file (type bmp)
<微信截图_20241104094040.jpg>
[41]
Underfull \hbox (badness 10000) in paragraph at lines 561--569

 []

File: 敏捷开发实践汇总列表2-2.jpg Graphic file (type bmp)
<敏捷开发实践汇总列表2-2.jpg>
[42]
Underfull \hbox (badness 10000) in paragraph at lines 577--592

 []

[43]
File: 波波图20245.jpg Graphic file (type bmp)
<波波图20245.jpg>
 [44]
File: NissanRobots-OIPh8UAC7FBjlaCmA_mBepJjQHaEi.jpg Graphic file (type bmp)
<NissanRobots-OIPh8UAC7FBjlaCmA_mBepJjQHaEi.jpg>
 [45]
File: 微信图片_20240906090104.jpg Graphic file (type bmp)
<微信图片_20240906090104.jpg>

Underfull \hbox (badness 10000) in paragraph at lines 639--641

 []

File: NissanProdLineOIPwJFmfMl7q2_V8JaQi4kQ8QHaE6.jpg Graphic file (type bmp)
<NissanProdLineOIPwJFmfMl7q2_V8JaQi4kQ8QHaE6.jpg>
[46]
Underfull \hbox (badness 10000) in paragraph at lines 670--671

 []

[47]
File: Screenshot_2023-08-03_211606-1.png Graphic file (type bmp)
<Screenshot_2023-08-03_211606-1.png>
) [48] [49


] [50] [51]
\openout2 = `appch2rhctdks-sec.aux'.

 (./appch2rhctdks-sec.tex [52


]
Chapter 2.

Package hyperref Warning: Difference (2) between bookmark levels is greater 
(hyperref)                than one, level fixed on input line 6.


Underfull \hbox (badness 10000) in paragraph at lines 8--9

 []

[53]
Underfull \hbox (badness 10000) in paragraph at lines 72--73

 []


Underfull \hbox (badness 10000) in paragraph at lines 75--77

 []


Underfull \hbox (badness 10000) in paragraph at lines 94--95

 []


Underfull \hbox (badness 10000) in paragraph at lines 97--100

 []

[54]
Underfull \hbox (badness 10000) in paragraph at lines 101--105

 []

File: 0A_Agile_stories_p51.jpg Graphic file (type bmp)
<0A_Agile_stories_p51.jpg>

Underfull \hbox (badness 10000) in paragraph at lines 116--118

 []

[55] [56]
File: GoogleVsYahoo_Screenshot_2024-10-24_132145.jpg Graphic file (type bmp)
<GoogleVsYahoo_Screenshot_2024-10-24_132145.jpg>
 [57] [58] [59]
Underfull \hbox (badness 10000) in paragraph at lines 367--369

 []


Underfull \hbox (badness 10000) in paragraph at lines 372--373

 []

[60]) [61]
\openout2 = `appch3kftyz-sec.aux'.

 (./appch3kftyz-sec.tex [62



]
Chapter 3.

Underfull \hbox (badness 10000) in paragraph at lines 4--6

 []


Underfull \hbox (badness 10000) in paragraph at lines 13--16

 []

File: Screenshotfrom2023-10-1523-05-0011.jpg Graphic file (type bmp)
<Screenshotfrom2023-10-1523-05-0011.jpg>
[63]
Underfull \hbox (badness 10000) in paragraph at lines 21--22

 []

File: 52页替换图片.jpg Graphic file (type bmp)
<52页替换图片.jpg>
[64] [65] [66]
Underfull \hbox (badness 10000) in paragraph at lines 174--175

 []


Underfull \hbox (badness 10000) in paragraph at lines 182--183

 []

[67]
Underfull \hbox (badness 10000) in paragraph at lines 274--275

 []

) [68] [69] [70


] [71] [72] [73]
\openout2 = `appch4sdgs-sec.aux'.

 (./appch4sdgs-sec.tex [74


]
Chapter 4.

Package hyperref Warning: Difference (2) between bookmark levels is greater 
(hyperref)                than one, level fixed on input line 4.


Underfull \hbox (badness 10000) in paragraph at lines 29--35

 []

[75]
File: Screenshotfrom2023-11-1221-23-06.png Graphic file (type bmp)
<Screenshotfrom2023-11-1221-23-06.png>

Underfull \hbox (badness 10000) in paragraph at lines 42--45

 []

File: 63页替换图片.png Graphic file (type bmp)
<63页替换图片.png>

Underfull \hbox (badness 10000) in paragraph at lines 50--64

 []

[76]
File: 64页替换图片.png Graphic file (type bmp)
<64页替换图片.png>

Underfull \hbox (badness 10000) in paragraph at lines 89--90

 []

[77]
File: 67页替换图片.png Graphic file (type bmp)
<67页替换图片.png>
 [78]
File: 10stepsPertScreenshot_2022-10-24_205007.jpg Graphic file (type bmp)
<10stepsPertScreenshot_2022-10-24_205007.jpg>
File: 微信图片_20240117093606.jpg Graphic file (type bmp)
<微信图片_20240117093606.jpg>

Underfull \hbox (badness 10000) in paragraph at lines 199--200

 []

[79]
Underfull \hbox (badness 10000) in paragraph at lines 213--216

 []

File: 4_三点估算问与答1.jpg Graphic file (type bmp)
<4_三点估算问与答1.jpg>
File: 4_fig2a_2024-01-15_211344.jpg Graphic file (type bmp)
<4_fig2a_2024-01-15_211344.jpg>

Underfull \hbox (badness 10000) in paragraph at lines 229--230

 []

File: 4_三点估算问与答2.jpg Graphic file (type bmp)
<4_三点估算问与答2.jpg>
[80]
File: 捕获2-1.PNG Graphic file (type bmp)
<捕获2-1.PNG>
 [81]
File: 捕获2.PNG Graphic file (type bmp)
<捕获2.PNG>
File: 捕获1-1.PNG Graphic file (type bmp)
<捕获1-1.PNG>
File: 捕获1.PNG Graphic file (type bmp)
<捕获1.PNG>
 [82]) [83]
\openout2 = `appch5lhgl-sec.aux'.

 (./appch5lhgl-sec.tex [84



]
Chapter 5.

Package hyperref Warning: Difference (2) between bookmark levels is greater 
(hyperref)                than one, level fixed on input line 22.

[85] [86]
File: 74页替换图片.jpg Graphic file (type bmp)
<74页替换图片.jpg>

Underfull \hbox (badness 10000) in paragraph at lines 69--72

 []


Underfull \hbox (badness 10000) in paragraph at lines 103--105

 []


Underfull \hbox (badness 10000) in paragraph at lines 105--107

 []


Underfull \hbox (badness 10000) in paragraph at lines 107--109

 []


Underfull \hbox (badness 10000) in paragraph at lines 109--111

 []

[87]
Underfull \hbox (badness 10000) in paragraph at lines 111--112

 []


Underfull \hbox (badness 10000) in paragraph at lines 119--120

 []

[88]
Overfull \vbox (39.56409pt too high) has occurred while \output is active []


[89]
Underfull \hbox (badness 10000) in paragraph at lines 156--157

 []


Underfull \hbox (badness 10000) in paragraph at lines 216--217

 []


Underfull \hbox (badness 3646) in paragraph at lines 236--237
[]\TU/lmr/m/n/10 EXCEL \TU/SimSun(0)/bx/n/10 公 式 为\TU/lmr/m/n/10 : SUM(\TU/SimS
un(0)/bx/n/10 所 有 \TU/lmr/m/n/10 Expected \TU/SimSun(0)/bx/n/10 范 围\TU/lmr/m/n/
10 )+2× \TU/SimSun(0)/bx/n/10 总 方 差 \TU/lmr/m/n/10 =
 []

File: PSPcalculate3wks95rangeScreenshot_2022-11-26_105325.png Graphic file (typ
e bmp)
<PSPcalculate3wks95rangeScreenshot_2022-11-26_105325.png>
[90]
File: Psp手工时间表121.jpg Graphic file (type bmp)
<Psp手工时间表121.jpg>
 [91] [92]
File: psp3.jpg Graphic file (type bmp)
<psp3.jpg>
 [93] [94]
File: 5PSP_book_PERT_evm_Screen_2024-11-10_173151.jpg Graphic file (type bmp)
<5PSP_book_PERT_evm_Screen_2024-11-10_173151.jpg>
File: PSP3wksPlanScreenshot_2022-11-26_085813.jpg Graphic file (type bmp)
<PSP3wksPlanScreenshot_2022-11-26_085813.jpg>
 [95]
File: PSPend2ndWkEvScreenshot_2022-11-26_091326.jpg Graphic file (type bmp)
<PSPend2ndWkEvScreenshot_2022-11-26_091326.jpg>

Underfull \hbox (badness 10000) in paragraph at lines 379--380

 []


Underfull \hbox (badness 10000) in paragraph at lines 384--386

 []

) [96]
\openout2 = `appch6gsrjgm-sec.aux'.

 (./appch6gsrjgm-sec.tex
Chapter 6.

Package hyperref Warning: Difference (2) between bookmark levels is greater 
(hyperref)                than one, level fixed on input line 4.


Underfull \hbox (badness 10000) in paragraph at lines 15--16

 []

[97



] [98]
Underfull \hbox (badness 10000) in paragraph at lines 106--107

 []


Underfull \hbox (badness 10000) in paragraph at lines 128--129

 []

[99]
Underfull \hbox (badness 10000) in paragraph at lines 144--145

 []


Underfull \hbox (badness 10000) in paragraph at lines 164--165

 []


Underfull \hbox (badness 10000) in paragraph at lines 171--173

 []

[100]
File: 6_网约车.jpg Graphic file (type bmp)
<6_网约车.jpg>
 [101] [102]
File: 实体行为.jpg Graphic file (type bmp)
<实体行为.jpg>
 [103]
Underfull \hbox (badness 10000) in paragraph at lines 383--385

 []

File: 微信截图_20241024151135.jpg Graphic file (type bmp)
<微信截图_20241024151135.jpg>
File: 微信截图_20241023102437.jpg Graphic file (type bmp)
<微信截图_20241023102437.jpg>
[104] [105]
Underfull \hbox (badness 10000) in paragraph at lines 472--475

 []

[106] [107]
Underfull \hbox (badness 10000) in paragraph at lines 624--626

 []


Underfull \hbox (badness 10000) in paragraph at lines 627--629

 []


Underfull \hbox (badness 10000) in paragraph at lines 629--631

 []


Underfull \hbox (badness 10000) in paragraph at lines 632--634

 []


Underfull \hbox (badness 10000) in paragraph at lines 634--636

 []


Underfull \hbox (badness 10000) in paragraph at lines 637--638

 []

[108]
Underfull \hbox (badness 10000) in paragraph at lines 682--684

 []


Underfull \hbox (badness 10000) in paragraph at lines 686--687

 []

[109]
File: Screenshotfrom2023-11-1302-05-21.png Graphic file (type bmp)
<Screenshotfrom2023-11-1302-05-21.png>
 [110] [111]
Underfull \hbox (badness 10000) in paragraph at lines 875--876

 []

File: 答案与解读11.jpg Graphic file (type bmp)
<答案与解读11.jpg>
File: 微信截图_20241021091913.jpg Graphic file (type bmp)
<微信截图_20241021091913.jpg>
[112]
File: Screenshotfrom2024-10-2423-11-26.png Graphic file (type bmp)
<Screenshotfrom2024-10-2423-11-26.png>

Underfull \hbox (badness 10000) in paragraph at lines 943--944

 []

[113]
Underfull \hbox (badness 10000) in paragraph at lines 953--954

 []


Underfull \hbox (badness 10000) in paragraph at lines 963--964

 []

File: 微信截图_20241024094600.jpg Graphic file (type bmp)
<微信截图_20241024094600.jpg>
File: 115页替换图片.jpg Graphic file (type bmp)
<115页替换图片.jpg>
[114]
File: 微信截图_20241023163812.jpg Graphic file (type bmp)
<微信截图_20241023163812.jpg>

Underfull \hbox (badness 10000) in paragraph at lines 1018--1021

 []


Underfull \hbox (badness 10000) in paragraph at lines 1021--1024

 []

) [115]
\openout2 = `appch7gsgzl-sec.aux'.

 (./appch7gsgzl-sec.tex [116



]
Chapter 7.
[117]
Underfull \hbox (badness 10000) in paragraph at lines 34--50

 []


Underfull \hbox (badness 10000) in paragraph at lines 52--53

 []


Underfull \hbox (badness 10000) in paragraph at lines 54--55

 []

File: EFFP_11-3.jpg Graphic file (type bmp)
<EFFP_11-3.jpg>

Underfull \hbox (badness 10000) in paragraph at lines 68--76

 []

[118]
Underfull \hbox (badness 10000) in paragraph at lines 81--100

 []


Underfull \hbox (badness 10000) in paragraph at lines 113--116

 []

[119]
Underfull \hbox (badness 10000) in paragraph at lines 129--135

 []

File: 甘特图.jpg Graphic file (type bmp)
<甘特图.jpg>

Underfull \hbox (badness 10000) in paragraph at lines 140--143

 []

File: 微信截图_20241108085024.jpg Graphic file (type bmp)
<微信截图_20241108085024.jpg>

Underfull \hbox (badness 10000) in paragraph at lines 146--150

 []

File: 红花绿灯1.jpg Graphic file (type bmp)
<红花绿灯1.jpg>

Underfull \hbox (badness 10000) in paragraph at lines 155--156

 []


Underfull \hbox (badness 10000) in paragraph at lines 157--158

 []

[120]
Underfull \hbox (badness 10000) in paragraph at lines 159--160

 []


Underfull \hbox (badness 10000) in paragraph at lines 165--166

 []

File: 微信图片_20230105131327.jpg Graphic file (type bmp)
<微信图片_20230105131327.jpg>

Underfull \hbox (badness 10000) in paragraph at lines 182--183

 []

File: EFFP_11-9.jpg Graphic file (type bmp)
<EFFP_11-9.jpg>
[121]
File: EFFP_11-10.jpg Graphic file (type bmp)
<EFFP_11-10.jpg>


Package hyperref Warning: Difference (2) between bookmark levels is greater 
(hyperref)                than one, level fixed on input line 233.

[122] [123]
File: 20241104_175329.jpg Graphic file (type bmp)
<20241104_175329.jpg>
 [124]
Underfull \hbox (badness 10000) in paragraph at lines 345--346

 []


Underfull \hbox (badness 10000) in paragraph at lines 347--348

 []


Underfull \hbox (badness 10000) in paragraph at lines 352--353

 []


Underfull \hbox (badness 10000) in paragraph at lines 371--373

 []


Underfull \hbox (badness 10000) in paragraph at lines 373--375

 []


Underfull \hbox (badness 10000) in paragraph at lines 375--376

 []


Underfull \hbox (badness 10000) in paragraph at lines 384--386

 []


Underfull \hbox (badness 10000) in paragraph at lines 386--390

 []

[125]
Underfull \hbox (badness 10000) in paragraph at lines 390--392

 []


Underfull \hbox (badness 10000) in paragraph at lines 400--402

 []


Underfull \hbox (badness 10000) in paragraph at lines 402--404

 []


Underfull \hbox (badness 10000) in paragraph at lines 404--407

 []


Underfull \hbox (badness 10000) in paragraph at lines 407--408

 []


Underfull \hbox (badness 10000) in paragraph at lines 413--421

 []


Underfull \hbox (badness 10000) in paragraph at lines 428--430

 []


Underfull \hbox (badness 10000) in paragraph at lines 430--431

 []

) [126] [127


] [128] [129]
\openout2 = `appch8hqgczc-sec.aux'.

 (./appch8hqgczc-sec.tex [130


]
Chapter 8.

Underfull \hbox (badness 10000) in paragraph at lines 4--9

 []


Underfull \hbox (badness 10000) in paragraph at lines 10--11

 []


Package hyperref Warning: Difference (2) between bookmark levels is greater 
(hyperref)                than one, level fixed on input line 14.


Underfull \hbox (badness 10000) in paragraph at lines 16--25

 []

[131]
Underfull \hbox (badness 10000) in paragraph at lines 35--37

 []

File: 方案书1.jpg Graphic file (type bmp)
<方案书1.jpg>

Underfull \hbox (badness 10000) in paragraph at lines 38--39

 []


Underfull \hbox (badness 10000) in paragraph at lines 42--50

 []

[132]
Underfull \hbox (badness 10000) in paragraph at lines 55--57

 []

File: 138页替换图片.png Graphic file (type bmp)
<138页替换图片.png>

Underfull \hbox (badness 10000) in paragraph at lines 58--59

 []


Underfull \hbox (badness 10000) in paragraph at lines 62--69

 []


Underfull \hbox (badness 10000) in paragraph at lines 74--75

 []

File: 三角形.jpg Graphic file (type bmp)
<三角形.jpg>
) [133] [134]
\openout2 = `appch9xzgjjh-sec.aux'.

 (./appch9xzgjjh-sec.tex
Chapter 9.

Underfull \hbox (badness 10000) in paragraph at lines 3--8

 []


Package hyperref Warning: Difference (2) between bookmark levels is greater 
(hyperref)                than one, level fixed on input line 11.

File: 图9-1.jpg Graphic file (type bmp)
<图9-1.jpg>
[135



]
Underfull \hbox (badness 10000) in paragraph at lines 30--37

 []

[136] [137] [138]
Underfull \hbox (badness 10000) in paragraph at lines 129--133

 []

[139]
Underfull \hbox (badness 10000) in paragraph at lines 134--136

 []

File: 三个圈圈20241028.jpg Graphic file (type bmp)
<三个圈圈20241028.jpg>
[140]
File: 图2-2.jpg Graphic file (type bmp)
<图2-2.jpg>
 [141]
Underfull \hbox (badness 10000) in paragraph at lines 201--202

 []

[142]
Underfull \hbox (badness 10000) in paragraph at lines 227--231

 []

File: 000.jpg Graphic file (type bmp)
<000.jpg>
[143]
Underfull \hbox (badness 10000) in paragraph at lines 254--255

 []

[144]
Underfull \hbox (badness 10000) in paragraph at lines 288--289

 []


Underfull \hbox (badness 10000) in paragraph at lines 299--300

 []


Underfull \hbox (badness 10000) in paragraph at lines 318--319

 []

[145]
File: 微信图片_20241101153835.jpg Graphic file (type bmp)
<微信图片_20241101153835.jpg>
File: 131.jpg Graphic file (type bmp)
<131.jpg>
 [146]
Underfull \hbox (badness 10000) in paragraph at lines 416--417

 []

) [147] [148


] [149] [150] [151]
\openout2 = `appch10ebyz-sec.aux'.

 (./appch10ebyz-sec.tex [152


]
Chapter 10.

Underfull \hbox (badness 10000) in paragraph at lines 4--7

 []


Underfull \hbox (badness 10000) in paragraph at lines 26--34

 []

File: 微信截图_20231023085822.png Graphic file (type bmp)
<微信截图_20231023085822.png>
[153]

Package hyperref Warning: Difference (2) between bookmark levels is greater 
(hyperref)                than one, level fixed on input line 51.

File: Diagram_20.png Graphic file (type bmp)
<Diagram_20.png>
[154]
Underfull \hbox (badness 10000) in paragraph at lines 76--89

 []

[155]
File: Juran_f519.jpg Graphic file (type bmp)
<Juran_f519.jpg>
File: ToolsParetoScreenshot_2023-06-02_191628.jpg Graphic file (type bmp)
<ToolsParetoScreenshot_2023-06-02_191628.jpg>
 [156]
File: 162页替换图片.png Graphic file (type bmp)
<162页替换图片.png>
File: 微信截图_20241023163129.jpg Graphic file (type bmp)
<微信截图_20241023163129.jpg>
 [157]
File: 微信截图_20241023163423.jpg Graphic file (type bmp)
<微信截图_20241023163423.jpg>
File: AR1成本占比.jpg Graphic file (type bmp)
<AR1成本占比.jpg>
 [158]
File: MGR_f11.jpg Graphic file (type bmp)
<MGR_f11.jpg>
) [159]
\openout2 = `appch11tdxzfxgy-sec.aux'.

 (./appch11tdxzfxgy-sec.tex [160



]
Chapter 11.

Underfull \hbox (badness 10000) in paragraph at lines 30--33

 []

File: Epg-car31-1.png Graphic file (type bmp)
<Epg-car31-1.png>
[161]
Underfull \hbox (badness 10000) in paragraph at lines 37--41

 []

File: CRairportDelayScreenshot_2023-06-02_191306.jpg Graphic file (type bmp)
<CRairportDelayScreenshot_2023-06-02_191306.jpg>
[162] [163]
Underfull \hbox (badness 10000) in paragraph at lines 113--115

 []


Underfull \hbox (badness 10000) in paragraph at lines 129--140

 []

[164] [165] [166]
File: 微信截图_20230928135611.png Graphic file (type bmp)
<微信截图_20230928135611.png>
 [167]
File: Juran_t58.jpg Graphic file (type bmp)
<Juran_t58.jpg>

Underfull \hbox (badness 10000) in paragraph at lines 299--300

 []

File: Juran_t5101.jpg Graphic file (type bmp)
<Juran_t5101.jpg>
[168]
Underfull \hbox (badness 10000) in paragraph at lines 320--322

 []


Underfull \hbox (badness 10000) in paragraph at lines 323--324

 []

[169]
Underfull \hbox (badness 10000) in paragraph at lines 350--351

 []

File: !11airportAnalysis_Screenshot_2024-11-09_160632.jpg Graphic file (type bm
p)
<!11airportAnalysis_Screenshot_2024-11-09_160632.jpg>
[170]
Underfull \hbox (badness 10000) in paragraph at lines 383--384

 []


Underfull \hbox (badness 10000) in paragraph at lines 386--388

 []

File: 风险与机会1.png Graphic file (type bmp)
<风险与机会1.png>
[171]
File: 风险与机会2_FMEA.png Graphic file (type bmp)
<风险与机会2_FMEA.png>
File: 226页替换图片.jpg Graphic file (type bmp)
<226页替换图片.jpg>
 [172]
File: 风险与机会41.png Graphic file (type bmp)
<风险与机会41.png>
File: 风险与机会5_闹钟.png Graphic file (type bmp)
<风险与机会5_闹钟.png>
 [173]) [174]
\openout2 = `appch12ryjs-sec.aux'.

 (./appch12ryjs-sec.tex
Chapter 12.

Underfull \hbox (badness 10000) in paragraph at lines 10--11

 []


Underfull \hbox (badness 10000) in paragraph at lines 16--19

 []

File: Asch0Screenshot_2022-07-09_161023.jpg Graphic file (type bmp)
<Asch0Screenshot_2022-07-09_161023.jpg>
[175



]
File: !postItMarkerScreenshot_2023-10-27_205505.jpg Graphic file (type bmp)
<!postItMarkerScreenshot_2023-10-27_205505.jpg>
 [176]

Package hyperref Warning: Difference (2) between bookmark levels is greater 
(hyperref)                than one, level fixed on input line 54.

File: 178页替换图片.jpg Graphic file (type bmp)
<178页替换图片.jpg>
[177]
Underfull \hbox (badness 10000) in paragraph at lines 90--91

 []


Underfull \hbox (badness 10000) in paragraph at lines 99--101

 []

[178]
Underfull \hbox (badness 10000) in paragraph at lines 126--133

 []

[179] [180]
File: Asch3Screenshot_2022-07-08_2013411.png Graphic file (type bmp)
<Asch3Screenshot_2022-07-08_2013411.png>
File: Asch4Screenshot_2022-07-08_2015021.png Graphic file (type bmp)
<Asch4Screenshot_2022-07-08_2015021.png>
 [181] [182]
File: KJ1.jpg Graphic file (type bmp)
<KJ1.jpg>
File: KJ2.jpg Graphic file (type bmp)
<KJ2.jpg>
 [183]
File: KJ3.jpg Graphic file (type bmp)
<KJ3.jpg>


LaTeX Font Warning: Font shape `TU/SimSun(0)/m/it' undefined
(Font)              using `TU/SimSun(0)/m/n' instead on input line 327.

[184]
File: 206页替换图片.jpg Graphic file (type bmp)
<206页替换图片.jpg>
 [185]
File: 游戏1应与否1.png Graphic file (type bmp)
<游戏1应与否1.png>
 [186] [187]
File: 泳道图1.jpg Graphic file (type bmp)
<泳道图1.jpg>
 [188]
File: 颜色点1.jpg Graphic file (type bmp)
<颜色点1.jpg>
) [189]
\openout2 = `appch13ctdsydcxgj-sec.aux'.

 (./appch13ctdsydcxgj-sec.tex [190



]
Chapter 13.

Package hyperref Warning: Difference (2) between bookmark levels is greater 
(hyperref)                than one, level fixed on input line 8.

[191]
Underfull \hbox (badness 10000) in paragraph at lines 38--41

 []

[192]
Underfull \hbox (badness 10000) in paragraph at lines 65--67

 []

File: jalote_emm_71-1.jpg Graphic file (type bmp)
<jalote_emm_71-1.jpg>
File: Ma3_10.png Graphic file (type bmp)
<Ma3_10.png>

Underfull \hbox (badness 10000) in paragraph at lines 84--85

 []

File: 微信截图_20220316093044.jpg Graphic file (type bmp)
<微信截图_20220316093044.jpg>
[193]
File: 2DreEstimateScreenshot_2021-12-01_2120491.jpg Graphic file (type bmp)
<2DreEstimateScreenshot_2021-12-01_2120491.jpg>
 [194]
File: Sjb-1-1.png Graphic file (type bmp)
<Sjb-1-1.png>
 [195]
File: 4reworkByPhaseScreenshot_2021-12-01_2148381.jpg Graphic file (type bmp)
<4reworkByPhaseScreenshot_2021-12-01_2148381.jpg>
File: 微信截图_20231031153355.png Graphic file (type bmp)
<微信截图_20231031153355.png>
 [196] [197]
Underfull \hbox (badness 10000) in paragraph at lines 223--224

 []

File: MTKL.png Graphic file (type bmp)
<MTKL.png>

Underfull \hbox (badness 10000) in paragraph at lines 234--236

 []

[198]
File: 微信截图_20230830093612-2.jpg Graphic file (type bmp)
<微信截图_20230830093612-2.jpg>
 [199]
Underfull \hbox (badness 10000) in paragraph at lines 268--274

 []

File: 缺陷表41.jpg Graphic file (type bmp)
<缺陷表41.jpg>
[200]
Underfull \hbox (badness 10000) in paragraph at lines 320--322

 []

) [201] [202


] [203] [204] [205]
\openout2 = `appch14csqdkf-sec.aux'.

 (./appch14csqdkf-sec.tex [206


]
Chapter 14.

Package hyperref Warning: Difference (2) between bookmark levels is greater 
(hyperref)                than one, level fixed on input line 10.

[207]
Underfull \hbox (badness 10000) in paragraph at lines 60--62

 []

[208]
Underfull \hbox (badness 10000) in paragraph at lines 85--95

 []

File: Lean2.jpg Graphic file (type bmp)
<Lean2.jpg>
[209]
Underfull \hbox (badness 10000) in paragraph at lines 166--170

 []

File: Value_stream_CR_Screenshot_2024-12-29_2043553.jpg Graphic file (type bmp)

<Value_stream_CR_Screenshot_2024-12-29_2043553.jpg>
[210]
Underfull \hbox (badness 10000) in paragraph at lines 186--187

 []

[211]
File: VmodelScreenshot_2024-04-21_180054_3.jpg Graphic file (type bmp)
<VmodelScreenshot_2024-04-21_180054_3.jpg>

Underfull \hbox (badness 10000) in paragraph at lines 261--264

 []

[212]
Underfull \hbox (badness 10000) in paragraph at lines 264--267

 []


Underfull \hbox (badness 10000) in paragraph at lines 267--270

 []

) [213]
\openout2 = `appch15dmcg-sec.aux'.

 (./appch15dmcg-sec.tex [214



]
Chapter 15.

Package hyperref Warning: Difference (2) between bookmark levels is greater 
(hyperref)                than one, level fixed on input line 20.


Underfull \hbox (badness 10000) in paragraph at lines 22--28

 []

[215]
Underfull \hbox (badness 10000) in paragraph at lines 48--50

 []

[216]
File: Naivelayeringscheme.jpg Graphic file (type bmp)
<Naivelayeringscheme.jpg>
File: Invertedlayering_1.jpg Graphic file (type bmp)
<Invertedlayering_1.jpg>
 [217]
File: tdd_3-1.jpg Graphic file (type bmp)
<tdd_3-1.jpg>
 [218]
File: tdd_3-2.jpg Graphic file (type bmp)
<tdd_3-2.jpg>
File: tdd_1.jpg Graphic file (type bmp)
<tdd_1.jpg>
 [219]
Underfull \hbox (badness 10000) in paragraph at lines 164--167

 []


Underfull \hbox (badness 10000) in paragraph at lines 167--169

 []


Underfull \hbox (badness 10000) in paragraph at lines 169--171

 []

) [220]
\openout2 = `appch16psyjdbc-sec.aux'.

 (./appch16psyjdbc-sec.tex
Chapter 16.

Package hyperref Warning: Difference (2) between bookmark levels is greater 
(hyperref)                than one, level fixed on input line 9.

[221



]
Underfull \hbox (badness 10000) in paragraph at lines 25--29

 []

File: Interview_Parnas_Screenshot_2025-01-21_162541.jpg Graphic file (type bmp)

<Interview_Parnas_Screenshot_2025-01-21_162541.jpg>
[222] [223]
Underfull \hbox (badness 10000) in paragraph at lines 133--135

 []


Underfull \hbox (badness 10000) in paragraph at lines 139--145

 []


Underfull \hbox (badness 10000) in paragraph at lines 157--158

 []

[224]
Underfull \hbox (badness 10000) in paragraph at lines 179--180

 []

File: Screenshotfrom2025-02-1620-57-07.png Graphic file (type bmp)
<Screenshotfrom2025-02-1620-57-07.png>
) [225]
\openout2 = `appch17cxjc-sec.aux'.

 (./appch17cxjc-sec.tex [226



]
Chapter 17.

Package hyperref Warning: Difference (2) between bookmark levels is greater 
(hyperref)                than one, level fixed on input line 7.

[227] [228]
File: !DeployPipelineScreenshot_2022-05-20_210104.jpg Graphic file (type bmp)
<!DeployPipelineScreenshot_2022-05-20_210104.jpg>
 [229]
Underfull \hbox (badness 10000) in paragraph at lines 139--140

 []


Underfull \hbox (badness 10000) in paragraph at lines 151--153

 []

File: Acp3-131.png Graphic file (type bmp)
<Acp3-131.png>
[230] [231] [232]
Underfull \hbox (badness 10000) in paragraph at lines 268--271

 []


Underfull \hbox (badness 10000) in paragraph at lines 278--280

 []


Overfull \hbox (26.99203pt too wide) in paragraph at lines 280--283
[]\TU/lmr/m/n/10 Shore, James. ”Continuous integration on a dollar a day” (www.
jamesshore.com) 
 []


Underfull \hbox (badness 10000) in paragraph at lines 280--283

 []


Underfull \hbox (badness 10000) in paragraph at lines 283--284

 []

) [233]
\openout2 = `appch18rjxq-sec.aux'.

 (./appch18rjxq-sec.tex [234



]
Chapter 18.

Package hyperref Warning: Difference (2) between bookmark levels is greater 
(hyperref)                than one, level fixed on input line 4.

[235]
File: 当前未来.jpg Graphic file (type bmp)
<当前未来.jpg>

Underfull \hbox (badness 10000) in paragraph at lines 50--57

 []

File: RDM13_s15.jpg Graphic file (type bmp)
<RDM13_s15.jpg>
[236]
File: 需求p21.jpg Graphic file (type bmp)
<需求p21.jpg>
 [237] [238] [239]
Underfull \hbox (badness 10000) in paragraph at lines 223--224

 []

File: 19_满意度.jpg Graphic file (type bmp)
<19_满意度.jpg>
[240]
File: 19_不满意度.jpg Graphic file (type bmp)
<19_不满意度.jpg>
 [241]
Underfull \hbox (badness 10000) in paragraph at lines 374--375

 []


Underfull \hbox (badness 10000) in paragraph at lines 376--377

 []

[242]
File: 296页替换图片.jpg Graphic file (type bmp)
<296页替换图片.jpg>
 [243]
File: 19_满意程度.jpg Graphic file (type bmp)
<19_满意程度.jpg>
 [244]
Underfull \hbox (badness 10000) in paragraph at lines 578--582

 []


Underfull \hbox (badness 10000) in paragraph at lines 582--583

 []

) [245]
\openout2 = `appch19xzgjzgxt-sec.aux'.

 (./appch19xzgjzgxt-sec.tex [246



]
Chapter 19.

Package hyperref Warning: Difference (2) between bookmark levels is greater 
(hyperref)                than one, level fixed on input line 10.

[247]
Underfull \hbox (badness 10000) in paragraph at lines 35--36

 []


Underfull \hbox (badness 10000) in paragraph at lines 38--41

 []

[248] [249]
File: 贷款流程图2.jpg Graphic file (type bmp)
<贷款流程图2.jpg>
 [250]
File: 上市价值流图.jpg Graphic file (type bmp)
<上市价值流图.jpg>
 [251]
Underfull \hbox (badness 10000) in paragraph at lines 226--229

 []


Underfull \hbox (badness 10000) in paragraph at lines 229--231

 []

) [252]
\openout2 = `appch20caidzjsj-sec.aux'.

 (./appch20caidzjsj-sec.tex
Chapter 20.

Underfull \hbox (badness 10000) in paragraph at lines 4--10

 []


Package hyperref Warning: Difference (2) between bookmark levels is greater 
(hyperref)                than one, level fixed on input line 12.

[253



] [254]
Underfull \hbox (badness 10000) in paragraph at lines 86--88

 []


Underfull \hbox (badness 10000) in paragraph at lines 96--103

 []

[255]
File: Rotary_dial_phone_Screenshot_2025-02-11_091618.jpg Graphic file (type bmp
)
<Rotary_dial_phone_Screenshot_2025-02-11_091618.jpg>

Underfull \hbox (badness 10000) in paragraph at lines 116--117

 []


Underfull \hbox (badness 10000) in paragraph at lines 126--127

 []


Underfull \hbox (badness 10000) in paragraph at lines 140--141

 []

[256]
Underfull \hbox (badness 10000) in paragraph at lines 159--160

 []


Underfull \hbox (badness 10000) in paragraph at lines 174--175

 []

File: 围棋1.jpg Graphic file (type bmp)
<围棋1.jpg>
[257]
File: Et.jpg Graphic file (type bmp)
<Et.jpg>
 [258]
Overfull \vbox (66.47305pt too high) has occurred while \output is active []


[259] [260]
Underfull \hbox (badness 10000) in paragraph at lines 240--242

 []

File: 煤矿图2.jpg Graphic file (type bmp)
<煤矿图2.jpg>
[261] [262]
Underfull \hbox (badness 10000) in paragraph at lines 266--269

 []

File: 长壁.jpg Graphic file (type bmp)
<长壁.jpg>
[263]
Underfull \hbox (badness 10000) in paragraph at lines 290--292

 []

File: Screenshotfrom2025-02-1720-41-57.png Graphic file (type bmp)
<Screenshotfrom2025-02-1720-41-57.png>

Underfull \hbox (badness 10000) in paragraph at lines 297--298

 []

File: Screenshotfrom2025-02-1720-43-11.png Graphic file (type bmp)
<Screenshotfrom2025-02-1720-43-11.png>
[264]
Underfull \hbox (badness 10000) in paragraph at lines 304--305

 []

File: Screenshotfrom2025-02-1720-43-42.png Graphic file (type bmp)
<Screenshotfrom2025-02-1720-43-42.png>

Underfull \hbox (badness 10000) in paragraph at lines 359--360

 []

File: 微信截图_20250208140421.jpg Graphic file (type bmp)
<微信截图_20250208140421.jpg>
[265]
File: 微信截图_20250208140529.jpg Graphic file (type bmp)
<微信截图_20250208140529.jpg>

Underfull \hbox (badness 10000) in paragraph at lines 388--389

 []

File: Screenshotfrom2025-02-1720-47-07.png Graphic file (type bmp)
<Screenshotfrom2025-02-1720-47-07.png>
File: 微信截图_20250208140612.jpg Graphic file (type bmp)
<微信截图_20250208140612.jpg>
[266]) [267] [268


] [269] [270] [271]
\openout2 = `appch21qxlhmb-sec.aux'.

 (./appch21qxlhmb-sec.tex [272


]
Chapter 21.
[273]
File: P10CcScreenshot_2021-09-25_104057.png Graphic file (type bmp)
<P10CcScreenshot_2021-09-25_104057.png>


Package hyperref Warning: Difference (2) between bookmark levels is greater 
(hyperref)                than one, level fixed on input line 59.

File: DistillWaterCC.jpg Graphic file (type bmp)
<DistillWaterCC.jpg>
[274]
Underfull \hbox (badness 10000) in paragraph at lines 68--73

 []

File: NormalDistPicture1-1.jpg Graphic file (type bmp)
<NormalDistPicture1-1.jpg>

Underfull \hbox (badness 10000) in paragraph at lines 78--81

 []

[275]
Underfull \hbox (badness 10000) in paragraph at lines 85--89

 []

File: The_key_fig1311.png Graphic file (type bmp)
<The_key_fig1311.png>
File: The_key_fig1511.jpg Graphic file (type bmp)
<The_key_fig1511.jpg>

Underfull \hbox (badness 10000) in paragraph at lines 94--100

 []

File: 贸易逆差1.jpg Graphic file (type bmp)
<贸易逆差1.jpg>

Underfull \hbox (badness 10000) in paragraph at lines 103--105

 []

File: 贸易逆差2.jpg Graphic file (type bmp)
<贸易逆差2.jpg>
[276]
File: 静脉导管1.jpg Graphic file (type bmp)
<静脉导管1.jpg>
 [277]
Underfull \hbox (badness 10000) in paragraph at lines 118--119

 []

[278]
File: M3_CC_figure1.jpg Graphic file (type bmp)
<M3_CC_figure1.jpg>
File: 控制图0.jpg Graphic file (type bmp)
<控制图0.jpg>
 [279] [280]

Package amsmath Warning: Foreign command \over;
(amsmath)                \frac or \genfrac should be used instead
(amsmath)                 on input line 249.


Underfull \hbox (badness 10000) in paragraph at lines 268--271

 []

Missing character: There is no 文 in font [lmroman10-regular]:mapping=tex-text;!
Missing character: There is no 件 in font [lmroman10-regular]:mapping=tex-text;!
Missing character: There is no 微 in font [lmroman10-regular]:mapping=tex-text;!
Missing character: There is no 信 in font [lmroman10-regular]:mapping=tex-text;!
Missing character: There is no 截 in font [lmroman10-regular]:mapping=tex-text;!
Missing character: There is no 图 in font [lmroman10-regular]:mapping=tex-text;!
[281]
File: 微信截图_20210927084548.png Graphic file (type bmp)
<微信截图_20210927084548.png>
File: 微信截图_20210927084434.png Graphic file (type bmp)
<微信截图_20210927084434.png>

Underfull \hbox (badness 10000) in paragraph at lines 330--332

 []

[282]
File: 基于样本.jpg Graphic file (type bmp)
<基于样本.jpg>

Underfull \hbox (badness 10000) in paragraph at lines 341--342

 []

File: 微信截图_20231027083326.png Graphic file (type bmp)
<微信截图_20231027083326.png>

Underfull \hbox (badness 10000) in paragraph at lines 347--348

 []

File: 366页替换图片.jpg Graphic file (type bmp)
<366页替换图片.jpg>
[283]
Underfull \hbox (badness 10000) in paragraph at lines 363--369

 []

) [284]
\openout2 = `appch22jxhtjfx-sec.aux'.

 (./appch22jxhtjfx-sec.tex
Chapter 22.

Underfull \hbox (badness 10000) in paragraph at lines 3--9

 []


Package hyperref Warning: Difference (2) between bookmark levels is greater 
(hyperref)                than one, level fixed on input line 11.

[285



] [286]
Underfull \hbox (badness 10000) in paragraph at lines 84--85

 []


Underfull \hbox (badness 10000) in paragraph at lines 92--95

 []

File: MA_FA4_10.png Graphic file (type bmp)
<MA_FA4_10.png>

Underfull \hbox (badness 10000) in paragraph at lines 96--100

 []

[287]
File: WW2Screenshot_2021-04-07_2220541.jpg Graphic file (type bmp)
<WW2Screenshot_2021-04-07_2220541.jpg>
File: 儿童MA1.jpg Graphic file (type bmp)
<儿童MA1.jpg>
 [288]
Underfull \hbox (badness 10000) in paragraph at lines 130--134

 []


Underfull \hbox (badness 10000) in paragraph at lines 141--149

 []

[289]
File: 美国中西部房价.jpg Graphic file (type bmp)
<美国中西部房价.jpg>
File: 人数薪水.jpg Graphic file (type bmp)
<人数薪水.jpg>
 [290]
Underfull \hbox (badness 10000) in paragraph at lines 178--180

 []


Underfull \hbox (badness 10000) in paragraph at lines 185--192

 []


Underfull \hbox (badness 10000) in paragraph at lines 185--192

 []

File: 图片61-11.png Graphic file (type bmp)
<图片61-11.png>

Underfull \hbox (badness 10000) in paragraph at lines 195--199

 []

[291] [292] [293] [294]
File: 4chiSquareDataScreenshot_2022-07-24_110053.jpg Graphic file (type bmp)
<4chiSquareDataScreenshot_2022-07-24_110053.jpg>

Underfull \hbox (badness 10000) in paragraph at lines 446--448

 []


Underfull \hbox (badness 10000) in paragraph at lines 459--462

 []


Underfull \hbox (badness 10000) in paragraph at lines 462--465

 []


Underfull \hbox (badness 10000) in paragraph at lines 465--467

 []

) [295]
\openout2 = `appch23zwjdc-sec.aux'.

 (./appch23zwjdc-sec.tex [296



]
Chapter 23.

Underfull \hbox (badness 10000) in paragraph at lines 9--14

 []


Package hyperref Warning: Difference (2) between bookmark levels is greater 
(hyperref)                than one, level fixed on input line 16.

[297]
File: 高流失率.jpg Graphic file (type bmp)
<高流失率.jpg>
 [298]
Underfull \hbox (badness 10000) in paragraph at lines 54--56

 []

File: WeisbordP2191.jpg Graphic file (type bmp)
<WeisbordP2191.jpg>
[299]
Underfull \hbox (badness 10000) in paragraph at lines 90--91

 []


Underfull \hbox (badness 10000) in paragraph at lines 96--97

 []

[300]
File: tys51_101.jpg Graphic file (type bmp)
<tys51_101.jpg>

Underfull \hbox (badness 10000) in paragraph at lines 108--119

 []

[301]
Underfull \hbox (badness 10000) in paragraph at lines 135--136

 []


Underfull \hbox (badness 10000) in paragraph at lines 146--147

 []

File: 建模型.jpg Graphic file (type bmp)
<建模型.jpg>
[302]) [303]
\openout2 = `appch24ycmx-sec.aux'.

 (./appch24ycmx-sec.tex [304



]
Chapter 24.

Underfull \hbox (badness 10000) in paragraph at lines 3--8

 []


Package hyperref Warning: Difference (2) between bookmark levels is greater 
(hyperref)                than one, level fixed on input line 10.

[305] [306] [307]
Overfull \hbox (7.51006pt too wide) in alignment at lines 158--160
 [] 
 []


Overfull \hbox (7.51006pt too wide) in alignment at lines 160--164
 [] 
 []

[308]
Underfull \hbox (badness 10000) in paragraph at lines 186--189
[]\TU/SimSun(0)/bx/n/10 数 据 \TU/lmr/m/n/10 (dataset) : []$[][][][][] [] [] [] [
][][] [] [][][][][][] [] [][][] [] [][][][][][][][] [] [][][][][][][][][][][] [
]
 []


Underfull \hbox (badness 10000) in paragraph at lines 195--196

 []

[309]) [310] [311


] [312] [313]
\openout2 = `appch25cgrdgs-sec.aux'.

 (./appch25cgrdgs-sec.tex [314


]
Chapter 25.

Underfull \hbox (badness 10000) in paragraph at lines 3--6

 []


Package hyperref Warning: Difference (2) between bookmark levels is greater 
(hyperref)                than one, level fixed on input line 8.


Overfull \hbox (1123.24007pt too wide) in alignment at lines 19--21
 [] 
 []


Overfull \hbox (1123.24007pt too wide) in alignment at lines 21--25
 [] 
 []

Missing character: There is no ′ in font [lmroman10-regular]:mapping=tex-text;!
[315]
Underfull \hbox (badness 10000) in paragraph at lines 41--43

 []

Missing character: There is no ′ in font [lmroman10-regular]:mapping=tex-text;!
Missing character: There is no ″ in font [lmroman10-regular]:mapping=tex-text;!
Missing character: There is no ′ in font [lmroman10-regular]:mapping=tex-text;!
Missing character: There is no ″ in font [lmroman10-regular]:mapping=tex-text;!

Overfull \hbox (1073.17003pt too wide) in alignment at lines 94--96
 [] 
 []


Overfull \hbox (1073.17003pt too wide) in alignment at lines 96--103
 [] 
 []

[316] [317] [318]
Overfull \hbox (539.79471pt too wide) in alignment at lines 165--167
 [] 
 []


Overfull \hbox (539.79471pt too wide) in alignment at lines 167--170
 [] 
 []

[319] [320] [321] [322]
Underfull \hbox (badness 10000) in paragraph at lines 324--328

 []

[323]
Overfull \hbox (1038.56001pt too wide) in alignment at lines 341--343
 [] 
 []


Overfull \hbox (1038.56001pt too wide) in alignment at lines 343--350
 [] 
 []


Underfull \hbox (badness 10000) in paragraph at lines 378--379

 []

[324] [325]
Overfull \hbox (659.05472pt too wide) in alignment at lines 434--436
 [] 
 []


Overfull \hbox (659.05472pt too wide) in alignment at lines 436--439
 [] 
 []

[326]
Underfull \hbox (badness 10000) in paragraph at lines 456--459

 []


Underfull \hbox (badness 10000) in paragraph at lines 459--461

 []

) [327]
\openout2 = `appch26bjsj-sec.aux'.

 (./appch26bjsj-sec.tex [328



]
Chapter 26.

Underfull \hbox (badness 10000) in paragraph at lines 25--26

 []

[329]
Underfull \hbox (badness 10000) in paragraph at lines 44--45

 []


Underfull \hbox (badness 10000) in paragraph at lines 47--49

 []

[330]

Package hyperref Warning: Difference (2) between bookmark levels is greater 
(hyperref)                than one, level fixed on input line 68.

[331]
Underfull \hbox (badness 10000) in paragraph at lines 144--145

 []

[332]) [333]
\openout2 = `appch27gyy-sec.aux'.

 (./appch27gyy-sec.tex [334



]
Chapter 27.

Package hyperref Warning: Difference (2) between bookmark levels is greater 
(hyperref)                than one, level fixed on input line 11.

[335]
Overfull \hbox (774.97003pt too wide) in alignment at lines 51--53
 [] 
 []


Overfull \hbox (774.97003pt too wide) in alignment at lines 53--57
 [] 
 []


Underfull \hbox (badness 10000) in paragraph at lines 59--60

 []

[336]
Missing character: There is no 文 in font [lmroman10-regular]:mapping=tex-text;!
Missing character: There is no 件 in font [lmroman10-regular]:mapping=tex-text;!

Underfull \hbox (badness 10000) in paragraph at lines 83--86

 []

[337]
Overfull \hbox (283.27002pt too wide) in alignment at lines 157--159
 [] 
 []


Overfull \hbox (283.27002pt too wide) in alignment at lines 159--165
 [] 
 []

[338]
Underfull \hbox (badness 10000) in paragraph at lines 222--223

 []

[339]
Underfull \hbox (badness 10000) in paragraph at lines 261--265

 []

[340] [341]
Overfull \hbox (3631.66002pt too wide) in alignment at lines 329--331
 [] 
 []


Overfull \hbox (3631.66002pt too wide) in alignment at lines 331--334
 [] 
 []


Underfull \hbox (badness 10000) in paragraph at lines 336--339

 []


Underfull \hbox (badness 10000) in paragraph at lines 343--345

 []


Overfull \hbox (894.44002pt too wide) in alignment at lines 346--348
 [] 
 []


Overfull \hbox (894.44002pt too wide) in alignment at lines 348--351
 [] 
 []

[342]
Underfull \hbox (badness 10000) in paragraph at lines 367--370

 []


Underfull \hbox (badness 10000) in paragraph at lines 370--373

 []


Underfull \hbox (badness 10000) in paragraph at lines 373--376

 []


Underfull \hbox (badness 10000) in paragraph at lines 376--377

 []

) [343] [344


] [345] [346]
\openout2 = `fjAssjlb.aux'.

 (./fjAssjlb.tex
Chapter 28.

Package hyperref Warning: Difference (2) between bookmark levels is greater 
(hyperref)                than one, level fixed on input line 4.

[347


]
Overfull \hbox (365.76471pt too wide) in alignment at lines 131--133
 [] 
 []


Overfull \hbox (365.76471pt too wide) in alignment at lines 133--138
 [] 
 []

[348]) [349] [350]
\openout2 = `fjBgcgjgf.aux'.

 (./fjBgcgjgf.tex
Chapter 29.

Package hyperref Warning: Difference (2) between bookmark levels is greater 
(hyperref)                than one, level fixed on input line 4.

[351



]
Missing character: There is no 文 in font [lmroman10-regular]:mapping=tex-text;!
Missing character: There is no 件 in font [lmroman10-regular]:mapping=tex-text;!
Missing character: There is no 组 in font [lmroman10-regular]:mapping=tex-text;!
Missing character: There is no 织 in font [lmroman10-regular]:mapping=tex-text;!
Missing character: There is no 架 in font [lmroman10-regular]:mapping=tex-text;!
Missing character: There is no 构 in font [lmroman10-regular]:mapping=tex-text;!
Missing character: There is no 图 in font [lmroman10-regular]:mapping=tex-text;!
 [352] [353] [354] [355]
Underfull \hbox (badness 10000) in paragraph at lines 199--200

 []

) [356]
\openout2 = `fjCybysjgs.aux'.

 (./fjCybysjgs.tex
Chapter 30.
[357



] [358] [359]) [360]
Package atveryend Info: Empty hook `BeforeClearDocument' on input line 291.
Package atveryend Info: Empty hook `AfterLastShipout' on input line 291.
 (./appbooksec-1112.aux (./xgq.aux) (./xu-sec.aux)
(./ganxie.aux) (./qianyan.aux) (./appch1rhgs-sec.aux) (./appch2rhctdks-sec.aux)
(./appch3kftyz-sec.aux) (./appch4sdgs-sec.aux) (./appch5lhgl-sec.aux)
(./appch6gsrjgm-sec.aux) (./appch7gsgzl-sec.aux) (./appch8hqgczc-sec.aux)
(./appch9xzgjjh-sec.aux) (./appch10ebyz-sec.aux) (./appch11tdxzfxgy-sec.aux)
(./appch12ryjs-sec.aux) (./appch13ctdsydcxgj-sec.aux) (./appch14csqdkf-sec.aux)
(./appch15dmcg-sec.aux) (./appch16psyjdbc-sec.aux) (./appch17cxjc-sec.aux)
(./appch18rjxq-sec.aux) (./appch19xzgjzgxt-sec.aux) (./appch20caidzjsj-sec.aux)
(./appch21qxlhmb-sec.aux) (./appch22jxhtjfx-sec.aux) (./appch23zwjdc-sec.aux)
(./appch24ycmx-sec.aux) (./appch25cgrdgs-sec.aux) (./appch26bjsj-sec.aux)
(./appch27gyy-sec.aux) (./fjAssjlb.aux) (./fjBgcgjgf.aux) (./fjCybysjgs.aux))
Package atveryend Info: Empty hook `AtVeryEndDocument' on input line 291.
Package atveryend Info: Executing hook `AtEndAfterFileList' on input line 291.
Package rerunfilecheck Info: File `appbooksec-1112.out' has not changed.
(rerunfilecheck)             Checksum: 84DCA78B8ED798E0621645DCE7C0339F.


LaTeX Font Warning: Some font shapes were not available, defaults substituted.


LaTeX Warning: There were multiply-defined labels.

 ) 
Here is how much of TeX's memory you used:
 29786 strings out of 494900
 606213 string characters out of 6177140
 844232 words of memory out of 5000000
 33043 multiletter control sequences out of 15000+600000
 535914 words of font info for 68 fonts, out of 8000000 for 9000
 14 hyphenation exceptions out of 8191
 57i,8n,115p,847b,531s stack positions out of 5000i,500n,10000p,200000b,80000s

Output written on appbooksec-1112.pdf (360 pages).
