This is XeTeX, Version 3.14159265-2.6-0.99999 (TeX Live 2019/dev/Debian) (preloaded format=xelatex 2022.1.10)  17 APR 2025 02:38
entering extended mode
 restricted \write18 enabled.
 %&-line parsing enabled.
**appch24ycmx-sec to convert it to pdf format
(./appch24ycmx-sec.tex
LaTeX2e <2018-12-01>
(/usr/share/texlive/texmf-dist/tex/latex/base/article.cls
Document Class: article 2018/09/03 v1.4i Standard LaTeX document class
(/usr/share/texlive/texmf-dist/tex/latex/base/size10.clo
File: size10.clo 2018/09/03 v1.4i Standard LaTeX file (size option)
)
\c@part=\count80
\c@section=\count81
\c@subsection=\count82
\c@subsubsection=\count83
\c@paragraph=\count84
\c@subparagraph=\count85
\c@figure=\count86
\c@table=\count87
\abovecaptionskip=\skip41
\belowcaptionskip=\skip42
\bibindent=\dimen102
)
(/usr/share/texmf/tex/latex/lm/lmodern.sty
Package: lmodern 2009/10/30 v1.6 Latin Modern Fonts
LaTeX Font Info:    Overwriting symbol font `operators' in version `normal'
(Font)                  OT1/cmr/m/n --> OT1/lmr/m/n on input line 22.
LaTeX Font Info:    Overwriting symbol font `letters' in version `normal'
(Font)                  OML/cmm/m/it --> OML/lmm/m/it on input line 23.
LaTeX Font Info:    Overwriting symbol font `symbols' in version `normal'
(Font)                  OMS/cmsy/m/n --> OMS/lmsy/m/n on input line 24.
LaTeX Font Info:    Overwriting symbol font `largesymbols' in version `normal'
(Font)                  OMX/cmex/m/n --> OMX/lmex/m/n on input line 25.
LaTeX Font Info:    Overwriting symbol font `operators' in version `bold'
(Font)                  OT1/cmr/bx/n --> OT1/lmr/bx/n on input line 26.
LaTeX Font Info:    Overwriting symbol font `letters' in version `bold'
(Font)                  OML/cmm/b/it --> OML/lmm/b/it on input line 27.
LaTeX Font Info:    Overwriting symbol font `symbols' in version `bold'
(Font)                  OMS/cmsy/b/n --> OMS/lmsy/b/n on input line 28.
LaTeX Font Info:    Overwriting symbol font `largesymbols' in version `bold'
(Font)                  OMX/cmex/m/n --> OMX/lmex/m/n on input line 29.
LaTeX Font Info:    Overwriting math alphabet `\mathbf' in version `normal'
(Font)                  OT1/cmr/bx/n --> OT1/lmr/bx/n on input line 31.
LaTeX Font Info:    Overwriting math alphabet `\mathsf' in version `normal'
(Font)                  OT1/cmss/m/n --> OT1/lmss/m/n on input line 32.
LaTeX Font Info:    Overwriting math alphabet `\mathit' in version `normal'
(Font)                  OT1/cmr/m/it --> OT1/lmr/m/it on input line 33.
LaTeX Font Info:    Overwriting math alphabet `\mathtt' in version `normal'
(Font)                  OT1/cmtt/m/n --> OT1/lmtt/m/n on input line 34.
LaTeX Font Info:    Overwriting math alphabet `\mathbf' in version `bold'
(Font)                  OT1/cmr/bx/n --> OT1/lmr/bx/n on input line 35.
LaTeX Font Info:    Overwriting math alphabet `\mathsf' in version `bold'
(Font)                  OT1/cmss/bx/n --> OT1/lmss/bx/n on input line 36.
LaTeX Font Info:    Overwriting math alphabet `\mathit' in version `bold'
(Font)                  OT1/cmr/bx/it --> OT1/lmr/bx/it on input line 37.
LaTeX Font Info:    Overwriting math alphabet `\mathtt' in version `bold'
(Font)                  OT1/cmtt/m/n --> OT1/lmtt/m/n on input line 38.
)
(/usr/share/texlive/texmf-dist/tex/latex/amsfonts/amssymb.sty
Package: amssymb 2013/01/14 v3.01 AMS font symbols

(/usr/share/texlive/texmf-dist/tex/latex/amsfonts/amsfonts.sty
Package: amsfonts 2013/01/14 v3.01 Basic AMSFonts support
\@emptytoks=\toks14
\symAMSa=\mathgroup4
\symAMSb=\mathgroup5
LaTeX Font Info:    Overwriting math alphabet `\mathfrak' in version `bold'
(Font)                  U/euf/m/n --> U/euf/b/n on input line 106.
))
(/usr/share/texlive/texmf-dist/tex/latex/amsmath/amsmath.sty
Package: amsmath 2018/12/01 v2.17b AMS math features
\@mathmargin=\skip43

For additional information on amsmath, use the `?' option.
(/usr/share/texlive/texmf-dist/tex/latex/amsmath/amstext.sty
Package: amstext 2000/06/29 v2.01 AMS text

(/usr/share/texlive/texmf-dist/tex/latex/amsmath/amsgen.sty
File: amsgen.sty 1999/11/30 v2.0 generic functions
\@emptytoks=\toks15
\ex@=\dimen103
))
(/usr/share/texlive/texmf-dist/tex/latex/amsmath/amsbsy.sty
Package: amsbsy 1999/11/29 v1.2d Bold Symbols
\pmbraise@=\dimen104
)
(/usr/share/texlive/texmf-dist/tex/latex/amsmath/amsopn.sty
Package: amsopn 2016/03/08 v2.02 operator names
)
\inf@bad=\count88
LaTeX Info: Redefining \frac on input line 223.
\uproot@=\count89
\leftroot@=\count90
LaTeX Info: Redefining \overline on input line 385.
\classnum@=\count91
\DOTSCASE@=\count92
LaTeX Info: Redefining \ldots on input line 482.
LaTeX Info: Redefining \dots on input line 485.
LaTeX Info: Redefining \cdots on input line 606.
\Mathstrutbox@=\box27
\strutbox@=\box28
\big@size=\dimen105
LaTeX Font Info:    Redeclaring font encoding OML on input line 729.
LaTeX Font Info:    Redeclaring font encoding OMS on input line 730.
\macc@depth=\count93
\c@MaxMatrixCols=\count94
\dotsspace@=\muskip10
\c@parentequation=\count95
\dspbrk@lvl=\count96
\tag@help=\toks16
\row@=\count97
\column@=\count98
\maxfields@=\count99
\andhelp@=\toks17
\eqnshift@=\dimen106
\alignsep@=\dimen107
\tagshift@=\dimen108
\tagwidth@=\dimen109
\totwidth@=\dimen110
\lineht@=\dimen111
\@envbody=\toks18
\multlinegap=\skip44
\multlinetaggap=\skip45
\mathdisplay@stack=\toks19
LaTeX Info: Redefining \[ on input line 2844.
LaTeX Info: Redefining \] on input line 2845.
)
(/usr/share/texlive/texmf-dist/tex/generic/ifxetex/ifxetex.sty
Package: ifxetex 2010/09/12 v0.6 Provides ifxetex conditional
)
(/usr/share/texlive/texmf-dist/tex/generic/oberdiek/ifluatex.sty
Package: ifluatex 2016/05/16 v1.4 Provides the ifluatex switch (HO)
Package ifluatex Info: LuaTeX not detected.
)
(/usr/share/texlive/texmf-dist/tex/latex/base/fixltx2e.sty
Package: fixltx2e 2016/12/29 v2.1a fixes to LaTeX (obsolete)
Applying: [2015/01/01] Old fixltx2e package on input line 46.


Package fixltx2e Warning: fixltx2e is not required with releases after 2015
(fixltx2e)                All fixes are now in the LaTeX kernel.
(fixltx2e)                See the latexrelease package for details.

Already applied: [0000/00/00] Old fixltx2e package on input line 53.
) (/usr/share/texlive/texmf-dist/tex/latex/unicode-math/unicode-math.sty
(/usr/share/texlive/texmf-dist/tex/latex/l3kernel/expl3.sty
Package: expl3 2019-02-15 L3 programming layer (loader) 

(/usr/share/texlive/texmf-dist/tex/latex/l3kernel/expl3-code.tex
Package: expl3 2019-02-15 L3 programming layer (code)
\c_max_int=\count100
\l_tmpa_int=\count101
\l_tmpb_int=\count102
\g_tmpa_int=\count103
\g_tmpb_int=\count104
\g__kernel_prg_map_int=\count105
\c_log_iow=\count106
\l_iow_line_count_int=\count107
\l__iow_line_target_int=\count108
\l__iow_one_indent_int=\count109
\l__iow_indent_int=\count110
\c_zero_dim=\dimen112
\c_max_dim=\dimen113
\l_tmpa_dim=\dimen114
\l_tmpb_dim=\dimen115
\g_tmpa_dim=\dimen116
\g_tmpb_dim=\dimen117
\c_zero_skip=\skip46
\c_max_skip=\skip47
\l_tmpa_skip=\skip48
\l_tmpb_skip=\skip49
\g_tmpa_skip=\skip50
\g_tmpb_skip=\skip51
\c_zero_muskip=\muskip11
\c_max_muskip=\muskip12
\l_tmpa_muskip=\muskip13
\l_tmpb_muskip=\muskip14
\g_tmpa_muskip=\muskip15
\g_tmpb_muskip=\muskip16
\l_keys_choice_int=\count111
\l__intarray_loop_int=\count112
\c__intarray_sp_dim=\dimen118
\g__intarray_font_int=\count113
\c__fp_leading_shift_int=\count114
\c__fp_middle_shift_int=\count115
\c__fp_trailing_shift_int=\count116
\c__fp_big_leading_shift_int=\count117
\c__fp_big_middle_shift_int=\count118
\c__fp_big_trailing_shift_int=\count119
\c__fp_Bigg_leading_shift_int=\count120
\c__fp_Bigg_middle_shift_int=\count121
\c__fp_Bigg_trailing_shift_int=\count122
\g__fp_array_int=\count123
\l__fp_array_loop_int=\count124
\l__sort_length_int=\count125
\l__sort_min_int=\count126
\l__sort_top_int=\count127
\l__sort_max_int=\count128
\l__sort_true_max_int=\count129
\l__sort_block_int=\count130
\l__sort_begin_int=\count131
\l__sort_end_int=\count132
\l__sort_A_int=\count133
\l__sort_B_int=\count134
\l__sort_C_int=\count135
\l__tl_analysis_normal_int=\count136
\l__tl_analysis_index_int=\count137
\l__tl_analysis_nesting_int=\count138
\l__tl_analysis_type_int=\count139
\l__regex_internal_a_int=\count140
\l__regex_internal_b_int=\count141
\l__regex_internal_c_int=\count142
\l__regex_balance_int=\count143
\l__regex_group_level_int=\count144
\l__regex_mode_int=\count145
\c__regex_cs_in_class_mode_int=\count146
\c__regex_cs_mode_int=\count147
\l__regex_catcodes_int=\count148
\l__regex_default_catcodes_int=\count149
\c__regex_catcode_L_int=\count150
\c__regex_catcode_O_int=\count151
\c__regex_catcode_A_int=\count152
\c__regex_all_catcodes_int=\count153
\l__regex_show_lines_int=\count154
\l__regex_min_state_int=\count155
\l__regex_max_state_int=\count156
\l__regex_left_state_int=\count157
\l__regex_right_state_int=\count158
\l__regex_capturing_group_int=\count159
\l__regex_min_pos_int=\count160
\l__regex_max_pos_int=\count161
\l__regex_curr_pos_int=\count162
\l__regex_start_pos_int=\count163
\l__regex_success_pos_int=\count164
\l__regex_curr_char_int=\count165
\l__regex_curr_catcode_int=\count166
\l__regex_last_char_int=\count167
\l__regex_case_changed_char_int=\count168
\l__regex_curr_state_int=\count169
\l__regex_step_int=\count170
\l__regex_min_active_int=\count171
\l__regex_max_active_int=\count172
\l__regex_replacement_csnames_int=\count173
\l__regex_match_count_int=\count174
\l__regex_min_submatch_int=\count175
\l__regex_submatch_int=\count176
\l__regex_zeroth_submatch_int=\count177
\g__regex_trace_regex_int=\count178
\c_empty_box=\box29
\l_tmpa_box=\box30
\l_tmpb_box=\box31
\g_tmpa_box=\box32
\g_tmpb_box=\box33
\l__box_top_dim=\dimen119
\l__box_bottom_dim=\dimen120
\l__box_left_dim=\dimen121
\l__box_right_dim=\dimen122
\l__box_top_new_dim=\dimen123
\l__box_bottom_new_dim=\dimen124
\l__box_left_new_dim=\dimen125
\l__box_right_new_dim=\dimen126
\l__box_internal_box=\box34
\l__coffin_internal_box=\box35
\l__coffin_internal_dim=\dimen127
\l__coffin_offset_x_dim=\dimen128
\l__coffin_offset_y_dim=\dimen129
\l__coffin_x_dim=\dimen130
\l__coffin_y_dim=\dimen131
\l__coffin_x_prime_dim=\dimen132
\l__coffin_y_prime_dim=\dimen133
\c_empty_coffin=\box36
\l__coffin_aligned_coffin=\box37
\l__coffin_aligned_internal_coffin=\box38
\l_tmpa_coffin=\box39
\l_tmpb_coffin=\box40
\g_tmpa_coffin=\box41
\g_tmpb_coffin=\box42
\c__coffin_empty_coffin=\box43
\l__coffin_display_coffin=\box44
\l__coffin_display_coord_coffin=\box45
\l__coffin_display_pole_coffin=\box46
\l__coffin_display_offset_dim=\dimen134
\l__coffin_display_x_dim=\dimen135
\l__coffin_display_y_dim=\dimen136
\g__file_internal_ior=\read1
\l__coffin_bounding_shift_dim=\dimen137
\l__coffin_left_corner_dim=\dimen138
\l__coffin_right_corner_dim=\dimen139
\l__coffin_bottom_corner_dim=\dimen140
\l__coffin_top_corner_dim=\dimen141
\l__coffin_scaled_total_height_dim=\dimen142
\l__coffin_scaled_width_dim=\dimen143
\l__seq_internal_a_int=\count179
\l__seq_internal_b_int=\count180
)
(/usr/share/texlive/texmf-dist/tex/latex/l3kernel/l3xdvipdfmx.def
File: l3xdvipdfmx.def 2019-02-15 v L3 Experimental driver: xdvipdfmx
\g__driver_image_int=\count181
\g__driver_pdf_object_int=\count182
))
Package: unicode-math 2019/02/15 v0.8n Unicode maths in XeLaTeX and LuaLaTeX

(/usr/share/texlive/texmf-dist/tex/latex/unicode-math/unicode-math-xetex.sty
Package: unicode-math-xetex 2019/02/15 v0.8n Unicode maths in XeLaTeX and LuaLa
TeX

(/usr/share/texlive/texmf-dist/tex/latex/l3packages/xparse/xparse.sty
Package: xparse 2018-10-17 L3 Experimental document command parser
\l__xparse_current_arg_int=\count183
\g__xparse_grabber_int=\count184
\l__xparse_m_args_int=\count185
\l__xparse_mandatory_args_int=\count186
\l__xparse_v_nesting_int=\count187
)
(/usr/share/texlive/texmf-dist/tex/latex/l3packages/l3keys2e/l3keys2e.sty
Package: l3keys2e 2018-10-17 LaTeX2e option processing using LaTeX3 keys
)
(/usr/share/texlive/texmf-dist/tex/latex/fontspec/fontspec.sty
Package: fontspec 2019/02/12 v2.7b Font selection for XeLaTeX and LuaLaTeX

(/usr/share/texlive/texmf-dist/tex/latex/fontspec/fontspec-xetex.sty
Package: fontspec-xetex 2019/02/12 v2.7b Font selection for XeLaTeX and LuaLaTe
X
\l__fontspec_script_int=\count188
\l__fontspec_language_int=\count189
\l__fontspec_strnum_int=\count190
\l__fontspec_tmp_int=\count191
\l__fontspec_tmpa_int=\count192
\l__fontspec_tmpb_int=\count193
\l__fontspec_tmpc_int=\count194
\l__fontspec_em_int=\count195
\l__fontspec_emdef_int=\count196
\l__fontspec_strong_int=\count197
\l__fontspec_strongdef_int=\count198
\l__fontspec_tmpa_dim=\dimen144
\l__fontspec_tmpb_dim=\dimen145
\l__fontspec_tmpc_dim=\dimen146

(/usr/share/texlive/texmf-dist/tex/latex/base/fontenc.sty
Package: fontenc 2018/08/11 v2.0j Standard LaTeX package

(/usr/share/texlive/texmf-dist/tex/latex/base/tuenc.def
File: tuenc.def 2018/08/11 v2.0j Standard LaTeX file
LaTeX Font Info:    Redeclaring font encoding TU on input line 82.
))
(/usr/share/texlive/texmf-dist/tex/latex/fontspec/fontspec.cfg)
LaTeX Info: Redefining \itshape on input line 4044.
LaTeX Info: Redefining \slshape on input line 4049.
LaTeX Info: Redefining \scshape on input line 4054.
LaTeX Info: Redefining \upshape on input line 4059.
LaTeX Info: Redefining \em on input line 4089.
LaTeX Info: Redefining \emph on input line 4114.
))
(/usr/share/texlive/texmf-dist/tex/latex/filehook/filehook.sty
Package: filehook 2011/10/12 v0.5d Hooks for input files
)
(/usr/share/texlive/texmf-dist/tex/latex/base/fix-cm.sty
Package: fix-cm 2015/01/14 v1.1t fixes to LaTeX

(/usr/share/texlive/texmf-dist/tex/latex/base/ts1enc.def
File: ts1enc.def 2001/06/05 v3.0e (jk/car/fm) Standard LaTeX file
))
\g__um_fam_int=\count199
\g__um_fonts_used_int=\count266
\l__um_primecount_int=\count267
\g__um_primekern_muskip=\muskip17

(/usr/share/texlive/texmf-dist/tex/latex/unicode-math/unicode-math-table.tex)

Package unicode-math Info: I'm going to patch macro \subarray.


Package unicode-math Info: I'm going to patch macro \r@@t.

)) (/usr/share/texlive/texmf-dist/tex/latex/upquote/upquote.sty
Package: upquote 2012/04/19 v1.3 upright-quote and grave-accent glyphs in verba
tim

(/usr/share/texlive/texmf-dist/tex/latex/base/textcomp.sty
Package: textcomp 2018/08/11 v2.0j Standard LaTeX package
Package textcomp Info: Sub-encoding information:
(textcomp)               5 = only ISO-Adobe without \textcurrency
(textcomp)               4 = 5 + \texteuro
(textcomp)               3 = 4 + \textohm
(textcomp)               2 = 3 + \textestimated + \textcurrency
(textcomp)               1 = TS1 - \textcircled - \t
(textcomp)               0 = TS1 (full)
(textcomp)             Font families with sub-encoding setting implement
(textcomp)             only a restricted character set as indicated.
(textcomp)             Family '?' is the default used for unknown fonts.
(textcomp)             See the documentation for details.
Package textcomp Info: Setting ? sub-encoding to TS1/1 on input line 79.

(/usr/share/texlive/texmf-dist/tex/latex/base/ts1enc.def
File: ts1enc.def 2001/06/05 v3.0e (jk/car/fm) Standard LaTeX file
LaTeX Font Info:    Redeclaring font encoding TS1 on input line 47.
)
LaTeX Info: Redefining \oldstylenums on input line 334.
Package textcomp Info: Setting cmr sub-encoding to TS1/0 on input line 349.
Package textcomp Info: Setting cmss sub-encoding to TS1/0 on input line 350.
Package textcomp Info: Setting cmtt sub-encoding to TS1/0 on input line 351.
Package textcomp Info: Setting cmvtt sub-encoding to TS1/0 on input line 352.
Package textcomp Info: Setting cmbr sub-encoding to TS1/0 on input line 353.
Package textcomp Info: Setting cmtl sub-encoding to TS1/0 on input line 354.
Package textcomp Info: Setting ccr sub-encoding to TS1/0 on input line 355.
Package textcomp Info: Setting ptm sub-encoding to TS1/4 on input line 356.
Package textcomp Info: Setting pcr sub-encoding to TS1/4 on input line 357.
Package textcomp Info: Setting phv sub-encoding to TS1/4 on input line 358.
Package textcomp Info: Setting ppl sub-encoding to TS1/3 on input line 359.
Package textcomp Info: Setting pag sub-encoding to TS1/4 on input line 360.
Package textcomp Info: Setting pbk sub-encoding to TS1/4 on input line 361.
Package textcomp Info: Setting pnc sub-encoding to TS1/4 on input line 362.
Package textcomp Info: Setting pzc sub-encoding to TS1/4 on input line 363.
Package textcomp Info: Setting bch sub-encoding to TS1/4 on input line 364.
Package textcomp Info: Setting put sub-encoding to TS1/5 on input line 365.
Package textcomp Info: Setting uag sub-encoding to TS1/5 on input line 366.
Package textcomp Info: Setting ugq sub-encoding to TS1/5 on input line 367.
Package textcomp Info: Setting ul8 sub-encoding to TS1/4 on input line 368.
Package textcomp Info: Setting ul9 sub-encoding to TS1/4 on input line 369.
Package textcomp Info: Setting augie sub-encoding to TS1/5 on input line 370.
Package textcomp Info: Setting dayrom sub-encoding to TS1/3 on input line 371.
Package textcomp Info: Setting dayroms sub-encoding to TS1/3 on input line 372.

Package textcomp Info: Setting pxr sub-encoding to TS1/0 on input line 373.
Package textcomp Info: Setting pxss sub-encoding to TS1/0 on input line 374.
Package textcomp Info: Setting pxtt sub-encoding to TS1/0 on input line 375.
Package textcomp Info: Setting txr sub-encoding to TS1/0 on input line 376.
Package textcomp Info: Setting txss sub-encoding to TS1/0 on input line 377.
Package textcomp Info: Setting txtt sub-encoding to TS1/0 on input line 378.
Package textcomp Info: Setting lmr sub-encoding to TS1/0 on input line 379.
Package textcomp Info: Setting lmdh sub-encoding to TS1/0 on input line 380.
Package textcomp Info: Setting lmss sub-encoding to TS1/0 on input line 381.
Package textcomp Info: Setting lmssq sub-encoding to TS1/0 on input line 382.
Package textcomp Info: Setting lmvtt sub-encoding to TS1/0 on input line 383.
Package textcomp Info: Setting lmtt sub-encoding to TS1/0 on input line 384.
Package textcomp Info: Setting qhv sub-encoding to TS1/0 on input line 385.
Package textcomp Info: Setting qag sub-encoding to TS1/0 on input line 386.
Package textcomp Info: Setting qbk sub-encoding to TS1/0 on input line 387.
Package textcomp Info: Setting qcr sub-encoding to TS1/0 on input line 388.
Package textcomp Info: Setting qcs sub-encoding to TS1/0 on input line 389.
Package textcomp Info: Setting qpl sub-encoding to TS1/0 on input line 390.
Package textcomp Info: Setting qtm sub-encoding to TS1/0 on input line 391.
Package textcomp Info: Setting qzc sub-encoding to TS1/0 on input line 392.
Package textcomp Info: Setting qhvc sub-encoding to TS1/0 on input line 393.
Package textcomp Info: Setting futs sub-encoding to TS1/4 on input line 394.
Package textcomp Info: Setting futx sub-encoding to TS1/4 on input line 395.
Package textcomp Info: Setting futj sub-encoding to TS1/4 on input line 396.
Package textcomp Info: Setting hlh sub-encoding to TS1/3 on input line 397.
Package textcomp Info: Setting hls sub-encoding to TS1/3 on input line 398.
Package textcomp Info: Setting hlst sub-encoding to TS1/3 on input line 399.
Package textcomp Info: Setting hlct sub-encoding to TS1/5 on input line 400.
Package textcomp Info: Setting hlx sub-encoding to TS1/5 on input line 401.
Package textcomp Info: Setting hlce sub-encoding to TS1/5 on input line 402.
Package textcomp Info: Setting hlcn sub-encoding to TS1/5 on input line 403.
Package textcomp Info: Setting hlcw sub-encoding to TS1/5 on input line 404.
Package textcomp Info: Setting hlcf sub-encoding to TS1/5 on input line 405.
Package textcomp Info: Setting pplx sub-encoding to TS1/3 on input line 406.
Package textcomp Info: Setting pplj sub-encoding to TS1/3 on input line 407.
Package textcomp Info: Setting ptmx sub-encoding to TS1/4 on input line 408.
Package textcomp Info: Setting ptmj sub-encoding to TS1/4 on input line 409.
))
(/usr/share/texlive/texmf-dist/tex/latex/microtype/microtype.sty
Package: microtype 2019/02/28 v2.7b Micro-typographical refinements (RS)

(/usr/share/texlive/texmf-dist/tex/latex/graphics/keyval.sty
Package: keyval 2014/10/28 v1.15 key=value parser (DPC)
\KV@toks@=\toks20
)
\MT@toks=\toks21
\MT@count=\count268
LaTeX Info: Redefining \textls on input line 790.
\MT@outer@kern=\dimen147
LaTeX Info: Redefining \textmicrotypecontext on input line 1336.
\MT@listname@count=\count269

(/usr/share/texlive/texmf-dist/tex/latex/microtype/microtype-xetex.def
File: microtype-xetex.def 2019/02/28 v2.7b Definitions specific to xetex (RS)
LaTeX Info: Redefining \lsstyle on input line 258.
)
Package microtype Info: Loading configuration file microtype.cfg.

(/usr/share/texlive/texmf-dist/tex/latex/microtype/microtype.cfg
File: microtype.cfg 2019/02/28 v2.7b microtype main configuration file (RS)
))
(/usr/share/texlive/texmf-dist/tex/latex/parskip/parskip.sty
Package: parskip 2019-01-16 v2.0c non-zero parskip adjustments

(/usr/share/texlive/texmf-dist/tex/latex/oberdiek/kvoptions.sty
Package: kvoptions 2016/05/16 v3.12 Key value format for package options (HO)

(/usr/share/texlive/texmf-dist/tex/generic/oberdiek/ltxcmds.sty
Package: ltxcmds 2016/05/16 v1.23 LaTeX kernel commands for general use (HO)
)
(/usr/share/texlive/texmf-dist/tex/generic/oberdiek/kvsetkeys.sty
Package: kvsetkeys 2016/05/16 v1.17 Key value parser (HO)

(/usr/share/texlive/texmf-dist/tex/generic/oberdiek/infwarerr.sty
Package: infwarerr 2016/05/16 v1.4 Providing info/warning/error messages (HO)
)
(/usr/share/texlive/texmf-dist/tex/generic/oberdiek/etexcmds.sty
Package: etexcmds 2016/05/16 v1.6 Avoid name clashes with e-TeX commands (HO)
)))
(/usr/share/texlive/texmf-dist/tex/latex/etoolbox/etoolbox.sty
Package: etoolbox 2018/08/19 v2.5f e-TeX tools for LaTeX (JAW)
\etb@tempcnta=\count270
))
(/usr/share/texlive/texmf-dist/tex/latex/hyperref/hyperref.sty
Package: hyperref 2018/11/30 v6.88e Hypertext links for LaTeX

(/usr/share/texlive/texmf-dist/tex/generic/oberdiek/hobsub-hyperref.sty
Package: hobsub-hyperref 2016/05/16 v1.14 Bundle oberdiek, subset hyperref (HO)


(/usr/share/texlive/texmf-dist/tex/generic/oberdiek/hobsub-generic.sty
Package: hobsub-generic 2016/05/16 v1.14 Bundle oberdiek, subset generic (HO)
Package: hobsub 2016/05/16 v1.14 Construct package bundles (HO)
Package hobsub Info: Skipping package `infwarerr' (already loaded).
Package hobsub Info: Skipping package `ltxcmds' (already loaded).
Package hobsub Info: Skipping package `ifluatex' (already loaded).
Package: ifvtex 2016/05/16 v1.6 Detect VTeX and its facilities (HO)
Package ifvtex Info: VTeX not detected.
Package: intcalc 2016/05/16 v1.2 Expandable calculations with integers (HO)
Package: ifpdf 2018/09/07 v3.3 Provides the ifpdf switch
Package hobsub Info: Skipping package `etexcmds' (already loaded).
Package hobsub Info: Skipping package `kvsetkeys' (already loaded).
Package: kvdefinekeys 2016/05/16 v1.4 Define keys (HO)
Package: pdftexcmds 2018/09/10 v0.29 Utility functions of pdfTeX for LuaTeX (HO
)
Package pdftexcmds Info: LuaTeX not detected.
Package pdftexcmds Info: pdfTeX >= 1.30 not detected.
Package pdftexcmds Info: \pdf@primitive is available.
Package pdftexcmds Info: \pdf@ifprimitive is available.
Package pdftexcmds Info: \pdfdraftmode not found.
Package: pdfescape 2016/05/16 v1.14 Implements pdfTeX's escape features (HO)
Package: bigintcalc 2016/05/16 v1.4 Expandable calculations on big integers (HO
)
Package: bitset 2016/05/16 v1.2 Handle bit-vector datatype (HO)
Package: uniquecounter 2016/05/16 v1.3 Provide unlimited unique counter (HO)
)
Package hobsub Info: Skipping package `hobsub' (already loaded).
Package: letltxmacro 2016/05/16 v1.5 Let assignment for LaTeX macros (HO)
Package: hopatch 2016/05/16 v1.3 Wrapper for package hooks (HO)
Package: xcolor-patch 2016/05/16 xcolor patch
Package: atveryend 2016/05/16 v1.9 Hooks at the very end of document (HO)
Package: atbegshi 2016/06/09 v1.18 At begin shipout hook (HO)
Package: refcount 2016/05/16 v3.5 Data extraction from label references (HO)
Package: hycolor 2016/05/16 v1.8 Color options for hyperref/bookmark (HO)
)
(/usr/share/texlive/texmf-dist/tex/latex/oberdiek/auxhook.sty
Package: auxhook 2016/05/16 v1.4 Hooks for auxiliary files (HO)
)
\@linkdim=\dimen148
\Hy@linkcounter=\count271
\Hy@pagecounter=\count272

(/usr/share/texlive/texmf-dist/tex/latex/hyperref/pd1enc.def
File: pd1enc.def 2018/11/30 v6.88e Hyperref: PDFDocEncoding definition (HO)
)
\Hy@SavedSpaceFactor=\count273

(/usr/share/texlive/texmf-dist/tex/latex/latexconfig/hyperref.cfg
File: hyperref.cfg 2002/06/06 v1.2 hyperref configuration of TeXLive
)
Package hyperref Info: Option `unicode' set `true' on input line 4393.

(/usr/share/texlive/texmf-dist/tex/latex/hyperref/puenc.def
File: puenc.def 2018/11/30 v6.88e Hyperref: PDF Unicode definition (HO)
)
Package hyperref Info: Hyper figures OFF on input line 4519.
Package hyperref Info: Link nesting OFF on input line 4524.
Package hyperref Info: Hyper index ON on input line 4527.
Package hyperref Info: Plain pages OFF on input line 4534.
Package hyperref Info: Backreferencing OFF on input line 4539.
Package hyperref Info: Implicit mode ON; LaTeX internals redefined.
Package hyperref Info: Bookmarks ON on input line 4772.
\c@Hy@tempcnt=\count274

(/usr/share/texlive/texmf-dist/tex/latex/url/url.sty
\Urlmuskip=\muskip18
Package: url 2013/09/16  ver 3.4  Verb mode for urls, etc.
)
LaTeX Info: Redefining \url on input line 5125.
\XeTeXLinkMargin=\dimen149
\Fld@menulength=\count275
\Field@Width=\dimen150
\Fld@charsize=\dimen151
Package hyperref Info: Hyper figures OFF on input line 6380.
Package hyperref Info: Link nesting OFF on input line 6385.
Package hyperref Info: Hyper index ON on input line 6388.
Package hyperref Info: backreferencing OFF on input line 6395.
Package hyperref Info: Link coloring OFF on input line 6400.
Package hyperref Info: Link coloring with OCG OFF on input line 6405.
Package hyperref Info: PDF/A mode OFF on input line 6410.
LaTeX Info: Redefining \ref on input line 6450.
LaTeX Info: Redefining \pageref on input line 6454.
\Hy@abspage=\count276
\c@Item=\count277
\c@Hfootnote=\count278
)
Package hyperref Info: Driver (autodetected): hxetex.

(/usr/share/texlive/texmf-dist/tex/latex/hyperref/hxetex.def
File: hxetex.def 2018/11/30 v6.88e Hyperref driver for XeTeX

(/usr/share/texlive/texmf-dist/tex/generic/oberdiek/stringenc.sty
Package: stringenc 2016/05/16 v1.11 Convert strings between diff. encodings (HO
)
)
\pdfm@box=\box47
\c@Hy@AnnotLevel=\count279
\HyField@AnnotCount=\count280
\Fld@listcount=\count281
\c@bookmark@seq@number=\count282

(/usr/share/texlive/texmf-dist/tex/latex/oberdiek/rerunfilecheck.sty
Package: rerunfilecheck 2016/05/16 v1.8 Rerun checks for auxiliary files (HO)
Package uniquecounter Info: New unique counter `rerunfilecheck' on input line 2
82.
)
\Hy@SectionHShift=\skip52
)
Package hyperref Info: Option `breaklinks' set `true' on input line 33.

(/usr/share/texlive/texmf-dist/tex/latex/tools/longtable.sty
Package: longtable 2014/10/28 v4.11 Multi-page Table package (DPC)+ FMi change
\LTleft=\skip53
\LTright=\skip54
\LTpre=\skip55
\LTpost=\skip56
\LTchunksize=\count283
\LTcapwidth=\dimen152
\LT@head=\box48
\LT@firsthead=\box49
\LT@foot=\box50
\LT@lastfoot=\box51
\LT@cols=\count284
\LT@rows=\count285
\c@LT@tables=\count286
\c@LT@chunks=\count287
\LT@p@ftn=\toks22
)
(/usr/share/texlive/texmf-dist/tex/latex/booktabs/booktabs.sty
Package: booktabs 2016/04/27 v1.618033 publication quality tables
\heavyrulewidth=\dimen153
\lightrulewidth=\dimen154
\cmidrulewidth=\dimen155
\belowrulesep=\dimen156
\belowbottomsep=\dimen157
\aboverulesep=\dimen158
\abovetopsep=\dimen159
\cmidrulesep=\dimen160
\cmidrulekern=\dimen161
\defaultaddspace=\dimen162
\@cmidla=\count288
\@cmidlb=\count289
\@aboverulesep=\dimen163
\@belowrulesep=\dimen164
\@thisruleclass=\count290
\@lastruleclass=\count291
\@thisrulewidth=\dimen165
)
(/usr/share/texlive/texmf-dist/tex/latex/mdwtools/footnote.sty
Package: footnote 1997/01/28 1.13 Save footnotes around boxes
\fn@notes=\box52
\fn@width=\dimen166
)
No file appch24ycmx-sec.aux.
\openout1 = `appch24ycmx-sec.aux'.

LaTeX Font Info:    Checking defaults for OML/cmm/m/it on input line 60.
LaTeX Font Info:    ... okay on input line 60.
LaTeX Font Info:    Checking defaults for T1/cmr/m/n on input line 60.
LaTeX Font Info:    ... okay on input line 60.
LaTeX Font Info:    Checking defaults for OT1/cmr/m/n on input line 60.
LaTeX Font Info:    ... okay on input line 60.
LaTeX Font Info:    Checking defaults for OMS/cmsy/m/n on input line 60.
LaTeX Font Info:    ... okay on input line 60.
LaTeX Font Info:    Checking defaults for TU/lmr/m/n on input line 60.
LaTeX Font Info:    ... okay on input line 60.
LaTeX Font Info:    Checking defaults for OMX/cmex/m/n on input line 60.
LaTeX Font Info:    ... okay on input line 60.
LaTeX Font Info:    Checking defaults for U/cmr/m/n on input line 60.
LaTeX Font Info:    ... okay on input line 60.
LaTeX Font Info:    Checking defaults for TS1/cmr/m/n on input line 60.
LaTeX Font Info:    ... okay on input line 60.
LaTeX Font Info:    Checking defaults for PD1/pdf/m/n on input line 60.
LaTeX Font Info:    ... okay on input line 60.
LaTeX Font Info:    Checking defaults for PU/pdf/m/n on input line 60.
LaTeX Font Info:    ... okay on input line 60.
LaTeX Font Info:    Overwriting math alphabet `\mathrm' in version `normal'
(Font)                  OT1/lmr/m/n --> TU/lmr/m/n on input line 60.
LaTeX Font Info:    Overwriting math alphabet `\mathit' in version `normal'
(Font)                  OT1/lmr/m/it --> TU/lmr/m/it on input line 60.
LaTeX Font Info:    Overwriting math alphabet `\mathbf' in version `normal'
(Font)                  OT1/lmr/bx/n --> TU/lmr/bx/n on input line 60.
LaTeX Font Info:    Overwriting math alphabet `\mathsf' in version `normal'
(Font)                  OT1/lmss/m/n --> TU/lmss/m/n on input line 60.
LaTeX Font Info:    Overwriting math alphabet `\mathsf' in version `bold'
(Font)                  OT1/lmss/bx/n --> TU/lmss/bx/n on input line 60.
LaTeX Font Info:    Overwriting math alphabet `\mathtt' in version `normal'
(Font)                  OT1/lmtt/m/n --> TU/lmtt/m/n on input line 60.
LaTeX Font Info:    Overwriting math alphabet `\mathtt' in version `bold'
(Font)                  OT1/lmtt/m/n --> TU/lmtt/bx/n on input line 60.

Package fontspec Info: latinmodern-math scale = 1.


Package fontspec Info: latinmodern-math scale = 1.


Package fontspec Info: latinmodern-math scale = 1.


Package fontspec Info: Font family 'latinmodern-math.otf(0)' created for font
(fontspec)             'latinmodern-math.otf' with options
(fontspec)             [Ligatures=TeX,Scale=MatchLowercase,BoldItalicFont={},It
alicFont={},SmallCapsFont={},Script=Math,BoldFont={latinmodern-math.otf}].
(fontspec)              
(fontspec)              This font family consists of the following NFSS
(fontspec)             series/shapes:
(fontspec)              
(fontspec)             - 'normal' (m/n) with NFSS spec.:
(fontspec)             <->s*[1]"[latinmodern-math.otf]/OT:script=math;language=
DFLT;mapping=tex-text;"
(fontspec)             - 'small caps'  (m/sc) with NFSS spec.: 
(fontspec)             - 'bold' (bx/n) with NFSS spec.:
(fontspec)             <->s*[1]"[latinmodern-math.otf]/OT:script=math;language=
DFLT;mapping=tex-text;"
(fontspec)             - 'bold small caps'  (bx/sc) with NFSS spec.: 

LaTeX Font Info:    Font shape `TU/latinmodern-math.otf(0)/m/n' will be
(Font)              scaled to size 10.0pt on input line 60.

Package fontspec Info: latinmodern-math scale = 1.


Package fontspec Info: latinmodern-math scale = 1.


Package fontspec Info: latinmodern-math scale = 1.


Package fontspec Info: latinmodern-math scale = 1.


Package fontspec Info: latinmodern-math scale = 1.


Package fontspec Info: Font family 'latinmodern-math.otf(1)' created for font
(fontspec)             'latinmodern-math.otf' with options
(fontspec)             [Ligatures=TeX,Scale=MatchLowercase,BoldItalicFont={},It
alicFont={},SmallCapsFont={},Script=Math,SizeFeatures={{Size=8.5-},{Size=6-8.5,
Font=latinmodern-math.otf,Style=MathScript},{Size=-6,Font=latinmodern-math.otf,
Style=MathScriptScript}},BoldFont={latinmodern-math.otf}].
(fontspec)              
(fontspec)              This font family consists of the following NFSS
(fontspec)             series/shapes:
(fontspec)              
(fontspec)             - 'normal' (m/n) with NFSS spec.:
(fontspec)             <8.5->s*[1]"[latinmodern-math.otf]/OT:script=math;langua
ge=DFLT;mapping=tex-text;"<6-8.5>s*[1]"[latinmodern-math.otf]/OT:script=math;la
nguage=DFLT;+ssty=0;mapping=tex-text;"<-6>s*[1]"[latinmodern-math.otf]/OT:scrip
t=math;language=DFLT;+ssty=1;mapping=tex-text;"
(fontspec)             - 'small caps'  (m/sc) with NFSS spec.: 
(fontspec)             - 'bold' (bx/n) with NFSS spec.:
(fontspec)             <->s*[1]"[latinmodern-math.otf]/OT:script=math;language=
DFLT;mapping=tex-text;"
(fontspec)             - 'bold small caps'  (bx/sc) with NFSS spec.: 

LaTeX Font Info:    Font shape `TU/latinmodern-math.otf(1)/m/n' will be
(Font)              scaled to size 10.0pt on input line 60.
LaTeX Font Info:    Encoding `OT1' has changed to `TU' for symbol font
(Font)              `operators' in the math version `normal' on input line 60.
LaTeX Font Info:    Overwriting symbol font `operators' in version `normal'
(Font)                  OT1/lmr/m/n --> TU/latinmodern-math.otf(1)/m/n on input
 line 60.
LaTeX Font Info:    Encoding `OT1' has changed to `TU' for symbol font
(Font)              `operators' in the math version `bold' on input line 60.
LaTeX Font Info:    Overwriting symbol font `operators' in version `bold'
(Font)                  OT1/lmr/bx/n --> TU/latinmodern-math.otf(1)/bx/n on inp
ut line 60.

Package fontspec Info: latinmodern-math scale = 1.


Package fontspec Info: latinmodern-math scale = 1.00001.


Package fontspec Info: latinmodern-math scale = 1.


Package fontspec Info: latinmodern-math scale = 1.00001.


Package fontspec Info: latinmodern-math scale = 1.


Package fontspec Info: latinmodern-math scale = 1.00001.


Package fontspec Info: latinmodern-math scale = 1.


Package fontspec Info: latinmodern-math scale = 1.00001.


Package fontspec Info: latinmodern-math scale = 1.


Package fontspec Info: latinmodern-math scale = 1.00001.


Package fontspec Info: Font family 'latinmodern-math.otf(2)' created for font
(fontspec)             'latinmodern-math.otf' with options
(fontspec)             [Ligatures=TeX,Scale=MatchLowercase,BoldItalicFont={},It
alicFont={},SmallCapsFont={},Script=Math,SizeFeatures={{Size=8.5-},{Size=6-8.5,
Font=latinmodern-math.otf,Style=MathScript},{Size=-6,Font=latinmodern-math.otf,
Style=MathScriptScript}},BoldFont={latinmodern-math.otf},ScaleAgain=1.00001,Fon
tAdjustment={\fontdimen
(fontspec)             8\font =6.77pt\relax \fontdimen 9\font =3.94pt\relax
(fontspec)             \fontdimen 10\font =4.44pt\relax \fontdimen 11\font
(fontspec)             =6.86pt\relax \fontdimen 12\font =3.45pt\relax
(fontspec)             \fontdimen 13\font =3.63pt\relax \fontdimen 14\font
(fontspec)             =3.63pt\relax \fontdimen 15\font =2.89pt\relax
(fontspec)             \fontdimen 16\font =2.47pt\relax \fontdimen 17\font
(fontspec)             =2.47pt\relax \fontdimen 18\font =2.5pt\relax
(fontspec)             \fontdimen 19\font =2.0pt\relax \fontdimen 22\font
(fontspec)             =2.5pt\relax \fontdimen 20\font =0pt\relax \fontdimen
(fontspec)             21\font =0pt\relax }].
(fontspec)              
(fontspec)              This font family consists of the following NFSS
(fontspec)             series/shapes:
(fontspec)              
(fontspec)             - 'normal' (m/n) with NFSS spec.:
(fontspec)             <8.5->s*[1.00001]"[latinmodern-math.otf]/OT:script=math;
language=DFLT;mapping=tex-text;"<6-8.5>s*[1.00001]"[latinmodern-math.otf]/OT:sc
ript=math;language=DFLT;+ssty=0;mapping=tex-text;"<-6>s*[1.00001]"[latinmodern-
math.otf]/OT:script=math;language=DFLT;+ssty=1;mapping=tex-text;"
(fontspec)             - 'small caps'  (m/sc) with NFSS spec.: 
(fontspec)             and font adjustment code:
(fontspec)             \fontdimen 8\font =6.77pt\relax \fontdimen 9\font
(fontspec)             =3.94pt\relax \fontdimen 10\font =4.44pt\relax
(fontspec)             \fontdimen 11\font =6.86pt\relax \fontdimen 12\font
(fontspec)             =3.45pt\relax \fontdimen 13\font =3.63pt\relax
(fontspec)             \fontdimen 14\font =3.63pt\relax \fontdimen 15\font
(fontspec)             =2.89pt\relax \fontdimen 16\font =2.47pt\relax
(fontspec)             \fontdimen 17\font =2.47pt\relax \fontdimen 18\font
(fontspec)             =2.5pt\relax \fontdimen 19\font =2.0pt\relax \fontdimen
(fontspec)             22\font =2.5pt\relax \fontdimen 20\font =0pt\relax
(fontspec)             \fontdimen 21\font =0pt\relax 
(fontspec)             - 'bold' (bx/n) with NFSS spec.:
(fontspec)             <->s*[1.00001]"[latinmodern-math.otf]/OT:script=math;lan
guage=DFLT;mapping=tex-text;"
(fontspec)             - 'bold small caps'  (bx/sc) with NFSS spec.: 
(fontspec)             and font adjustment code:
(fontspec)             \fontdimen 8\font =6.77pt\relax \fontdimen 9\font
(fontspec)             =3.94pt\relax \fontdimen 10\font =4.44pt\relax
(fontspec)             \fontdimen 11\font =6.86pt\relax \fontdimen 12\font
(fontspec)             =3.45pt\relax \fontdimen 13\font =3.63pt\relax
(fontspec)             \fontdimen 14\font =3.63pt\relax \fontdimen 15\font
(fontspec)             =2.89pt\relax \fontdimen 16\font =2.47pt\relax
(fontspec)             \fontdimen 17\font =2.47pt\relax \fontdimen 18\font
(fontspec)             =2.5pt\relax \fontdimen 19\font =2.0pt\relax \fontdimen
(fontspec)             22\font =2.5pt\relax \fontdimen 20\font =0pt\relax
(fontspec)             \fontdimen 21\font =0pt\relax 

LaTeX Font Info:    Encoding `OMS' has changed to `TU' for symbol font
(Font)              `symbols' in the math version `normal' on input line 60.
LaTeX Font Info:    Overwriting symbol font `symbols' in version `normal'
(Font)                  OMS/lmsy/m/n --> TU/latinmodern-math.otf(2)/m/n on inpu
t line 60.
LaTeX Font Info:    Encoding `OMS' has changed to `TU' for symbol font
(Font)              `symbols' in the math version `bold' on input line 60.
LaTeX Font Info:    Overwriting symbol font `symbols' in version `bold'
(Font)                  OMS/lmsy/b/n --> TU/latinmodern-math.otf(2)/bx/n on inp
ut line 60.

Package fontspec Info: latinmodern-math scale = 1.


Package fontspec Info: latinmodern-math scale = 0.99999.


Package fontspec Info: latinmodern-math scale = 1.


Package fontspec Info: latinmodern-math scale = 0.99999.


Package fontspec Info: latinmodern-math scale = 1.


Package fontspec Info: latinmodern-math scale = 0.99999.


Package fontspec Info: latinmodern-math scale = 1.


Package fontspec Info: latinmodern-math scale = 0.99999.


Package fontspec Info: latinmodern-math scale = 1.


Package fontspec Info: latinmodern-math scale = 0.99999.


Package fontspec Info: Font family 'latinmodern-math.otf(3)' created for font
(fontspec)             'latinmodern-math.otf' with options
(fontspec)             [Ligatures=TeX,Scale=MatchLowercase,BoldItalicFont={},It
alicFont={},SmallCapsFont={},Script=Math,SizeFeatures={{Size=8.5-},{Size=6-8.5,
Font=latinmodern-math.otf,Style=MathScript},{Size=-6,Font=latinmodern-math.otf,
Style=MathScriptScript}},BoldFont={latinmodern-math.otf},ScaleAgain=0.99999,Fon
tAdjustment={\fontdimen
(fontspec)             8\font =0.4pt\relax \fontdimen 9\font =2.0pt\relax
(fontspec)             \fontdimen 10\font =1.67pt\relax \fontdimen 11\font
(fontspec)             =1.11pt\relax \fontdimen 12\font =6.0pt\relax
(fontspec)             \fontdimen 13\font =0pt\relax }].
(fontspec)              
(fontspec)              This font family consists of the following NFSS
(fontspec)             series/shapes:
(fontspec)              
(fontspec)             - 'normal' (m/n) with NFSS spec.:
(fontspec)             <8.5->s*[0.99999]"[latinmodern-math.otf]/OT:script=math;
language=DFLT;mapping=tex-text;"<6-8.5>s*[0.99999]"[latinmodern-math.otf]/OT:sc
ript=math;language=DFLT;+ssty=0;mapping=tex-text;"<-6>s*[0.99999]"[latinmodern-
math.otf]/OT:script=math;language=DFLT;+ssty=1;mapping=tex-text;"
(fontspec)             - 'small caps'  (m/sc) with NFSS spec.: 
(fontspec)             and font adjustment code:
(fontspec)             \fontdimen 8\font =0.4pt\relax \fontdimen 9\font
(fontspec)             =2.0pt\relax \fontdimen 10\font =1.67pt\relax
(fontspec)             \fontdimen 11\font =1.11pt\relax \fontdimen 12\font
(fontspec)             =6.0pt\relax \fontdimen 13\font =0pt\relax 
(fontspec)             - 'bold' (bx/n) with NFSS spec.:
(fontspec)             <->s*[0.99999]"[latinmodern-math.otf]/OT:script=math;lan
guage=DFLT;mapping=tex-text;"
(fontspec)             - 'bold small caps'  (bx/sc) with NFSS spec.: 
(fontspec)             and font adjustment code:
(fontspec)             \fontdimen 8\font =0.4pt\relax \fontdimen 9\font
(fontspec)             =2.0pt\relax \fontdimen 10\font =1.67pt\relax
(fontspec)             \fontdimen 11\font =1.11pt\relax \fontdimen 12\font
(fontspec)             =6.0pt\relax \fontdimen 13\font =0pt\relax 

LaTeX Font Info:    Encoding `OMX' has changed to `TU' for symbol font
(Font)              `largesymbols' in the math version `normal' on input line 6
0.
LaTeX Font Info:    Overwriting symbol font `largesymbols' in version `normal'
(Font)                  OMX/lmex/m/n --> TU/latinmodern-math.otf(3)/m/n on inpu
t line 60.
LaTeX Font Info:    Encoding `OMX' has changed to `TU' for symbol font
(Font)              `largesymbols' in the math version `bold' on input line 60.

LaTeX Font Info:    Overwriting symbol font `largesymbols' in version `bold'
(Font)                  OMX/lmex/m/n --> TU/latinmodern-math.otf(3)/bx/n on inp
ut line 60.
LaTeX Info: Redefining \microtypecontext on input line 60.
Package microtype Info: Character protrusion enabled (level 2).
Package microtype Info: Using protrusion set `basicmath'.
Package microtype Info: No adjustment of tracking.
Package microtype Info: No adjustment of spacing.
Package microtype Info: No adjustment of kerning.
(/usr/share/texlive/texmf-dist/tex/latex/microtype/mt-LatinModernRoman.cfg
File: mt-LatinModernRoman.cfg 2013/03/13 v1.0 microtype config. file: Latin Mod
ern Roman (RS)
)
\AtBeginShipoutBox=\box53
Package hyperref Info: Link coloring OFF on input line 60.

(/usr/share/texlive/texmf-dist/tex/latex/hyperref/nameref.sty
Package: nameref 2016/05/21 v2.44 Cross-referencing by name of section

(/usr/share/texlive/texmf-dist/tex/generic/oberdiek/gettitlestring.sty
Package: gettitlestring 2016/05/16 v1.5 Cleanup title references (HO)
)
\c@section@level=\count292
)
LaTeX Info: Redefining \ref on input line 60.
LaTeX Info: Redefining \pageref on input line 60.
LaTeX Info: Redefining \nameref on input line 60.
\@outlinefile=\write3
\openout3 = `appch24ycmx-sec.out'.



Package hyperref Warning: Rerun to get /PageLabels entry.

Missing character: There is no 按 in font [lmroman10-regular]:mapping=tex-text;!
Missing character: There is no 你 in font [lmroman10-regular]:mapping=tex-text;!
Missing character: There is no 当 in font [lmroman10-regular]:mapping=tex-text;!
Missing character: There is no 初 in font [lmroman10-regular]:mapping=tex-text;!
Missing character: There is no 想 in font [lmroman10-regular]:mapping=tex-text;!
Missing character: There is no 使 in font [lmroman10-regular]:mapping=tex-text;!
Missing character: There is no 用 in font [lmroman10-regular]:mapping=tex-text;!
Missing character: There is no 项 in font [lmroman10-regular]:mapping=tex-text;!
Missing character: There is no 目 in font [lmroman10-regular]:mapping=tex-text;!
Missing character: There is no 历 in font [lmroman10-regular]:mapping=tex-text;!
Missing character: There is no 史 in font [lmroman10-regular]:mapping=tex-text;!
Missing character: There is no 数 in font [lmroman10-regular]:mapping=tex-text;!
Missing character: There is no 据 in font [lmroman10-regular]:mapping=tex-text;!
Missing character: There is no 做 in font [lmroman10-regular]:mapping=tex-text;!
Missing character: There is no 预 in font [lmroman10-regular]:mapping=tex-text;!
Missing character: There is no 测 in font [lmroman10-regular]:mapping=tex-text;!
Missing character: There is no 的 in font [lmroman10-regular]:mapping=tex-text;!
Missing character: There is no 目 in font [lmroman10-regular]:mapping=tex-text;!
Missing character: There is no 的 in font [lmroman10-regular]:mapping=tex-text;!
Missing character: There is no ， in font [lmroman10-regular]:mapping=tex-text;!
Missing character: There is no 假 in font [lmroman10-regular]:mapping=tex-text;!
Missing character: There is no 如 in font [lmroman10-regular]:mapping=tex-text;!
Missing character: There is no 已 in font [lmroman10-regular]:mapping=tex-text;!
Missing character: There is no 经 in font [lmroman10-regular]:mapping=tex-text;!
Missing character: There is no 按 in font [lmroman10-regular]:mapping=tex-text;!
Missing character: There is no 做 in font [lmroman10-regular]:mapping=tex-text;!
Missing character: There is no 问 in font [lmroman10-regular]:mapping=tex-text;!
Missing character: There is no 卷 in font [lmroman10-regular]:mapping=tex-text;!
Missing character: There is no 调 in font [lmroman10-regular]:mapping=tex-text;!
Missing character: There is no 查 in font [lmroman10-regular]:mapping=tex-text;!
Missing character: There is no 思 in font [lmroman10-regular]:mapping=tex-text;!
Missing character: There is no 路 in font [lmroman10-regular]:mapping=tex-text;!
Missing character: There is no ， in font [lmroman10-regular]:mapping=tex-text;!
Missing character: There is no 对 in font [lmroman10-regular]:mapping=tex-text;!
Missing character: There is no 应 in font [lmroman10-regular]:mapping=tex-text;!
Missing character: There is no 目 in font [lmroman10-regular]:mapping=tex-text;!
Missing character: There is no 标 in font [lmroman10-regular]:mapping=tex-text;!
Missing character: There is no 收 in font [lmroman10-regular]:mapping=tex-text;!
Missing character: There is no 集 in font [lmroman10-regular]:mapping=tex-text;!
Missing character: There is no 了 in font [lmroman10-regular]:mapping=tex-text;!
Missing character: There is no 足 in font [lmroman10-regular]:mapping=tex-text;!
Missing character: There is no 够 in font [lmroman10-regular]:mapping=tex-text;!
Missing character: There is no 数 in font [lmroman10-regular]:mapping=tex-text;!
Missing character: There is no 据 in font [lmroman10-regular]:mapping=tex-text;!
Missing character: There is no 量 in font [lmroman10-regular]:mapping=tex-text;!
Missing character: There is no ， in font [lmroman10-regular]:mapping=tex-text;!
Missing character: There is no 便 in font [lmroman10-regular]:mapping=tex-text;!
Missing character: There is no 可 in font [lmroman10-regular]:mapping=tex-text;!
Missing character: There is no 以 in font [lmroman10-regular]:mapping=tex-text;!
Missing character: There is no 用 in font [lmroman10-regular]:mapping=tex-text;!
Missing character: There is no 数 in font [lmroman10-regular]:mapping=tex-text;!
Missing character: There is no 据 in font [lmroman10-regular]:mapping=tex-text;!
Missing character: There is no 挖 in font [lmroman10-regular]:mapping=tex-text;!
Missing character: There is no 掘 in font [lmroman10-regular]:mapping=tex-text;!
Missing character: There is no 分 in font [lmroman10-regular]:mapping=tex-text;!
Missing character: There is no 析 in font [lmroman10-regular]:mapping=tex-text;!
Missing character: There is no 数 in font [lmroman10-regular]:mapping=tex-text;!
Missing character: There is no 据 in font [lmroman10-regular]:mapping=tex-text;!
Missing character: There is no ， in font [lmroman10-regular]:mapping=tex-text;!
Missing character: There is no 建 in font [lmroman10-regular]:mapping=tex-text;!
Missing character: There is no 立 in font [lmroman10-regular]:mapping=tex-text;!
Missing character: There is no 预 in font [lmroman10-regular]:mapping=tex-text;!
Missing character: There is no 测 in font [lmroman10-regular]:mapping=tex-text;!
Missing character: There is no 模 in font [lmroman10-regular]:mapping=tex-text;!
Missing character: There is no 型 in font [lmroman10-regular]:mapping=tex-text;!
Missing character: There is no 。 in font [lmroman10-regular]:mapping=tex-text;!
Missing character: There is no 但 in font [lmroman10-regular]:mapping=tex-text;!
Missing character: There is no 是 in font [lmroman10-regular]:mapping=tex-text;!
Missing character: There is no 否 in font [lmroman10-regular]:mapping=tex-text;!
Missing character: There is no 要 in font [lmroman10-regular]:mapping=tex-text;!
Missing character: There is no 懂 in font [lmroman10-regular]:mapping=tex-text;!
Missing character: There is no 编 in font [lmroman10-regular]:mapping=tex-text;!
Missing character: There is no 码 in font [lmroman10-regular]:mapping=tex-text;!
Missing character: There is no ， in font [lmroman10-regular]:mapping=tex-text;!
Missing character: There is no 我 in font [lmroman10-regular]:mapping=tex-text;!
Missing character: There is no 毕 in font [lmroman10-regular]:mapping=tex-text;!
Missing character: There is no 业 in font [lmroman10-regular]:mapping=tex-text;!
Missing character: There is no 后 in font [lmroman10-regular]:mapping=tex-text;!
Missing character: There is no 已 in font [lmroman10-regular]:mapping=tex-text;!
Missing character: There is no 经 in font [lmroman10-regular]:mapping=tex-text;!
Missing character: There is no 很 in font [lmroman10-regular]:mapping=tex-text;!
Missing character: There is no 少 in font [lmroman10-regular]:mapping=tex-text;!
Missing character: There is no 编 in font [lmroman10-regular]:mapping=tex-text;!
Missing character: There is no 程 in font [lmroman10-regular]:mapping=tex-text;!
Missing character: There is no 了 in font [lmroman10-regular]:mapping=tex-text;!
Missing character: There is no 。 in font [lmroman10-regular]:mapping=tex-text;!
Missing character: There is no 理 in font [lmroman10-regular]:mapping=tex-text;!
Missing character: There is no 解 in font [lmroman10-regular]:mapping=tex-text;!
Missing character: There is no ， in font [lmroman10-regular]:mapping=tex-text;!
Missing character: There is no 可 in font [lmroman10-regular]:mapping=tex-text;!
Missing character: There is no 以 in font [lmroman10-regular]:mapping=tex-text;!
Missing character: There is no 先 in font [lmroman10-regular]:mapping=tex-text;!
Missing character: There is no 简 in font [lmroman10-regular]:mapping=tex-text;!
Missing character: There is no 单 in font [lmroman10-regular]:mapping=tex-text;!
Missing character: There is no 用 in font [lmroman10-regular]:mapping=tex-text;!
Missing character: There is no 配 in font [lmroman10-regular]:mapping=tex-text;!
Missing character: There is no 合 in font [lmroman10-regular]:mapping=tex-text;!
Missing character: There is no 程 in font [lmroman10-regular]:mapping=tex-text;!
Missing character: There is no 序 in font [lmroman10-regular]:mapping=tex-text;!
Missing character: There is no 开 in font [lmroman10-regular]:mapping=tex-text;!
Missing character: There is no 始 in font [lmroman10-regular]:mapping=tex-text;!
Missing character: There is no ， in font [lmroman10-regular]:mapping=tex-text;!
Missing character: There is no 简 in font [lmroman10-regular]:mapping=tex-text;!
Missing character: There is no 单 in font [lmroman10-regular]:mapping=tex-text;!
Missing character: There is no 感 in font [lmroman10-regular]:mapping=tex-text;!
Missing character: There is no 受 in font [lmroman10-regular]:mapping=tex-text;!
Missing character: There is no 一 in font [lmroman10-regular]:mapping=tex-text;!
Missing character: There is no 下 in font [lmroman10-regular]:mapping=tex-text;!
Missing character: There is no 整 in font [lmroman10-regular]:mapping=tex-text;!
Missing character: There is no 个 in font [lmroman10-regular]:mapping=tex-text;!
Missing character: There is no 过 in font [lmroman10-regular]:mapping=tex-text;!
Missing character: There is no 程 in font [lmroman10-regular]:mapping=tex-text;!
Missing character: There is no 。 in font [lmroman10-regular]:mapping=tex-text;!
Missing character: There is no 如 in font [lmroman10-regular]:mapping=tex-text;!
Missing character: There is no 果 in font [lmroman10-regular]:mapping=tex-text;!
Missing character: There is no 觉 in font [lmroman10-regular]:mapping=tex-text;!
Missing character: There is no 得 in font [lmroman10-regular]:mapping=tex-text;!
Missing character: There is no 有 in font [lmroman10-regular]:mapping=tex-text;!
Missing character: There is no 用 in font [lmroman10-regular]:mapping=tex-text;!
Missing character: There is no ， in font [lmroman10-regular]:mapping=tex-text;!
Missing character: There is no 后 in font [lmroman10-regular]:mapping=tex-text;!
Missing character: There is no 面 in font [lmroman10-regular]:mapping=tex-text;!
Missing character: There is no 可 in font [lmroman10-regular]:mapping=tex-text;!
Missing character: There is no 以 in font [lmroman10-regular]:mapping=tex-text;!
Missing character: There is no 利 in font [lmroman10-regular]:mapping=tex-text;!
Missing character: There is no 用 in font [lmroman10-regular]:mapping=tex-text;!
Missing character: There is no 程 in font [lmroman10-regular]:mapping=tex-text;!
Missing character: There is no 序 in font [lmroman10-regular]:mapping=tex-text;!
Missing character: There is no 脚 in font [lmroman10-regular]:mapping=tex-text;!
Missing character: There is no 本 in font [lmroman10-regular]:mapping=tex-text;!
Missing character: There is no 做 in font [lmroman10-regular]:mapping=tex-text;!
Missing character: There is no 分 in font [lmroman10-regular]:mapping=tex-text;!
Missing character: There is no 析 in font [lmroman10-regular]:mapping=tex-text;!
Missing character: There is no ， in font [lmroman10-regular]:mapping=tex-text;!
Missing character: There is no 效 in font [lmroman10-regular]:mapping=tex-text;!
Missing character: There is no 率 in font [lmroman10-regular]:mapping=tex-text;!
Missing character: There is no 会 in font [lmroman10-regular]:mapping=tex-text;!
Missing character: There is no 高 in font [lmroman10-regular]:mapping=tex-text;!
Missing character: There is no 很 in font [lmroman10-regular]:mapping=tex-text;!
Missing character: There is no 多 in font [lmroman10-regular]:mapping=tex-text;!
Missing character: There is no 。 in font [lmroman10-regular]:mapping=tex-text;!
Missing character: There is no 不 in font [lmroman10-regular]:mapping=tex-text;!
Missing character: There is no 用 in font [lmroman10-regular]:mapping=tex-text;!
Missing character: There is no 过 in font [lmroman10-regular]:mapping=tex-text;!
Missing character: There is no 于 in font [lmroman10-regular]:mapping=tex-text;!
Missing character: There is no 担 in font [lmroman10-regular]:mapping=tex-text;!
Missing character: There is no 心 in font [lmroman10-regular]:mapping=tex-text;!
Missing character: There is no ， in font [lmroman10-regular]:mapping=tex-text;!
Missing character: There is no 现 in font [lmroman10-regular]:mapping=tex-text;!
Missing character: There is no 在 in font [lmroman10-regular]:mapping=tex-text;!
Missing character: There is no 数 in font [lmroman10-regular]:mapping=tex-text;!
Missing character: There is no 据 in font [lmroman10-regular]:mapping=tex-text;!
Missing character: There is no 分 in font [lmroman10-regular]:mapping=tex-text;!
Missing character: There is no 析 in font [lmroman10-regular]:mapping=tex-text;!
Missing character: There is no 的 in font [lmroman10-regular]:mapping=tex-text;!
Missing character: There is no 编 in font [lmroman10-regular]:mapping=tex-text;!
Missing character: There is no 码 in font [lmroman10-regular]:mapping=tex-text;!
Missing character: There is no 易 in font [lmroman10-regular]:mapping=tex-text;!
Missing character: There is no 用 in font [lmroman10-regular]:mapping=tex-text;!
Missing character: There is no 性 in font [lmroman10-regular]:mapping=tex-text;!
Missing character: There is no 已 in font [lmroman10-regular]:mapping=tex-text;!
Missing character: There is no 经 in font [lmroman10-regular]:mapping=tex-text;!
Missing character: There is no 改 in font [lmroman10-regular]:mapping=tex-text;!
Missing character: There is no 善 in font [lmroman10-regular]:mapping=tex-text;!
Missing character: There is no 了 in font [lmroman10-regular]:mapping=tex-text;!
Missing character: There is no 很 in font [lmroman10-regular]:mapping=tex-text;!
Missing character: There is no 多 in font [lmroman10-regular]:mapping=tex-text;!
Missing character: There is no ： in font [lmroman10-regular]:mapping=tex-text;!
Missing character: There is no 一 in font [lmroman10-regular]:mapping=tex-text;!
Missing character: There is no 般 in font [lmroman10-regular]:mapping=tex-text;!
Missing character: There is no 人 in font [lmroman10-regular]:mapping=tex-text;!
Missing character: There is no 也 in font [lmroman10-regular]:mapping=tex-text;!
Missing character: There is no 能 in font [lmroman10-regular]:mapping=tex-text;!
Missing character: There is no 用 in font [lmroman10-regular]:mapping=tex-text;!
Missing character: There is no 上 in font [lmroman10-regular]:mapping=tex-text;!
Missing character: There is no ， in font [lmroman10-regular]:mapping=tex-text;!
Missing character: There is no 可 in font [lmroman10-regular]:mapping=tex-text;!
Missing character: There is no 选 in font [lmroman10-regular]:mapping=tex-text;!
Missing character: There is no 的 in font [lmroman10-regular]:mapping=tex-text;!
Missing character: There is no 模 in font [lmroman10-regular]:mapping=tex-text;!
Missing character: There is no 型 in font [lmroman10-regular]:mapping=tex-text;!
Missing character: There is no 也 in font [lmroman10-regular]:mapping=tex-text;!
Missing character: There is no 多 in font [lmroman10-regular]:mapping=tex-text;!
Missing character: There is no 了 in font [lmroman10-regular]:mapping=tex-text;!
Missing character: There is no 。 in font [lmroman10-regular]:mapping=tex-text;!
Missing character: There is no 我 in font [lmroman10-regular]:mapping=tex-text;!
Missing character: There is no 可 in font [lmroman10-regular]:mapping=tex-text;!
Missing character: There is no 以 in font [lmroman10-regular]:mapping=tex-text;!
Missing character: There is no 简 in font [lmroman10-regular]:mapping=tex-text;!
Missing character: There is no 单 in font [lmroman10-regular]:mapping=tex-text;!
Missing character: There is no 展 in font [lmroman10-regular]:mapping=tex-text;!
Missing character: There is no 示 in font [lmroman10-regular]:mapping=tex-text;!
Missing character: There is no 如 in font [lmroman10-regular]:mapping=tex-text;!
Missing character: There is no 何 in font [lmroman10-regular]:mapping=tex-text;!
Missing character: There is no 使 in font [lmroman10-regular]:mapping=tex-text;!
Missing character: There is no 用 in font [lmroman10-regular]:mapping=tex-text;!
Missing character: There is no ， in font [lmroman10-regular]:mapping=tex-text;!
Missing character: There is no 配 in font [lmroman10-regular]:mapping=tex-text;!
Missing character: There is no 合 in font [lmroman10-regular]:mapping=tex-text;!
Missing character: There is no 程 in font [lmroman10-regular]:mapping=tex-text;!
Missing character: There is no 序 in font [lmroman10-regular]:mapping=tex-text;!
Missing character: There is no 开 in font [lmroman10-regular]:mapping=tex-text;!
Missing character: There is no 始 in font [lmroman10-regular]:mapping=tex-text;!
Missing character: There is no 。 in font [lmroman10-regular]:mapping=tex-text;!
Missing character: There is no 为 in font [lmroman10-regular]:mapping=tex-text;!
Missing character: There is no 了 in font [lmroman10-regular]:mapping=tex-text;!
Missing character: There is no 让 in font [lmroman10-regular]:mapping=tex-text;!
Missing character: There is no 你 in font [lmroman10-regular]:mapping=tex-text;!
Missing character: There is no 也 in font [lmroman10-regular]:mapping=tex-text;!
Missing character: There is no 可 in font [lmroman10-regular]:mapping=tex-text;!
Missing character: There is no 以 in font [lmroman10-regular]:mapping=tex-text;!
Missing character: There is no 容 in font [lmroman10-regular]:mapping=tex-text;!
Missing character: There is no 易 in font [lmroman10-regular]:mapping=tex-text;!
Missing character: There is no 重 in font [lmroman10-regular]:mapping=tex-text;!
Missing character: There is no 现 in font [lmroman10-regular]:mapping=tex-text;!
Missing character: There is no ， in font [lmroman10-regular]:mapping=tex-text;!
Missing character: There is no 我 in font [lmroman10-regular]:mapping=tex-text;!
Missing character: There is no 用 in font [lmroman10-regular]:mapping=tex-text;!
Missing character: There is no 一 in font [lmroman10-regular]:mapping=tex-text;!
Missing character: There is no 套 in font [lmroman10-regular]:mapping=tex-text;!
Missing character: There is no 网 in font [lmroman10-regular]:mapping=tex-text;!
Missing character: There is no 上 in font [lmroman10-regular]:mapping=tex-text;!
Missing character: There is no 大 in font [lmroman10-regular]:mapping=tex-text;!
Missing character: There is no 家 in font [lmroman10-regular]:mapping=tex-text;!
Missing character: There is no 都 in font [lmroman10-regular]:mapping=tex-text;!
Missing character: There is no 可 in font [lmroman10-regular]:mapping=tex-text;!
Missing character: There is no 以 in font [lmroman10-regular]:mapping=tex-text;!
Missing character: There is no 下 in font [lmroman10-regular]:mapping=tex-text;!
Missing character: There is no 载 in font [lmroman10-regular]:mapping=tex-text;!
Missing character: There is no 的 in font [lmroman10-regular]:mapping=tex-text;!
Missing character: There is no 公 in font [lmroman10-regular]:mapping=tex-text;!
Missing character: There is no 共 in font [lmroman10-regular]:mapping=tex-text;!
Missing character: There is no 数 in font [lmroman10-regular]:mapping=tex-text;!
Missing character: There is no 据 in font [lmroman10-regular]:mapping=tex-text;!
Missing character: There is no ， in font [lmroman10-regular]:mapping=tex-text;!
Missing character: There is no 展 in font [lmroman10-regular]:mapping=tex-text;!
Missing character: There is no 示 in font [lmroman10-regular]:mapping=tex-text;!
Missing character: There is no 过 in font [lmroman10-regular]:mapping=tex-text;!
Missing character: There is no 程 in font [lmroman10-regular]:mapping=tex-text;!
Missing character: There is no ， in font [lmroman10-regular]:mapping=tex-text;!

Overfull \hbox (67.44pt too wide) in paragraph at lines 62--67
\TU/lmr/m/n/10 “理解，可以先简单用XLS配合web GUI程序开始，简单感受一下整个过程。如果觉得有用，后面可以利用程序脚本做分析，效率会高很
多。不用过于担心，现在数据分析的编码易用性已经改善了很多：一般人也能用上，可选的模型也多了。我可以简单展示如何使用XLS，配合web
 []


Underfull \hbox (badness 10000) in paragraph at lines 62--67

 []

Missing character: There is no 从 in font [lmroman12-bold]:mapping=tex-text;!
Missing character: There is no 数 in font [lmroman12-bold]:mapping=tex-text;!
Missing character: There is no 据 in font [lmroman12-bold]:mapping=tex-text;!
Missing character: There is no 开 in font [lmroman12-bold]:mapping=tex-text;!
Missing character: There is no 始 in font [lmroman12-bold]:mapping=tex-text;!
Missing character: There is no 这 in font [lmroman10-regular]:mapping=tex-text;!
Missing character: There is no 套 in font [lmroman10-regular]:mapping=tex-text;!
Missing character: There is no 数 in font [lmroman10-regular]:mapping=tex-text;!
Missing character: There is no 据 in font [lmroman10-regular]:mapping=tex-text;!
Missing character: There is no 共 in font [lmroman10-regular]:mapping=tex-text;!
Missing character: There is no 有 in font [lmroman10-regular]:mapping=tex-text;!
Missing character: There is no 个 in font [lmroman10-regular]:mapping=tex-text;!
Missing character: There is no 软 in font [lmroman10-regular]:mapping=tex-text;!
Missing character: There is no 件 in font [lmroman10-regular]:mapping=tex-text;!
Missing character: There is no 项 in font [lmroman10-regular]:mapping=tex-text;!
Missing character: There is no 目 in font [lmroman10-regular]:mapping=tex-text;!
Missing character: There is no 数 in font [lmroman10-regular]:mapping=tex-text;!
Missing character: There is no 据 in font [lmroman10-regular]:mapping=tex-text;!
Missing character: There is no （ in font [lmroman10-regular]:mapping=tex-text;!
Missing character: There is no 下 in font [lmroman10-regular]:mapping=tex-text;!
Missing character: There is no 载 in font [lmroman10-regular]:mapping=tex-text;!
Missing character: There is no 网 in font [lmroman10-regular]:mapping=tex-text;!
Missing character: There is no 址 in font [lmroman10-regular]:mapping=tex-text;!
Missing character: There is no ， in font [lmroman10-regular]:mapping=tex-text;!
Missing character: There is no 详 in font [lmroman10-regular]:mapping=tex-text;!
Missing character: There is no 见 in font [lmroman10-regular]:mapping=tex-text;!
Missing character: There is no 参 in font [lmroman10-regular]:mapping=tex-text;!
Missing character: There is no 考 in font [lmroman10-regular]:mapping=tex-text;!
Missing character: There is no ） in font [lmroman10-regular]:mapping=tex-text;!
Missing character: There is no ， in font [lmroman10-regular]:mapping=tex-text;!
Missing character: There is no 里 in font [lmroman10-regular]:mapping=tex-text;!
Missing character: There is no 面 in font [lmroman10-regular]:mapping=tex-text;!
Missing character: There is no 的 in font [lmroman10-regular]:mapping=tex-text;!
Missing character: There is no 变 in font [lmroman10-regular]:mapping=tex-text;!
Missing character: There is no 量 in font [lmroman10-regular]:mapping=tex-text;!
Missing character: There is no 与 in font [lmroman10-regular]:mapping=tex-text;!
Missing character: There is no 定 in font [lmroman10-regular]:mapping=tex-text;!
Missing character: There is no 义 in font [lmroman10-regular]:mapping=tex-text;!
Missing character: There is no 如 in font [lmroman10-regular]:mapping=tex-text;!
Missing character: There is no 下 in font [lmroman10-regular]:mapping=tex-text;!
Missing character: There is no ： in font [lmroman10-regular]:mapping=tex-text;!
Missing character: There is no 变 in font [lmroman10-regular]:mapping=tex-text;!
Missing character: There is no 量 in font [lmroman10-regular]:mapping=tex-text;!
Missing character: There is no 描 in font [lmroman10-regular]:mapping=tex-text;!
Missing character: There is no 述 in font [lmroman10-regular]:mapping=tex-text;!
Missing character: There is no 项 in font [lmroman10-regular]:mapping=tex-text;!
Missing character: There is no 目 in font [lmroman10-regular]:mapping=tex-text;!
Missing character: There is no 项 in font [lmroman10-regular]:mapping=tex-text;!
Missing character: There is no 目 in font [lmroman10-regular]:mapping=tex-text;!
Missing character: There is no 信 in font [lmroman10-regular]:mapping=tex-text;!
Missing character: There is no 息 in font [lmroman10-regular]:mapping=tex-text;!
Missing character: There is no 以 in font [lmroman10-regular]:mapping=tex-text;!
Missing character: There is no 年 in font [lmroman10-regular]:mapping=tex-text;!
Missing character: There is no 为 in font [lmroman10-regular]:mapping=tex-text;!
Missing character: There is no 单 in font [lmroman10-regular]:mapping=tex-text;!
Missing character: There is no 位 in font [lmroman10-regular]:mapping=tex-text;!
Missing character: There is no 的 in font [lmroman10-regular]:mapping=tex-text;!
Missing character: There is no 团 in font [lmroman10-regular]:mapping=tex-text;!
Missing character: There is no 队 in font [lmroman10-regular]:mapping=tex-text;!
Missing character: There is no 经 in font [lmroman10-regular]:mapping=tex-text;!
Missing character: There is no 验 in font [lmroman10-regular]:mapping=tex-text;!
Missing character: There is no 以 in font [lmroman10-regular]:mapping=tex-text;!
Missing character: There is no 年 in font [lmroman10-regular]:mapping=tex-text;!
Missing character: There is no 为 in font [lmroman10-regular]:mapping=tex-text;!
Missing character: There is no 单 in font [lmroman10-regular]:mapping=tex-text;!
Missing character: There is no 位 in font [lmroman10-regular]:mapping=tex-text;!
Missing character: There is no 的 in font [lmroman10-regular]:mapping=tex-text;!
Missing character: There is no 经 in font [lmroman10-regular]:mapping=tex-text;!
Missing character: There is no 理 in font [lmroman10-regular]:mapping=tex-text;!
Missing character: There is no 经 in font [lmroman10-regular]:mapping=tex-text;!
Missing character: There is no 验 in font [lmroman10-regular]:mapping=tex-text;!
Missing character: There is no 项 in font [lmroman10-regular]:mapping=tex-text;!
Missing character: There is no 目 in font [lmroman10-regular]:mapping=tex-text;!
Missing character: There is no 结 in font [lmroman10-regular]:mapping=tex-text;!
Missing character: There is no 束 in font [lmroman10-regular]:mapping=tex-text;!
Missing character: There is no 年 in font [lmroman10-regular]:mapping=tex-text;!
Missing character: There is no 份 in font [lmroman10-regular]:mapping=tex-text;!
Missing character: There is no 项 in font [lmroman10-regular]:mapping=tex-text;!
Missing character: There is no 目 in font [lmroman10-regular]:mapping=tex-text;!
Missing character: There is no 持 in font [lmroman10-regular]:mapping=tex-text;!
Missing character: There is no 续 in font [lmroman10-regular]:mapping=tex-text;!
Missing character: There is no 时 in font [lmroman10-regular]:mapping=tex-text;!
Missing character: There is no 间 in font [lmroman10-regular]:mapping=tex-text;!
Missing character: There is no （ in font [lmroman10-regular]:mapping=tex-text;!
Missing character: There is no 以 in font [lmroman10-regular]:mapping=tex-text;!
Missing character: There is no 月 in font [lmroman10-regular]:mapping=tex-text;!
Missing character: There is no 为 in font [lmroman10-regular]:mapping=tex-text;!
Missing character: There is no 单 in font [lmroman10-regular]:mapping=tex-text;!
Missing character: There is no 位 in font [lmroman10-regular]:mapping=tex-text;!
Missing character: There is no ） in font [lmroman10-regular]:mapping=tex-text;!
Missing character: There is no 实 in font [lmroman10-regular]:mapping=tex-text;!
Missing character: There is no 际 in font [lmroman10-regular]:mapping=tex-text;!
Missing character: There is no 活 in font [lmroman10-regular]:mapping=tex-text;!
Missing character: There is no 动 in font [lmroman10-regular]:mapping=tex-text;!
Missing character: There is no 是 in font [lmroman10-regular]:mapping=tex-text;!
Missing character: There is no 用 in font [lmroman10-regular]:mapping=tex-text;!
Missing character: There is no 人 in font [lmroman10-regular]:mapping=tex-text;!
Missing character: There is no 时 in font [lmroman10-regular]:mapping=tex-text;!
Missing character: There is no 来 in font [lmroman10-regular]:mapping=tex-text;!
Missing character: There is no 衡 in font [lmroman10-regular]:mapping=tex-text;!
Missing character: There is no 量 in font [lmroman10-regular]:mapping=tex-text;!
Missing character: There is no 的 in font [lmroman10-regular]:mapping=tex-text;!
Missing character: There is no 事 in font [lmroman10-regular]:mapping=tex-text;!
Missing character: There is no 务 in font [lmroman10-regular]:mapping=tex-text;!
Missing character: There is no 是 in font [lmroman10-regular]:mapping=tex-text;!
Missing character: There is no 系 in font [lmroman10-regular]:mapping=tex-text;!
Missing character: There is no 统 in font [lmroman10-regular]:mapping=tex-text;!
Missing character: There is no 中 in font [lmroman10-regular]:mapping=tex-text;!
Missing character: There is no 基 in font [lmroman10-regular]:mapping=tex-text;!
Missing character: There is no 本 in font [lmroman10-regular]:mapping=tex-text;!
Missing character: There is no 逻 in font [lmroman10-regular]:mapping=tex-text;!
Missing character: There is no 辑 in font [lmroman10-regular]:mapping=tex-text;!
Missing character: There is no 事 in font [lmroman10-regular]:mapping=tex-text;!
Missing character: There is no 务 in font [lmroman10-regular]:mapping=tex-text;!
Missing character: There is no 的 in font [lmroman10-regular]:mapping=tex-text;!
Missing character: There is no 计 in font [lmroman10-regular]:mapping=tex-text;!
Missing character: There is no 数 in font [lmroman10-regular]:mapping=tex-text;!
Missing character: There is no 实 in font [lmroman10-regular]:mapping=tex-text;!
Missing character: There is no 体 in font [lmroman10-regular]:mapping=tex-text;!
Missing character: There is no 是 in font [lmroman10-regular]:mapping=tex-text;!
Missing character: There is no 系 in font [lmroman10-regular]:mapping=tex-text;!
Missing character: There is no 统 in font [lmroman10-regular]:mapping=tex-text;!
Missing character: There is no 数 in font [lmroman10-regular]:mapping=tex-text;!
Missing character: There is no 据 in font [lmroman10-regular]:mapping=tex-text;!
Missing character: There is no 模 in font [lmroman10-regular]:mapping=tex-text;!
Missing character: There is no 型 in font [lmroman10-regular]:mapping=tex-text;!
Missing character: There is no 中 in font [lmroman10-regular]:mapping=tex-text;!
Missing character: There is no 实 in font [lmroman10-regular]:mapping=tex-text;!
Missing character: There is no 体 in font [lmroman10-regular]:mapping=tex-text;!
Missing character: There is no 的 in font [lmroman10-regular]:mapping=tex-text;!
Missing character: There is no 数 in font [lmroman10-regular]:mapping=tex-text;!
Missing character: There is no 量 in font [lmroman10-regular]:mapping=tex-text;!
Missing character: There is no 调 in font [lmroman10-regular]:mapping=tex-text;!
Missing character: There is no 整 in font [lmroman10-regular]:mapping=tex-text;!
Missing character: There is no 后 in font [lmroman10-regular]:mapping=tex-text;!
Missing character: There is no 的 in font [lmroman10-regular]:mapping=tex-text;!
Missing character: There is no 功 in font [lmroman10-regular]:mapping=tex-text;!
Missing character: There is no 能 in font [lmroman10-regular]:mapping=tex-text;!
Missing character: There is no 点 in font [lmroman10-regular]:mapping=tex-text;!
Missing character: There is no （ in font [lmroman10-regular]:mapping=tex-text;!
Missing character: There is no 项 in font [lmroman10-regular]:mapping=tex-text;!
Missing character: There is no 目 in font [lmroman10-regular]:mapping=tex-text;!
Missing character: There is no 规 in font [lmroman10-regular]:mapping=tex-text;!
Missing character: There is no 模 in font [lmroman10-regular]:mapping=tex-text;!
Missing character: There is no ） in font [lmroman10-regular]:mapping=tex-text;!

Package longtable Warning: Column widths have changed
(longtable)                in table 1 on input line 89.

Missing character: There is no 目 in font [lmroman10-regular]:mapping=tex-text;!
Missing character: There is no 标 in font [lmroman10-regular]:mapping=tex-text;!
Missing character: There is no ： in font [lmroman10-regular]:mapping=tex-text;!
Missing character: There is no 希 in font [lmroman10-regular]:mapping=tex-text;!
Missing character: There is no 望 in font [lmroman10-regular]:mapping=tex-text;!
Missing character: There is no 建 in font [lmroman10-regular]:mapping=tex-text;!
Missing character: There is no 立 in font [lmroman10-regular]:mapping=tex-text;!
Missing character: There is no 预 in font [lmroman10-regular]:mapping=tex-text;!
Missing character: There is no 测 in font [lmroman10-regular]:mapping=tex-text;!
Missing character: There is no 模 in font [lmroman10-regular]:mapping=tex-text;!
Missing character: There is no 型 in font [lmroman10-regular]:mapping=tex-text;!
Missing character: There is no ， in font [lmroman10-regular]:mapping=tex-text;!
Missing character: There is no 基 in font [lmroman10-regular]:mapping=tex-text;!
Missing character: There is no 于 in font [lmroman10-regular]:mapping=tex-text;!
Missing character: There is no 项 in font [lmroman10-regular]:mapping=tex-text;!
Missing character: There is no 目 in font [lmroman10-regular]:mapping=tex-text;!
Missing character: There is no 的 in font [lmroman10-regular]:mapping=tex-text;!
Missing character: There is no 特 in font [lmroman10-regular]:mapping=tex-text;!
Missing character: There is no 性 in font [lmroman10-regular]:mapping=tex-text;!
Missing character: There is no ， in font [lmroman10-regular]:mapping=tex-text;!
Missing character: There is no 预 in font [lmroman10-regular]:mapping=tex-text;!
Missing character: There is no 测 in font [lmroman10-regular]:mapping=tex-text;!
Missing character: There is no 项 in font [lmroman10-regular]:mapping=tex-text;!
Missing character: There is no 目 in font [lmroman10-regular]:mapping=tex-text;!
Missing character: There is no 的 in font [lmroman10-regular]:mapping=tex-text;!
Missing character: There is no 工 in font [lmroman10-regular]:mapping=tex-text;!
Missing character: There is no 作 in font [lmroman10-regular]:mapping=tex-text;!
Missing character: There is no 量 in font [lmroman10-regular]:mapping=tex-text;!
Missing character: There is no 。 in font [lmroman10-regular]:mapping=tex-text;!
Missing character: There is no 步 in font [lmroman10-bold]:mapping=tex-text;!
Missing character: There is no 骤 in font [lmroman10-bold]:mapping=tex-text;!
Missing character: There is no 用 in font [lmroman10-regular]:mapping=tex-text;!
Missing character: There is no 程 in font [lmroman10-regular]:mapping=tex-text;!
Missing character: There is no 序 in font [lmroman10-regular]:mapping=tex-text;!
Missing character: There is no 读 in font [lmroman10-regular]:mapping=tex-text;!
Missing character: There is no 取 in font [lmroman10-regular]:mapping=tex-text;!
Missing character: There is no 行 in font [lmroman10-regular]:mapping=tex-text;!
Missing character: There is no 项 in font [lmroman10-regular]:mapping=tex-text;!
Missing character: There is no 目 in font [lmroman10-regular]:mapping=tex-text;!
Missing character: There is no 数 in font [lmroman10-regular]:mapping=tex-text;!
Missing character: There is no 据 in font [lmroman10-regular]:mapping=tex-text;!
Missing character: There is no 表 in font [lmroman10-regular]:mapping=tex-text;!
Missing character: There is no 程 in font [lmroman10-regular]:mapping=tex-text;!
Missing character: There is no 序 in font [lmroman10-regular]:mapping=tex-text;!
Missing character: There is no 展 in font [lmroman10-regular]:mapping=tex-text;!
Missing character: There is no 示 in font [lmroman10-regular]:mapping=tex-text;!
Missing character: There is no 读 in font [lmroman10-regular]:mapping=tex-text;!
Missing character: There is no 取 in font [lmroman10-regular]:mapping=tex-text;!
Missing character: There is no 数 in font [lmroman10-regular]:mapping=tex-text;!
Missing character: There is no 据 in font [lmroman10-regular]:mapping=tex-text;!
Missing character: There is no 表 in font [lmroman10-regular]:mapping=tex-text;!
Missing character: There is no 的 in font [lmroman10-regular]:mapping=tex-text;!
Missing character: There is no 其 in font [lmroman10-regular]:mapping=tex-text;!
Missing character: There is no 中 in font [lmroman10-regular]:mapping=tex-text;!
Missing character: There is no 行 in font [lmroman10-regular]:mapping=tex-text;!
Missing character: There is no 项 in font [lmroman10-regular]:mapping=tex-text;!
Missing character: There is no 目 in font [lmroman10-regular]:mapping=tex-text;!
Missing character: There is no 数 in font [lmroman10-regular]:mapping=tex-text;!
Missing character: There is no 据 in font [lmroman10-regular]:mapping=tex-text;!
Missing character: There is no ： in font [lmroman10-regular]:mapping=tex-text;!
Missing character: There is no 无 in font [lmroman10-regular]:mapping=tex-text;!
Missing character: There is no ） in font [lmroman10-regular]:mapping=tex-text;!
Missing character: There is no 先 in font [lmroman10-regular]:mapping=tex-text;!
Missing character: There is no 展 in font [lmroman10-regular]:mapping=tex-text;!
Missing character: There is no 示 in font [lmroman10-regular]:mapping=tex-text;!
Missing character: There is no 数 in font [lmroman10-regular]:mapping=tex-text;!
Missing character: There is no 据 in font [lmroman10-regular]:mapping=tex-text;!
Missing character: There is no ， in font [lmroman10-regular]:mapping=tex-text;!
Missing character: There is no 查 in font [lmroman10-regular]:mapping=tex-text;!
Missing character: There is no 看 in font [lmroman10-regular]:mapping=tex-text;!
Missing character: There is no 数 in font [lmroman10-regular]:mapping=tex-text;!
Missing character: There is no 据 in font [lmroman10-regular]:mapping=tex-text;!
Missing character: There is no 是 in font [lmroman10-regular]:mapping=tex-text;!
Missing character: There is no 否 in font [lmroman10-regular]:mapping=tex-text;!
Missing character: There is no 齐 in font [lmroman10-regular]:mapping=tex-text;!
Missing character: There is no 全 in font [lmroman10-regular]:mapping=tex-text;!
Missing character: There is no ， in font [lmroman10-regular]:mapping=tex-text;!
Missing character: There is no 发 in font [lmroman10-regular]:mapping=tex-text;!
Missing character: There is no 现 in font [lmroman10-regular]:mapping=tex-text;!
Missing character: There is no 缺 in font [lmroman10-regular]:mapping=tex-text;!
Missing character: There is no 乏 in font [lmroman10-regular]:mapping=tex-text;!
Missing character: There is no 个 in font [lmroman10-regular]:mapping=tex-text;!
Missing character: There is no 经 in font [lmroman10-regular]:mapping=tex-text;!
Missing character: There is no 验 in font [lmroman10-regular]:mapping=tex-text;!
Missing character: There is no 数 in font [lmroman10-regular]:mapping=tex-text;!
Missing character: There is no 据 in font [lmroman10-regular]:mapping=tex-text;!
Missing character: There is no （ in font [lmroman10-regular]:mapping=tex-text;!
Missing character: There is no ） in font [lmroman10-regular]:mapping=tex-text;!
Missing character: There is no ， in font [lmroman10-regular]:mapping=tex-text;!
Missing character: There is no 因 in font [lmroman10-regular]:mapping=tex-text;!
Missing character: There is no 为 in font [lmroman10-regular]:mapping=tex-text;!
Missing character: There is no 会 in font [lmroman10-regular]:mapping=tex-text;!
Missing character: There is no 影 in font [lmroman10-regular]:mapping=tex-text;!
Missing character: There is no 响 in font [lmroman10-regular]:mapping=tex-text;!
Missing character: There is no 分 in font [lmroman10-regular]:mapping=tex-text;!
Missing character: There is no 析 in font [lmroman10-regular]:mapping=tex-text;!
Missing character: There is no ， in font [lmroman10-regular]:mapping=tex-text;!
Missing character: There is no 而 in font [lmroman10-regular]:mapping=tex-text;!
Missing character: There is no 且 in font [lmroman10-regular]:mapping=tex-text;!
Missing character: There is no 缺 in font [lmroman10-regular]:mapping=tex-text;!
Missing character: There is no 的 in font [lmroman10-regular]:mapping=tex-text;!
Missing character: There is no 数 in font [lmroman10-regular]:mapping=tex-text;!
Missing character: There is no 量 in font [lmroman10-regular]:mapping=tex-text;!
Missing character: There is no 不 in font [lmroman10-regular]:mapping=tex-text;!
Missing character: There is no 多 in font [lmroman10-regular]:mapping=tex-text;!
Missing character: There is no ， in font [lmroman10-regular]:mapping=tex-text;!
Missing character: There is no 我 in font [lmroman10-regular]:mapping=tex-text;!
Missing character: There is no 们 in font [lmroman10-regular]:mapping=tex-text;!
Missing character: There is no 就 in font [lmroman10-regular]:mapping=tex-text;!
Missing character: There is no 用 in font [lmroman10-regular]:mapping=tex-text;!
Missing character: There is no 变 in font [lmroman10-regular]:mapping=tex-text;!
Missing character: There is no 量 in font [lmroman10-regular]:mapping=tex-text;!
Missing character: There is no 的 in font [lmroman10-regular]:mapping=tex-text;!
Missing character: There is no 中 in font [lmroman10-regular]:mapping=tex-text;!
Missing character: There is no 位 in font [lmroman10-regular]:mapping=tex-text;!
Missing character: There is no 数 in font [lmroman10-regular]:mapping=tex-text;!
Missing character: There is no 取 in font [lmroman10-regular]:mapping=tex-text;!
Missing character: There is no 代 in font [lmroman10-regular]:mapping=tex-text;!
Missing character: There is no 。 in font [lmroman10-regular]:mapping=tex-text;!
Missing character: There is no 无 in font [lmroman10-regular]:mapping=tex-text;!
Missing character: There is no 展 in font [lmroman10-regular]:mapping=tex-text;!
Missing character: There is no 示 in font [lmroman10-regular]:mapping=tex-text;!
Missing character: There is no 变 in font [lmroman10-regular]:mapping=tex-text;!
Missing character: There is no 量 in font [lmroman10-regular]:mapping=tex-text;!
Missing character: There is no 的 in font [lmroman10-regular]:mapping=tex-text;!
Missing character: There is no 基 in font [lmroman10-regular]:mapping=tex-text;!
Missing character: There is no 本 in font [lmroman10-regular]:mapping=tex-text;!
Missing character: There is no 统 in font [lmroman10-regular]:mapping=tex-text;!
Missing character: There is no 计 in font [lmroman10-regular]:mapping=tex-text;!
Missing character: There is no ： in font [lmroman10-regular]:mapping=tex-text;!
Missing character: There is no 最 in font [lmroman10-regular]:mapping=tex-text;!
Missing character: There is no 大 in font [lmroman10-regular]:mapping=tex-text;!
Missing character: There is no 、 in font [lmroman10-regular]:mapping=tex-text;!
Missing character: There is no 最 in font [lmroman10-regular]:mapping=tex-text;!
Missing character: There is no 小 in font [lmroman10-regular]:mapping=tex-text;!
Missing character: There is no ， in font [lmroman10-regular]:mapping=tex-text;!
Missing character: There is no 中 in font [lmroman10-regular]:mapping=tex-text;!
Missing character: There is no 位 in font [lmroman10-regular]:mapping=tex-text;!
Missing character: There is no 数 in font [lmroman10-regular]:mapping=tex-text;!
Missing character: There is no 等 in font [lmroman10-regular]:mapping=tex-text;!
Missing character: There is no ， in font [lmroman10-regular]:mapping=tex-text;!
Missing character: There is no 查 in font [lmroman10-regular]:mapping=tex-text;!
Missing character: There is no 看 in font [lmroman10-regular]:mapping=tex-text;!
Missing character: There is no 数 in font [lmroman10-regular]:mapping=tex-text;!
Missing character: There is no 据 in font [lmroman10-regular]:mapping=tex-text;!
Missing character: There is no 范 in font [lmroman10-regular]:mapping=tex-text;!
Missing character: There is no 围 in font [lmroman10-regular]:mapping=tex-text;!
Missing character: There is no ： in font [lmroman10-regular]:mapping=tex-text;!
Missing character: There is no 无 in font [lmroman10-regular]:mapping=tex-text;!
Missing character: There is no ） in font [lmroman10-regular]:mapping=tex-text;!
Missing character: There is no 并 in font [lmroman10-regular]:mapping=tex-text;!
Missing character: There is no 且 in font [lmroman10-regular]:mapping=tex-text;!
Missing character: There is no 看 in font [lmroman10-regular]:mapping=tex-text;!
Missing character: There is no 到 in font [lmroman10-regular]:mapping=tex-text;!
Missing character: There is no 其 in font [lmroman10-regular]:mapping=tex-text;!
Missing character: There is no 他 in font [lmroman10-regular]:mapping=tex-text;!
Missing character: There is no 的 in font [lmroman10-regular]:mapping=tex-text;!
Missing character: There is no 数 in font [lmroman10-regular]:mapping=tex-text;!
Missing character: There is no 据 in font [lmroman10-regular]:mapping=tex-text;!
Missing character: There is no 都 in font [lmroman10-regular]:mapping=tex-text;!
Missing character: There is no 正 in font [lmroman10-regular]:mapping=tex-text;!
Missing character: There is no 常 in font [lmroman10-regular]:mapping=tex-text;!
Missing character: There is no ， in font [lmroman10-regular]:mapping=tex-text;!
Missing character: There is no 包 in font [lmroman10-regular]:mapping=tex-text;!
Missing character: There is no 括 in font [lmroman10-regular]:mapping=tex-text;!
Missing character: There is no 工 in font [lmroman10-regular]:mapping=tex-text;!
Missing character: There is no 作 in font [lmroman10-regular]:mapping=tex-text;!
Missing character: There is no 量 in font [lmroman10-regular]:mapping=tex-text;!
Missing character: There is no 、 in font [lmroman10-regular]:mapping=tex-text;!
Missing character: There is no 功 in font [lmroman10-regular]:mapping=tex-text;!
Missing character: There is no 能 in font [lmroman10-regular]:mapping=tex-text;!
Missing character: There is no 点 in font [lmroman10-regular]:mapping=tex-text;!
Missing character: There is no 数 in font [lmroman10-regular]:mapping=tex-text;!
Missing character: There is no 等 in font [lmroman10-regular]:mapping=tex-text;!
Missing character: There is no ， in font [lmroman10-regular]:mapping=tex-text;!
Missing character: There is no 用 in font [lmroman10-regular]:mapping=tex-text;!
Missing character: There is no 柱 in font [lmroman10-regular]:mapping=tex-text;!
Missing character: There is no 状 in font [lmroman10-regular]:mapping=tex-text;!
Missing character: There is no 图 in font [lmroman10-regular]:mapping=tex-text;!
Missing character: There is no 看 in font [lmroman10-regular]:mapping=tex-text;!
Missing character: There is no 变 in font [lmroman10-regular]:mapping=tex-text;!
Missing character: There is no 量 in font [lmroman10-regular]:mapping=tex-text;!
Missing character: There is no 的 in font [lmroman10-regular]:mapping=tex-text;!
Missing character: There is no 分 in font [lmroman10-regular]:mapping=tex-text;!
Missing character: There is no 布 in font [lmroman10-regular]:mapping=tex-text;!
Missing character: There is no ， in font [lmroman10-regular]:mapping=tex-text;!
Missing character: There is no 发 in font [lmroman10-regular]:mapping=tex-text;!
Missing character: There is no 现 in font [lmroman10-regular]:mapping=tex-text;!
Missing character: There is no 以 in font [lmroman10-regular]:mapping=tex-text;!
Missing character: There is no 下 in font [lmroman10-regular]:mapping=tex-text;!
Missing character: There is no 变 in font [lmroman10-regular]:mapping=tex-text;!
Missing character: There is no 量 in font [lmroman10-regular]:mapping=tex-text;!
Missing character: There is no 都 in font [lmroman10-regular]:mapping=tex-text;!
Missing character: There is no 是 in font [lmroman10-regular]:mapping=tex-text;!
Missing character: There is no 偏 in font [lmroman10-regular]:mapping=tex-text;!
Missing character: There is no 左 in font [lmroman10-regular]:mapping=tex-text;!
Missing character: There is no ， in font [lmroman10-regular]:mapping=tex-text;!
Missing character: There is no 我 in font [lmroman10-regular]:mapping=tex-text;!
Missing character: There is no 们 in font [lmroman10-regular]:mapping=tex-text;!
Missing character: There is no 便 in font [lmroman10-regular]:mapping=tex-text;!
Missing character: There is no 用 in font [lmroman10-regular]:mapping=tex-text;!
Missing character: There is no 取 in font [lmroman10-regular]:mapping=tex-text;!
Missing character: There is no 对 in font [lmroman10-regular]:mapping=tex-text;!
Missing character: There is no 数 in font [lmroman10-regular]:mapping=tex-text;!
Missing character: There is no ， in font [lmroman10-regular]:mapping=tex-text;!
Missing character: There is no 产 in font [lmroman10-regular]:mapping=tex-text;!
Missing character: There is no 生 in font [lmroman10-regular]:mapping=tex-text;!
Missing character: There is no 新 in font [lmroman10-regular]:mapping=tex-text;!
Missing character: There is no 的 in font [lmroman10-regular]:mapping=tex-text;!
Missing character: There is no 变 in font [lmroman10-regular]:mapping=tex-text;!
Missing character: There is no 量 in font [lmroman10-regular]:mapping=tex-text;!
Missing character: There is no ， in font [lmroman10-regular]:mapping=tex-text;!
Missing character: There is no 简 in font [lmroman10-regular]:mapping=tex-text;!
Missing character: There is no 单 in font [lmroman10-regular]:mapping=tex-text;!
Missing character: There is no 把 in font [lmroman10-regular]:mapping=tex-text;!
Missing character: There is no 它 in font [lmroman10-regular]:mapping=tex-text;!
Missing character: There is no 的 in font [lmroman10-regular]:mapping=tex-text;!
Missing character: There is no 数 in font [lmroman10-regular]:mapping=tex-text;!
Missing character: There is no 据 in font [lmroman10-regular]:mapping=tex-text;!
Missing character: There is no 拉 in font [lmroman10-regular]:mapping=tex-text;!
Missing character: There is no 到 in font [lmroman10-regular]:mapping=tex-text;!
Missing character: There is no 中 in font [lmroman10-regular]:mapping=tex-text;!
Missing character: There is no 间 in font [lmroman10-regular]:mapping=tex-text;!
Missing character: There is no ， in font [lmroman10-regular]:mapping=tex-text;!
Missing character: There is no 避 in font [lmroman10-regular]:mapping=tex-text;!
Missing character: There is no 免 in font [lmroman10-regular]:mapping=tex-text;!
Missing character: There is no 影 in font [lmroman10-regular]:mapping=tex-text;!
Missing character: There is no 响 in font [lmroman10-regular]:mapping=tex-text;!
Missing character: There is no 分 in font [lmroman10-regular]:mapping=tex-text;!
Missing character: There is no 析 in font [lmroman10-regular]:mapping=tex-text;!
Missing character: There is no 。 in font [lmroman10-regular]:mapping=tex-text;!
Missing character: There is no （ in font [lmroman10-regular]:mapping=tex-text;!
Missing character: There is no 有 in font [lmroman10-regular]:mapping=tex-text;!
Missing character: There is no 更 in font [lmroman10-regular]:mapping=tex-text;!
Missing character: There is no 正 in font [lmroman10-regular]:mapping=tex-text;!
Missing character: There is no 式 in font [lmroman10-regular]:mapping=tex-text;!
Missing character: There is no 的 in font [lmroman10-regular]:mapping=tex-text;!
Missing character: There is no 统 in font [lmroman10-regular]:mapping=tex-text;!
Missing character: There is no 计 in font [lmroman10-regular]:mapping=tex-text;!
Missing character: There is no 分 in font [lmroman10-regular]:mapping=tex-text;!
Missing character: There is no 析 in font [lmroman10-regular]:mapping=tex-text;!
Missing character: There is no 方 in font [lmroman10-regular]:mapping=tex-text;!
Missing character: There is no 法 in font [lmroman10-regular]:mapping=tex-text;!
Missing character: There is no ， in font [lmroman10-regular]:mapping=tex-text;!
Missing character: There is no 比 in font [lmroman10-regular]:mapping=tex-text;!
Missing character: There is no 如 in font [lmroman10-regular]:mapping=tex-text;!
Missing character: There is no 转 in font [lmroman10-regular]:mapping=tex-text;!
Missing character: There is no 换 in font [lmroman10-regular]:mapping=tex-text;!
Missing character: There is no ， in font [lmroman10-regular]:mapping=tex-text;!
Missing character: There is no 我 in font [lmroman10-regular]:mapping=tex-text;!
Missing character: There is no 们 in font [lmroman10-regular]:mapping=tex-text;!
Missing character: There is no 简 in font [lmroman10-regular]:mapping=tex-text;!
Missing character: There is no 单 in font [lmroman10-regular]:mapping=tex-text;!
Missing character: There is no 直 in font [lmroman10-regular]:mapping=tex-text;!
Missing character: There is no 接 in font [lmroman10-regular]:mapping=tex-text;!
Missing character: There is no 取 in font [lmroman10-regular]:mapping=tex-text;!
Missing character: There is no 。 in font [lmroman10-regular]:mapping=tex-text;!
Missing character: There is no ） in font [lmroman10-regular]:mapping=tex-text;!

Underfull \hbox (badness 10000) in paragraph at lines 105--109
[]\TU/lmr/m/n/10 600px|无[] 2） 并且看到其他的数据都正常，包括工作量、功能点数等，用柱状图看变量的分布，发现以下变量都是偏左，我们
便用取log对数，产生新的变量，简单把它的数据拉到中间，避免影响分析。（有更正式的统计分析方法，比如
 []

Missing character: There is no 无 in font [lmroman10-regular]:mapping=tex-text;!
Missing character: There is no ） in font [lmroman10-regular]:mapping=tex-text;!
Missing character: There is no 使 in font [lmroman10-regular]:mapping=tex-text;!
Missing character: There is no 用 in font [lmroman10-regular]:mapping=tex-text;!
Missing character: There is no 热 in font [lmroman10-regular]:mapping=tex-text;!
Missing character: There is no 力 in font [lmroman10-regular]:mapping=tex-text;!
Missing character: There is no 图 in font [lmroman10-regular]:mapping=tex-text;!
Missing character: There is no 和 in font [lmroman10-regular]:mapping=tex-text;!
Missing character: There is no 相 in font [lmroman10-regular]:mapping=tex-text;!
Missing character: There is no 关 in font [lmroman10-regular]:mapping=tex-text;!
Missing character: There is no 性 in font [lmroman10-regular]:mapping=tex-text;!
Missing character: There is no ， in font [lmroman10-regular]:mapping=tex-text;!
Missing character: There is no 查 in font [lmroman10-regular]:mapping=tex-text;!
Missing character: There is no 看 in font [lmroman10-regular]:mapping=tex-text;!
Missing character: There is no 变 in font [lmroman10-regular]:mapping=tex-text;!
Missing character: There is no 量 in font [lmroman10-regular]:mapping=tex-text;!
Missing character: There is no 之 in font [lmroman10-regular]:mapping=tex-text;!
Missing character: There is no 间 in font [lmroman10-regular]:mapping=tex-text;!
Missing character: There is no 的 in font [lmroman10-regular]:mapping=tex-text;!
Missing character: There is no 相 in font [lmroman10-regular]:mapping=tex-text;!
Missing character: There is no 关 in font [lmroman10-regular]:mapping=tex-text;!
Missing character: There is no 系 in font [lmroman10-regular]:mapping=tex-text;!
Missing character: There is no 数 in font [lmroman10-regular]:mapping=tex-text;!
Missing character: There is no ， in font [lmroman10-regular]:mapping=tex-text;!
Missing character: There is no 避 in font [lmroman10-regular]:mapping=tex-text;!
Missing character: There is no 免 in font [lmroman10-regular]:mapping=tex-text;!
Missing character: There is no 出 in font [lmroman10-regular]:mapping=tex-text;!
Missing character: There is no 现 in font [lmroman10-regular]:mapping=tex-text;!
Missing character: There is no 个 in font [lmroman10-regular]:mapping=tex-text;!
Missing character: There is no 变 in font [lmroman10-regular]:mapping=tex-text;!
Missing character: There is no 量 in font [lmroman10-regular]:mapping=tex-text;!
Missing character: There is no 强 in font [lmroman10-regular]:mapping=tex-text;!
Missing character: There is no 相 in font [lmroman10-regular]:mapping=tex-text;!
Missing character: There is no 关 in font [lmroman10-regular]:mapping=tex-text;!
Missing character: There is no ， in font [lmroman10-regular]:mapping=tex-text;!
Missing character: There is no 会 in font [lmroman10-regular]:mapping=tex-text;!
Missing character: There is no 影 in font [lmroman10-regular]:mapping=tex-text;!
Missing character: There is no 响 in font [lmroman10-regular]:mapping=tex-text;!
Missing character: There is no 数 in font [lmroman10-regular]:mapping=tex-text;!
Missing character: There is no 据 in font [lmroman10-regular]:mapping=tex-text;!
Missing character: There is no 稳 in font [lmroman10-regular]:mapping=tex-text;!
Missing character: There is no 定 in font [lmroman10-regular]:mapping=tex-text;!
Missing character: There is no ， in font [lmroman10-regular]:mapping=tex-text;!
Missing character: There is no 只 in font [lmroman10-regular]:mapping=tex-text;!
Missing character: There is no 能 in font [lmroman10-regular]:mapping=tex-text;!
Missing character: There is no 取 in font [lmroman10-regular]:mapping=tex-text;!
Missing character: There is no 其 in font [lmroman10-regular]:mapping=tex-text;!
Missing character: There is no 中 in font [lmroman10-regular]:mapping=tex-text;!
Missing character: There is no 之 in font [lmroman10-regular]:mapping=tex-text;!
Missing character: There is no 一 in font [lmroman10-regular]:mapping=tex-text;!
Missing character: There is no 。 in font [lmroman10-regular]:mapping=tex-text;!
Missing character: There is no 例 in font [lmroman10-regular]:mapping=tex-text;!
Missing character: There is no 如 in font [lmroman10-regular]:mapping=tex-text;!
Missing character: There is no 功 in font [lmroman10-regular]:mapping=tex-text;!
Missing character: There is no 能 in font [lmroman10-regular]:mapping=tex-text;!
Missing character: There is no 点 in font [lmroman10-regular]:mapping=tex-text;!
Missing character: There is no 和 in font [lmroman10-regular]:mapping=tex-text;!
Missing character: There is no 调 in font [lmroman10-regular]:mapping=tex-text;!
Missing character: There is no 整 in font [lmroman10-regular]:mapping=tex-text;!
Missing character: There is no 功 in font [lmroman10-regular]:mapping=tex-text;!
Missing character: There is no 能 in font [lmroman10-regular]:mapping=tex-text;!
Missing character: There is no 点 in font [lmroman10-regular]:mapping=tex-text;!
Missing character: There is no 强 in font [lmroman10-regular]:mapping=tex-text;!
Missing character: There is no 相 in font [lmroman10-regular]:mapping=tex-text;!
Missing character: There is no 关 in font [lmroman10-regular]:mapping=tex-text;!
Missing character: There is no ， in font [lmroman10-regular]:mapping=tex-text;!
Missing character: There is no 只 in font [lmroman10-regular]:mapping=tex-text;!
Missing character: There is no 取 in font [lmroman10-regular]:mapping=tex-text;!
Missing character: There is no 调 in font [lmroman10-regular]:mapping=tex-text;!
Missing character: There is no 整 in font [lmroman10-regular]:mapping=tex-text;!
Missing character: There is no 功 in font [lmroman10-regular]:mapping=tex-text;!
Missing character: There is no 能 in font [lmroman10-regular]:mapping=tex-text;!
Missing character: There is no 点 in font [lmroman10-regular]:mapping=tex-text;!
Missing character: There is no 。 in font [lmroman10-regular]:mapping=tex-text;!
Missing character: There is no 无 in font [lmroman10-regular]:mapping=tex-text;!
Missing character: There is no 用 in font [lmroman10-regular]:mapping=tex-text;!
Missing character: There is no 散 in font [lmroman10-regular]:mapping=tex-text;!
Missing character: There is no 点 in font [lmroman10-regular]:mapping=tex-text;!
Missing character: There is no 图 in font [lmroman10-regular]:mapping=tex-text;!
Missing character: There is no 看 in font [lmroman10-regular]:mapping=tex-text;!
Missing character: There is no 个 in font [lmroman10-regular]:mapping=tex-text;!
Missing character: There is no 变 in font [lmroman10-regular]:mapping=tex-text;!
Missing character: There is no 量 in font [lmroman10-regular]:mapping=tex-text;!
Missing character: There is no 之 in font [lmroman10-regular]:mapping=tex-text;!
Missing character: There is no 间 in font [lmroman10-regular]:mapping=tex-text;!
Missing character: There is no 是 in font [lmroman10-regular]:mapping=tex-text;!
Missing character: There is no 否 in font [lmroman10-regular]:mapping=tex-text;!
Missing character: There is no 有 in font [lmroman10-regular]:mapping=tex-text;!
Missing character: There is no 关 in font [lmroman10-regular]:mapping=tex-text;!
Missing character: There is no 系 in font [lmroman10-regular]:mapping=tex-text;!
Missing character: There is no ， in font [lmroman10-regular]:mapping=tex-text;!
Missing character: There is no 例 in font [lmroman10-regular]:mapping=tex-text;!
Missing character: There is no 如 in font [lmroman10-regular]:mapping=tex-text;!
Missing character: There is no 工 in font [lmroman10-regular]:mapping=tex-text;!
Missing character: There is no 作 in font [lmroman10-regular]:mapping=tex-text;!
Missing character: There is no 量 in font [lmroman10-regular]:mapping=tex-text;!
Missing character: There is no 和 in font [lmroman10-regular]:mapping=tex-text;!
Missing character: There is no 项 in font [lmroman10-regular]:mapping=tex-text;!
Missing character: There is no 目 in font [lmroman10-regular]:mapping=tex-text;!
Missing character: There is no 的 in font [lmroman10-regular]:mapping=tex-text;!
Missing character: There is no 时 in font [lmroman10-regular]:mapping=tex-text;!
Missing character: There is no 长 in font [lmroman10-regular]:mapping=tex-text;!
Missing character: There is no 强 in font [lmroman10-regular]:mapping=tex-text;!
Missing character: There is no 相 in font [lmroman10-regular]:mapping=tex-text;!
Missing character: There is no 关 in font [lmroman10-regular]:mapping=tex-text;!
Missing character: There is no ， in font [lmroman10-regular]:mapping=tex-text;!
Missing character: There is no 时 in font [lmroman10-regular]:mapping=tex-text;!
Missing character: There is no 长 in font [lmroman10-regular]:mapping=tex-text;!
Missing character: There is no 越 in font [lmroman10-regular]:mapping=tex-text;!
Missing character: There is no 长 in font [lmroman10-regular]:mapping=tex-text;!
Missing character: There is no 工 in font [lmroman10-regular]:mapping=tex-text;!
Missing character: There is no 作 in font [lmroman10-regular]:mapping=tex-text;!
Missing character: There is no 量 in font [lmroman10-regular]:mapping=tex-text;!
Missing character: There is no 越 in font [lmroman10-regular]:mapping=tex-text;!
Missing character: There is no 多 in font [lmroman10-regular]:mapping=tex-text;!
Missing character: There is no ， in font [lmroman10-regular]:mapping=tex-text;!
Missing character: There is no 功 in font [lmroman10-regular]:mapping=tex-text;!
Missing character: There is no 能 in font [lmroman10-regular]:mapping=tex-text;!
Missing character: There is no 点 in font [lmroman10-regular]:mapping=tex-text;!
Missing character: There is no 也 in font [lmroman10-regular]:mapping=tex-text;!
Missing character: There is no 类 in font [lmroman10-regular]:mapping=tex-text;!
Missing character: There is no 似 in font [lmroman10-regular]:mapping=tex-text;!
Missing character: There is no ， in font [lmroman10-regular]:mapping=tex-text;!
Missing character: There is no 是 in font [lmroman10-regular]:mapping=tex-text;!
Missing character: There is no 否 in font [lmroman10-regular]:mapping=tex-text;!
Missing character: There is no 跟 in font [lmroman10-regular]:mapping=tex-text;!
Missing character: There is no 不 in font [lmroman10-regular]:mapping=tex-text;!
Missing character: There is no 同 in font [lmroman10-regular]:mapping=tex-text;!
Missing character: There is no 语 in font [lmroman10-regular]:mapping=tex-text;!
Missing character: There is no 言 in font [lmroman10-regular]:mapping=tex-text;!
Missing character: There is no 有 in font [lmroman10-regular]:mapping=tex-text;!
Missing character: There is no 关 in font [lmroman10-regular]:mapping=tex-text;!
Missing character: There is no 系 in font [lmroman10-regular]:mapping=tex-text;!
Missing character: There is no ？ in font [lmroman10-regular]:mapping=tex-text;!
Missing character: There is no 从 in font [lmroman10-regular]:mapping=tex-text;!
Missing character: There is no 散 in font [lmroman10-regular]:mapping=tex-text;!
Missing character: There is no 点 in font [lmroman10-regular]:mapping=tex-text;!
Missing character: There is no 图 in font [lmroman10-regular]:mapping=tex-text;!
Missing character: There is no 看 in font [lmroman10-regular]:mapping=tex-text;!
Missing character: There is no 到 in font [lmroman10-regular]:mapping=tex-text;!
Missing character: There is no 、 in font [lmroman10-regular]:mapping=tex-text;!
Missing character: There is no 语 in font [lmroman10-regular]:mapping=tex-text;!
Missing character: There is no 言 in font [lmroman10-regular]:mapping=tex-text;!
Missing character: There is no 和 in font [lmroman10-regular]:mapping=tex-text;!
Missing character: There is no 接 in font [lmroman10-regular]:mapping=tex-text;!
Missing character: There is no 近 in font [lmroman10-regular]:mapping=tex-text;!
Missing character: There is no ， in font [lmroman10-regular]:mapping=tex-text;!
Missing character: There is no 语 in font [lmroman10-regular]:mapping=tex-text;!
Missing character: There is no 言 in font [lmroman10-regular]:mapping=tex-text;!
Missing character: There is no 的 in font [lmroman10-regular]:mapping=tex-text;!
Missing character: There is no 分 in font [lmroman10-regular]:mapping=tex-text;!
Missing character: There is no 布 in font [lmroman10-regular]:mapping=tex-text;!
Missing character: There is no 好 in font [lmroman10-regular]:mapping=tex-text;!
Missing character: There is no 像 in font [lmroman10-regular]:mapping=tex-text;!
Missing character: There is no 与 in font [lmroman10-regular]:mapping=tex-text;!
Missing character: There is no 、 in font [lmroman10-regular]:mapping=tex-text;!
Missing character: There is no 不 in font [lmroman10-regular]:mapping=tex-text;!
Missing character: There is no 同 in font [lmroman10-regular]:mapping=tex-text;!
Missing character: There is no 。 in font [lmroman10-regular]:mapping=tex-text;!
Missing character: There is no 无 in font [lmroman10-regular]:mapping=tex-text;!
Missing character: There is no 无 in font [lmroman10-regular]:mapping=tex-text;!
Missing character: There is no 无 in font [lmroman10-regular]:mapping=tex-text;!
[1

]
Missing character: There is no 按 in font [lmroman10-regular]:mapping=tex-text;!
Missing character: There is no 变 in font [lmroman10-regular]:mapping=tex-text;!
Missing character: There is no 量 in font [lmroman10-regular]:mapping=tex-text;!
Missing character: There is no 与 in font [lmroman10-regular]:mapping=tex-text;!
Missing character: There is no 的 in font [lmroman10-regular]:mapping=tex-text;!
Missing character: There is no 关 in font [lmroman10-regular]:mapping=tex-text;!
Missing character: There is no 系 in font [lmroman10-regular]:mapping=tex-text;!
Missing character: There is no ， in font [lmroman10-regular]:mapping=tex-text;!
Missing character: There is no 先 in font [lmroman10-regular]:mapping=tex-text;!
Missing character: There is no 挑 in font [lmroman10-regular]:mapping=tex-text;!
Missing character: There is no 选 in font [lmroman10-regular]:mapping=tex-text;!
Missing character: There is no 关 in font [lmroman10-regular]:mapping=tex-text;!
Missing character: There is no 系 in font [lmroman10-regular]:mapping=tex-text;!
Missing character: There is no 最 in font [lmroman10-regular]:mapping=tex-text;!
Missing character: There is no 高 in font [lmroman10-regular]:mapping=tex-text;!
Missing character: There is no 的 in font [lmroman10-regular]:mapping=tex-text;!
Missing character: There is no 变 in font [lmroman10-regular]:mapping=tex-text;!
Missing character: There is no 量 in font [lmroman10-regular]:mapping=tex-text;!
Missing character: There is no 建 in font [lmroman10-regular]:mapping=tex-text;!
Missing character: There is no 模 in font [lmroman10-regular]:mapping=tex-text;!
Missing character: There is no 。 in font [lmroman10-regular]:mapping=tex-text;!
Missing character: There is no （ in font [lmroman10-regular]:mapping=tex-text;!
Missing character: There is no 注 in font [lmroman10-regular]:mapping=tex-text;!
Missing character: There is no 意 in font [lmroman10-regular]:mapping=tex-text;!
Missing character: There is no ： in font [lmroman10-regular]:mapping=tex-text;!
Missing character: There is no 虽 in font [lmroman10-regular]:mapping=tex-text;!
Missing character: There is no 然 in font [lmroman10-regular]:mapping=tex-text;!
Missing character: There is no 时 in font [lmroman10-regular]:mapping=tex-text;!
Missing character: There is no 长 in font [lmroman10-regular]:mapping=tex-text;!
Missing character: There is no 的 in font [lmroman10-regular]:mapping=tex-text;!
Missing character: There is no 关 in font [lmroman10-regular]:mapping=tex-text;!
Missing character: There is no 系 in font [lmroman10-regular]:mapping=tex-text;!
Missing character: There is no 最 in font [lmroman10-regular]:mapping=tex-text;!
Missing character: There is no 高 in font [lmroman10-regular]:mapping=tex-text;!
Missing character: There is no ， in font [lmroman10-regular]:mapping=tex-text;!
Missing character: There is no 但 in font [lmroman10-regular]:mapping=tex-text;!
Missing character: There is no 它 in font [lmroman10-regular]:mapping=tex-text;!
Missing character: There is no 与 in font [lmroman10-regular]:mapping=tex-text;!
Missing character: There is no 工 in font [lmroman10-regular]:mapping=tex-text;!
Missing character: There is no 作 in font [lmroman10-regular]:mapping=tex-text;!
Missing character: There is no 量 in font [lmroman10-regular]:mapping=tex-text;!
Missing character: There is no 都 in font [lmroman10-regular]:mapping=tex-text;!
Missing character: There is no 是 in font [lmroman10-regular]:mapping=tex-text;!
Missing character: There is no 要 in font [lmroman10-regular]:mapping=tex-text;!
Missing character: There is no 等 in font [lmroman10-regular]:mapping=tex-text;!
Missing character: There is no 到 in font [lmroman10-regular]:mapping=tex-text;!
Missing character: There is no 项 in font [lmroman10-regular]:mapping=tex-text;!
Missing character: There is no 目 in font [lmroman10-regular]:mapping=tex-text;!
Missing character: There is no 结 in font [lmroman10-regular]:mapping=tex-text;!
Missing character: There is no 束 in font [lmroman10-regular]:mapping=tex-text;!
Missing character: There is no 才 in font [lmroman10-regular]:mapping=tex-text;!
Missing character: There is no 有 in font [lmroman10-regular]:mapping=tex-text;!
Missing character: There is no 数 in font [lmroman10-regular]:mapping=tex-text;!
Missing character: There is no 据 in font [lmroman10-regular]:mapping=tex-text;!
Missing character: There is no ， in font [lmroman10-regular]:mapping=tex-text;!
Missing character: There is no 所 in font [lmroman10-regular]:mapping=tex-text;!
Missing character: There is no 以 in font [lmroman10-regular]:mapping=tex-text;!
Missing character: There is no 时 in font [lmroman10-regular]:mapping=tex-text;!
Missing character: There is no 长 in font [lmroman10-regular]:mapping=tex-text;!
Missing character: There is no 只 in font [lmroman10-regular]:mapping=tex-text;!
Missing character: There is no 可 in font [lmroman10-regular]:mapping=tex-text;!
Missing character: There is no 以 in font [lmroman10-regular]:mapping=tex-text;!
Missing character: There is no 是 in font [lmroman10-regular]:mapping=tex-text;!
Missing character: There is no 因 in font [lmroman10-regular]:mapping=tex-text;!
Missing character: There is no 子 in font [lmroman10-regular]:mapping=tex-text;!
Missing character: There is no ， in font [lmroman10-regular]:mapping=tex-text;!
Missing character: There is no 不 in font [lmroman10-regular]:mapping=tex-text;!
Missing character: There is no 能 in font [lmroman10-regular]:mapping=tex-text;!
Missing character: There is no 用 in font [lmroman10-regular]:mapping=tex-text;!
Missing character: There is no 来 in font [lmroman10-regular]:mapping=tex-text;!
Missing character: There is no 预 in font [lmroman10-regular]:mapping=tex-text;!
Missing character: There is no 测 in font [lmroman10-regular]:mapping=tex-text;!
Missing character: There is no 。 in font [lmroman10-regular]:mapping=tex-text;!
Missing character: There is no ） in font [lmroman10-regular]:mapping=tex-text;!
Missing character: There is no 把 in font [lmroman10-regular]:mapping=tex-text;!
Missing character: There is no 模 in font [lmroman10-regular]:mapping=tex-text;!
Missing character: There is no 型 in font [lmroman10-regular]:mapping=tex-text;!
Missing character: There is no 预 in font [lmroman10-regular]:mapping=tex-text;!
Missing character: There is no 测 in font [lmroman10-regular]:mapping=tex-text;!
Missing character: There is no 的 in font [lmroman10-regular]:mapping=tex-text;!
Missing character: There is no 结 in font [lmroman10-regular]:mapping=tex-text;!
Missing character: There is no 果 in font [lmroman10-regular]:mapping=tex-text;!
Missing character: There is no ， in font [lmroman10-regular]:mapping=tex-text;!
Missing character: There is no 放 in font [lmroman10-regular]:mapping=tex-text;!
Missing character: There is no 进 in font [lmroman10-regular]:mapping=tex-text;!
Missing character: There is no 表 in font [lmroman10-regular]:mapping=tex-text;!
Missing character: There is no 单 in font [lmroman10-regular]:mapping=tex-text;!
Missing character: There is no ， in font [lmroman10-regular]:mapping=tex-text;!
Missing character: There is no 计 in font [lmroman10-regular]:mapping=tex-text;!
Missing character: There is no 算 in font [lmroman10-regular]:mapping=tex-text;!
Missing character: There is no 各 in font [lmroman10-regular]:mapping=tex-text;!
Missing character: There is no 个 in font [lmroman10-regular]:mapping=tex-text;!
Missing character: There is no 和 in font [lmroman10-regular]:mapping=tex-text;!
Missing character: There is no 值 in font [lmroman10-regular]:mapping=tex-text;!
Missing character: There is no 。 in font [lmroman10-regular]:mapping=tex-text;!
Missing character: There is no 无 in font [lmroman10-regular]:mapping=tex-text;!
Missing character: There is no 挑 in font [lmroman12-bold]:mapping=tex-text;!
Missing character: There is no 选 in font [lmroman12-bold]:mapping=tex-text;!
Missing character: There is no 最 in font [lmroman12-bold]:mapping=tex-text;!
Missing character: There is no 佳 in font [lmroman12-bold]:mapping=tex-text;!
Missing character: There is no 要 in font [lmroman10-regular]:mapping=tex-text;!
Missing character: There is no 比 in font [lmroman10-regular]:mapping=tex-text;!
Missing character: There is no 较 in font [lmroman10-regular]:mapping=tex-text;!
Missing character: There is no 不 in font [lmroman10-regular]:mapping=tex-text;!
Missing character: There is no 同 in font [lmroman10-regular]:mapping=tex-text;!
Missing character: There is no 模 in font [lmroman10-regular]:mapping=tex-text;!
Missing character: There is no 型 in font [lmroman10-regular]:mapping=tex-text;!
Missing character: There is no ， in font [lmroman10-regular]:mapping=tex-text;!
Missing character: There is no 先 in font [lmroman10-regular]:mapping=tex-text;!
Missing character: There is no 要 in font [lmroman10-regular]:mapping=tex-text;!
Missing character: There is no 判 in font [lmroman10-regular]:mapping=tex-text;!
Missing character: There is no 断 in font [lmroman10-regular]:mapping=tex-text;!
Missing character: There is no 不 in font [lmroman10-regular]:mapping=tex-text;!
Missing character: There is no 同 in font [lmroman10-regular]:mapping=tex-text;!
Missing character: There is no 模 in font [lmroman10-regular]:mapping=tex-text;!
Missing character: There is no 型 in font [lmroman10-regular]:mapping=tex-text;!
Missing character: There is no 的 in font [lmroman10-regular]:mapping=tex-text;!
Missing character: There is no 质 in font [lmroman10-regular]:mapping=tex-text;!
Missing character: There is no 量 in font [lmroman10-regular]:mapping=tex-text;!
Missing character: There is no ， in font [lmroman10-regular]:mapping=tex-text;!
Missing character: There is no 我 in font [lmroman10-regular]:mapping=tex-text;!
Missing character: There is no 们 in font [lmroman10-regular]:mapping=tex-text;!
Missing character: There is no 希 in font [lmroman10-regular]:mapping=tex-text;!
Missing character: There is no 望 in font [lmroman10-regular]:mapping=tex-text;!
Missing character: There is no 预 in font [lmroman10-regular]:mapping=tex-text;!
Missing character: There is no 测 in font [lmroman10-regular]:mapping=tex-text;!
Missing character: There is no 项 in font [lmroman10-regular]:mapping=tex-text;!
Missing character: There is no 目 in font [lmroman10-regular]:mapping=tex-text;!
Missing character: There is no 工 in font [lmroman10-regular]:mapping=tex-text;!
Missing character: There is no 作 in font [lmroman10-regular]:mapping=tex-text;!
Missing character: There is no 量 in font [lmroman10-regular]:mapping=tex-text;!
Missing character: There is no 是 in font [lmroman10-regular]:mapping=tex-text;!
Missing character: There is no 连 in font [lmroman10-regular]:mapping=tex-text;!
Missing character: There is no 续 in font [lmroman10-regular]:mapping=tex-text;!
Missing character: There is no 数 in font [lmroman10-regular]:mapping=tex-text;!
Missing character: There is no 据 in font [lmroman10-regular]:mapping=tex-text;!
Missing character: There is no ， in font [lmroman10-regular]:mapping=tex-text;!
Missing character: There is no 不 in font [lmroman10-regular]:mapping=tex-text;!
Missing character: There is no 是 in font [lmroman10-regular]:mapping=tex-text;!
Missing character: There is no 分 in font [lmroman10-regular]:mapping=tex-text;!
Missing character: There is no 类 in font [lmroman10-regular]:mapping=tex-text;!
Missing character: There is no 数 in font [lmroman10-regular]:mapping=tex-text;!
Missing character: There is no 据 in font [lmroman10-regular]:mapping=tex-text;!
Missing character: There is no ， in font [lmroman10-regular]:mapping=tex-text;!
Missing character: There is no 可 in font [lmroman10-regular]:mapping=tex-text;!
Missing character: There is no 以 in font [lmroman10-regular]:mapping=tex-text;!
Missing character: There is no 用 in font [lmroman10-regular]:mapping=tex-text;!
Missing character: There is no ， in font [lmroman10-regular]:mapping=tex-text;!
Missing character: There is no 把 in font [lmroman10-regular]:mapping=tex-text;!
Missing character: There is no 预 in font [lmroman10-regular]:mapping=tex-text;!
Missing character: There is no 估 in font [lmroman10-regular]:mapping=tex-text;!
Missing character: There is no 的 in font [lmroman10-regular]:mapping=tex-text;!
Missing character: There is no 结 in font [lmroman10-regular]:mapping=tex-text;!
Missing character: There is no 果 in font [lmroman10-regular]:mapping=tex-text;!
Missing character: There is no 和 in font [lmroman10-regular]:mapping=tex-text;!
Missing character: There is no 实 in font [lmroman10-regular]:mapping=tex-text;!
Missing character: There is no 际 in font [lmroman10-regular]:mapping=tex-text;!
Missing character: There is no 结 in font [lmroman10-regular]:mapping=tex-text;!
Missing character: There is no 果 in font [lmroman10-regular]:mapping=tex-text;!
Missing character: There is no 的 in font [lmroman10-regular]:mapping=tex-text;!
Missing character: There is no 差 in font [lmroman10-regular]:mapping=tex-text;!
Missing character: There is no 异 in font [lmroman10-regular]:mapping=tex-text;!
Missing character: There is no ， in font [lmroman10-regular]:mapping=tex-text;!
Missing character: There is no 平 in font [lmroman10-regular]:mapping=tex-text;!
Missing character: There is no 方 in font [lmroman10-regular]:mapping=tex-text;!
Missing character: There is no 的 in font [lmroman10-regular]:mapping=tex-text;!
Missing character: There is no 均 in font [lmroman10-regular]:mapping=tex-text;!
Missing character: There is no 值 in font [lmroman10-regular]:mapping=tex-text;!
Missing character: There is no 再 in font [lmroman10-regular]:mapping=tex-text;!
Missing character: There is no 开 in font [lmroman10-regular]:mapping=tex-text;!
Missing character: There is no 方 in font [lmroman10-regular]:mapping=tex-text;!
Missing character: There is no ， in font [lmroman10-regular]:mapping=tex-text;!
Missing character: There is no 数 in font [lmroman10-regular]:mapping=tex-text;!
Missing character: There is no 字 in font [lmroman10-regular]:mapping=tex-text;!
Missing character: There is no 越 in font [lmroman10-regular]:mapping=tex-text;!
Missing character: There is no 小 in font [lmroman10-regular]:mapping=tex-text;!
Missing character: There is no 越 in font [lmroman10-regular]:mapping=tex-text;!
Missing character: There is no 好 in font [lmroman10-regular]:mapping=tex-text;!
Missing character: There is no ， in font [lmroman10-regular]:mapping=tex-text;!
Missing character: There is no 也 in font [lmroman10-regular]:mapping=tex-text;!
Missing character: There is no 可 in font [lmroman10-regular]:mapping=tex-text;!
Missing character: There is no 以 in font [lmroman10-regular]:mapping=tex-text;!
Missing character: There is no 看 in font [lmroman10-regular]:mapping=tex-text;!
Missing character: There is no 系 in font [lmroman10-regular]:mapping=tex-text;!
Missing character: There is no 数 in font [lmroman10-regular]:mapping=tex-text;!
Missing character: There is no ， in font [lmroman10-regular]:mapping=tex-text;!
Missing character: There is no 它 in font [lmroman10-regular]:mapping=tex-text;!
Missing character: There is no 是 in font [lmroman10-regular]:mapping=tex-text;!
Missing character: There is no 预 in font [lmroman10-regular]:mapping=tex-text;!
Missing character: There is no 估 in font [lmroman10-regular]:mapping=tex-text;!
Missing character: There is no 结 in font [lmroman10-regular]:mapping=tex-text;!
Missing character: There is no 果 in font [lmroman10-regular]:mapping=tex-text;!
Missing character: There is no 与 in font [lmroman10-regular]:mapping=tex-text;!
Missing character: There is no 实 in font [lmroman10-regular]:mapping=tex-text;!
Missing character: There is no 际 in font [lmroman10-regular]:mapping=tex-text;!
Missing character: There is no 结 in font [lmroman10-regular]:mapping=tex-text;!
Missing character: There is no 果 in font [lmroman10-regular]:mapping=tex-text;!
Missing character: There is no 的 in font [lmroman10-regular]:mapping=tex-text;!
Missing character: There is no 相 in font [lmroman10-regular]:mapping=tex-text;!
Missing character: There is no 关 in font [lmroman10-regular]:mapping=tex-text;!
Missing character: There is no 系 in font [lmroman10-regular]:mapping=tex-text;!
Missing character: There is no 数 in font [lmroman10-regular]:mapping=tex-text;!
Missing character: There is no ， in font [lmroman10-regular]:mapping=tex-text;!
Missing character: There is no 如 in font [lmroman10-regular]:mapping=tex-text;!
Missing character: There is no 果 in font [lmroman10-regular]:mapping=tex-text;!
Missing character: There is no 是 in font [lmroman10-regular]:mapping=tex-text;!
Missing character: There is no 代 in font [lmroman10-regular]:mapping=tex-text;!
Missing character: There is no 表 in font [lmroman10-regular]:mapping=tex-text;!
Missing character: There is no 者 in font [lmroman10-regular]:mapping=tex-text;!
Missing character: There is no 完 in font [lmroman10-regular]:mapping=tex-text;!
Missing character: There is no 全 in font [lmroman10-regular]:mapping=tex-text;!
Missing character: There is no 一 in font [lmroman10-regular]:mapping=tex-text;!
Missing character: There is no 致 in font [lmroman10-regular]:mapping=tex-text;!
Missing character: There is no ， in font [lmroman10-regular]:mapping=tex-text;!
Missing character: There is no 代 in font [lmroman10-regular]:mapping=tex-text;!
Missing character: There is no 表 in font [lmroman10-regular]:mapping=tex-text;!
Missing character: There is no 组 in font [lmroman10-regular]:mapping=tex-text;!
Missing character: There is no 数 in font [lmroman10-regular]:mapping=tex-text;!
Missing character: There is no 据 in font [lmroman10-regular]:mapping=tex-text;!
Missing character: There is no 没 in font [lmroman10-regular]:mapping=tex-text;!
Missing character: There is no 有 in font [lmroman10-regular]:mapping=tex-text;!
Missing character: There is no 任 in font [lmroman10-regular]:mapping=tex-text;!
Missing character: There is no 何 in font [lmroman10-regular]:mapping=tex-text;!
Missing character: There is no 关 in font [lmroman10-regular]:mapping=tex-text;!
Missing character: There is no 系 in font [lmroman10-regular]:mapping=tex-text;!
Missing character: There is no 。 in font [lmroman10-regular]:mapping=tex-text;!
Missing character: There is no 注 in font [lmroman10-regular]:mapping=tex-text;!
Missing character: There is no 意 in font [lmroman10-regular]:mapping=tex-text;!
Missing character: There is no 主 in font [lmroman10-regular]:mapping=tex-text;!
Missing character: There is no 要 in font [lmroman10-regular]:mapping=tex-text;!
Missing character: There is no 看 in font [lmroman10-regular]:mapping=tex-text;!
Missing character: There is no ， in font [lmroman10-regular]:mapping=tex-text;!
Missing character: There is no 因 in font [lmroman10-regular]:mapping=tex-text;!
Missing character: There is no 为 in font [lmroman10-regular]:mapping=tex-text;!
Missing character: There is no 它 in font [lmroman10-regular]:mapping=tex-text;!
Missing character: There is no 是 in font [lmroman10-regular]:mapping=tex-text;!
Missing character: There is no 直 in font [lmroman10-regular]:mapping=tex-text;!
Missing character: There is no 接 in font [lmroman10-regular]:mapping=tex-text;!
Missing character: There is no 比 in font [lmroman10-regular]:mapping=tex-text;!
Missing character: There is no 较 in font [lmroman10-regular]:mapping=tex-text;!
Missing character: There is no 预 in font [lmroman10-regular]:mapping=tex-text;!
Missing character: There is no 计 in font [lmroman10-regular]:mapping=tex-text;!
Missing character: There is no 与 in font [lmroman10-regular]:mapping=tex-text;!
Missing character: There is no 实 in font [lmroman10-regular]:mapping=tex-text;!
Missing character: There is no 际 in font [lmroman10-regular]:mapping=tex-text;!
Missing character: There is no 的 in font [lmroman10-regular]:mapping=tex-text;!
Missing character: There is no 差 in font [lmroman10-regular]:mapping=tex-text;!
Missing character: There is no 异 in font [lmroman10-regular]:mapping=tex-text;!
Missing character: There is no ， in font [lmroman10-regular]:mapping=tex-text;!
Missing character: There is no 系 in font [lmroman10-regular]:mapping=tex-text;!
Missing character: There is no 数 in font [lmroman10-regular]:mapping=tex-text;!
Missing character: There is no 可 in font [lmroman10-regular]:mapping=tex-text;!
Missing character: There is no 能 in font [lmroman10-regular]:mapping=tex-text;!
Missing character: There is no 会 in font [lmroman10-regular]:mapping=tex-text;!
Missing character: There is no 被 in font [lmroman10-regular]:mapping=tex-text;!
Missing character: There is no 一 in font [lmroman10-regular]:mapping=tex-text;!
Missing character: There is no 些 in font [lmroman10-regular]:mapping=tex-text;!
Missing character: There is no 极 in font [lmroman10-regular]:mapping=tex-text;!
Missing character: There is no 端 in font [lmroman10-regular]:mapping=tex-text;!
Missing character: There is no 的 in font [lmroman10-regular]:mapping=tex-text;!
Missing character: There is no 点 in font [lmroman10-regular]:mapping=tex-text;!
Missing character: There is no 影 in font [lmroman10-regular]:mapping=tex-text;!
Missing character: There is no 响 in font [lmroman10-regular]:mapping=tex-text;!
Missing character: There is no ， in font [lmroman10-regular]:mapping=tex-text;!
Missing character: There is no 系 in font [lmroman10-regular]:mapping=tex-text;!
Missing character: There is no 数 in font [lmroman10-regular]:mapping=tex-text;!
Missing character: There is no 高 in font [lmroman10-regular]:mapping=tex-text;!
Missing character: There is no 不 in font [lmroman10-regular]:mapping=tex-text;!
Missing character: There is no 一 in font [lmroman10-regular]:mapping=tex-text;!
Missing character: There is no 定 in font [lmroman10-regular]:mapping=tex-text;!
Missing character: There is no 代 in font [lmroman10-regular]:mapping=tex-text;!
Missing character: There is no 表 in font [lmroman10-regular]:mapping=tex-text;!
Missing character: There is no 准 in font [lmroman10-regular]:mapping=tex-text;!
Missing character: There is no 确 in font [lmroman10-regular]:mapping=tex-text;!
Missing character: There is no 。 in font [lmroman10-regular]:mapping=tex-text;!
Missing character: There is no 因 in font [lmroman10-regular]:mapping=tex-text;!
Missing character: There is no 为 in font [lmroman10-regular]:mapping=tex-text;!
Missing character: There is no 我 in font [lmroman10-regular]:mapping=tex-text;!
Missing character: There is no 们 in font [lmroman10-regular]:mapping=tex-text;!
Missing character: There is no 希 in font [lmroman10-regular]:mapping=tex-text;!
Missing character: There is no 望 in font [lmroman10-regular]:mapping=tex-text;!
Missing character: There is no 预 in font [lmroman10-regular]:mapping=tex-text;!
Missing character: There is no 测 in font [lmroman10-regular]:mapping=tex-text;!
Missing character: There is no 工 in font [lmroman10-regular]:mapping=tex-text;!
Missing character: There is no 作 in font [lmroman10-regular]:mapping=tex-text;!
Missing character: There is no 量 in font [lmroman10-regular]:mapping=tex-text;!
Missing character: There is no ， in font [lmroman10-regular]:mapping=tex-text;!
Missing character: There is no 所 in font [lmroman10-regular]:mapping=tex-text;!
Missing character: There is no 以 in font [lmroman10-regular]:mapping=tex-text;!
Missing character: There is no 需 in font [lmroman10-regular]:mapping=tex-text;!
Missing character: There is no 要 in font [lmroman10-regular]:mapping=tex-text;!
Missing character: There is no 先 in font [lmroman10-regular]:mapping=tex-text;!
Missing character: There is no 把 in font [lmroman10-regular]:mapping=tex-text;!
Missing character: There is no 数 in font [lmroman10-regular]:mapping=tex-text;!
Missing character: There is no 据 in font [lmroman10-regular]:mapping=tex-text;!
Missing character: There is no 分 in font [lmroman10-regular]:mapping=tex-text;!
Missing character: There is no 成 in font [lmroman10-regular]:mapping=tex-text;!
Missing character: There is no 训 in font [lmroman10-regular]:mapping=tex-text;!
Missing character: There is no 练 in font [lmroman10-regular]:mapping=tex-text;!
Missing character: There is no 数 in font [lmroman10-regular]:mapping=tex-text;!
Missing character: There is no 据 in font [lmroman10-regular]:mapping=tex-text;!
Missing character: There is no 和 in font [lmroman10-regular]:mapping=tex-text;!
Missing character: There is no 测 in font [lmroman10-regular]:mapping=tex-text;!
Missing character: There is no 验 in font [lmroman10-regular]:mapping=tex-text;!
Missing character: There is no 数 in font [lmroman10-regular]:mapping=tex-text;!
Missing character: There is no 据 in font [lmroman10-regular]:mapping=tex-text;!
Missing character: There is no ， in font [lmroman10-regular]:mapping=tex-text;!
Missing character: There is no 从 in font [lmroman10-regular]:mapping=tex-text;!
Missing character: There is no 训 in font [lmroman10-regular]:mapping=tex-text;!
Missing character: There is no 练 in font [lmroman10-regular]:mapping=tex-text;!
Missing character: There is no 数 in font [lmroman10-regular]:mapping=tex-text;!
Missing character: There is no 据 in font [lmroman10-regular]:mapping=tex-text;!
Missing character: There is no 建 in font [lmroman10-regular]:mapping=tex-text;!
Missing character: There is no 立 in font [lmroman10-regular]:mapping=tex-text;!
Missing character: There is no 预 in font [lmroman10-regular]:mapping=tex-text;!
Missing character: There is no 测 in font [lmroman10-regular]:mapping=tex-text;!
Missing character: There is no 模 in font [lmroman10-regular]:mapping=tex-text;!
Missing character: There is no 型 in font [lmroman10-regular]:mapping=tex-text;!
Missing character: There is no ， in font [lmroman10-regular]:mapping=tex-text;!
Missing character: There is no 预 in font [lmroman10-regular]:mapping=tex-text;!
Missing character: There is no 估 in font [lmroman10-regular]:mapping=tex-text;!
Missing character: There is no 测 in font [lmroman10-regular]:mapping=tex-text;!
Missing character: There is no 验 in font [lmroman10-regular]:mapping=tex-text;!
Missing character: There is no 数 in font [lmroman10-regular]:mapping=tex-text;!
Missing character: There is no 据 in font [lmroman10-regular]:mapping=tex-text;!
Missing character: There is no 每 in font [lmroman10-regular]:mapping=tex-text;!
Missing character: There is no 个 in font [lmroman10-regular]:mapping=tex-text;!
Missing character: There is no 项 in font [lmroman10-regular]:mapping=tex-text;!
Missing character: There is no 目 in font [lmroman10-regular]:mapping=tex-text;!
Missing character: There is no 的 in font [lmroman10-regular]:mapping=tex-text;!
Missing character: There is no 工 in font [lmroman10-regular]:mapping=tex-text;!
Missing character: There is no 作 in font [lmroman10-regular]:mapping=tex-text;!
Missing character: There is no 量 in font [lmroman10-regular]:mapping=tex-text;!
Missing character: There is no 与 in font [lmroman10-regular]:mapping=tex-text;!
Missing character: There is no 测 in font [lmroman10-regular]:mapping=tex-text;!
Missing character: There is no 验 in font [lmroman10-regular]:mapping=tex-text;!
Missing character: There is no 数 in font [lmroman10-regular]:mapping=tex-text;!
Missing character: There is no 据 in font [lmroman10-regular]:mapping=tex-text;!
Missing character: There is no 本 in font [lmroman10-regular]:mapping=tex-text;!
Missing character: There is no 身 in font [lmroman10-regular]:mapping=tex-text;!
Missing character: There is no 的 in font [lmroman10-regular]:mapping=tex-text;!
Missing character: There is no 数 in font [lmroman10-regular]:mapping=tex-text;!
Missing character: There is no 据 in font [lmroman10-regular]:mapping=tex-text;!
Missing character: There is no 量 in font [lmroman10-regular]:mapping=tex-text;!
Missing character: There is no 比 in font [lmroman10-regular]:mapping=tex-text;!
Missing character: There is no 较 in font [lmroman10-regular]:mapping=tex-text;!
Missing character: There is no ， in font [lmroman10-regular]:mapping=tex-text;!
Missing character: There is no 判 in font [lmroman10-regular]:mapping=tex-text;!
Missing character: There is no 断 in font [lmroman10-regular]:mapping=tex-text;!
Missing character: There is no 模 in font [lmroman10-regular]:mapping=tex-text;!
Missing character: There is no 型 in font [lmroman10-regular]:mapping=tex-text;!
Missing character: There is no 的 in font [lmroman10-regular]:mapping=tex-text;!
Missing character: There is no 质 in font [lmroman10-regular]:mapping=tex-text;!
Missing character: There is no 量 in font [lmroman10-regular]:mapping=tex-text;!
Missing character: There is no 。 in font [lmroman10-regular]:mapping=tex-text;!

Overfull \hbox (41.0089pt too wide) in paragraph at lines 136--140
\TU/lmr/m/n/10 要比较不同模型，先要判断不同模型的质量，我们希望预测项目工作量是连续数据，不是分类数据，可以用RMSE (Root Mean S
quare Error)，把预估的结果和实际结果的差异，平方的均值再开方，数字越小越好，也可以看R-
 []


Underfull \hbox (badness 10000) in paragraph at lines 136--140
\TU/lmr/m/n/10 square系数，它是预估结果与实际结果的相关系数，如果R-square是1代表2者完全一致，0代表2组数据没有任何关系。(注意
主要看RMSE，因为它是直接比较预计与实际的差异，R-
 []

Missing character: There is no 线 in font [lmroman10-regular]:mapping=tex-text;!
Missing character: There is no 性 in font [lmroman10-regular]:mapping=tex-text;!
Missing character: There is no 模 in font [lmroman10-regular]:mapping=tex-text;!
Missing character: There is no 型 in font [lmroman10-regular]:mapping=tex-text;!
Missing character: There is no 如 in font [lmroman10-regular]:mapping=tex-text;!
Missing character: There is no 果 in font [lmroman10-regular]:mapping=tex-text;!
Missing character: There is no 与 in font [lmroman10-regular]:mapping=tex-text;!
Missing character: There is no 呈 in font [lmroman10-regular]:mapping=tex-text;!
Missing character: There is no 现 in font [lmroman10-regular]:mapping=tex-text;!
Missing character: There is no 直 in font [lmroman10-regular]:mapping=tex-text;!
Missing character: There is no 线 in font [lmroman10-regular]:mapping=tex-text;!
Missing character: There is no 关 in font [lmroman10-regular]:mapping=tex-text;!
Missing character: There is no 系 in font [lmroman10-regular]:mapping=tex-text;!
Missing character: There is no （ in font [lmroman10-regular]:mapping=tex-text;!
Missing character: There is no 看 in font [lmroman10-regular]:mapping=tex-text;!
Missing character: There is no 散 in font [lmroman10-regular]:mapping=tex-text;!
Missing character: There is no 点 in font [lmroman10-regular]:mapping=tex-text;!
Missing character: There is no 图 in font [lmroman10-regular]:mapping=tex-text;!
Missing character: There is no ） in font [lmroman10-regular]:mapping=tex-text;!
Missing character: There is no ， in font [lmroman10-regular]:mapping=tex-text;!
Missing character: There is no 可 in font [lmroman10-regular]:mapping=tex-text;!
Missing character: There is no 以 in font [lmroman10-regular]:mapping=tex-text;!
Missing character: There is no 用 in font [lmroman10-regular]:mapping=tex-text;!
Missing character: There is no 拟 in font [lmroman10-regular]:mapping=tex-text;!
Missing character: There is no 合 in font [lmroman10-regular]:mapping=tex-text;!
Missing character: There is no 线 in font [lmroman10-regular]:mapping=tex-text;!
Missing character: There is no 回 in font [lmroman10-regular]:mapping=tex-text;!
Missing character: There is no 归 in font [lmroman10-regular]:mapping=tex-text;!
Missing character: There is no 分 in font [lmroman10-regular]:mapping=tex-text;!
Missing character: There is no 析 in font [lmroman10-regular]:mapping=tex-text;!
Missing character: There is no ， in font [lmroman10-regular]:mapping=tex-text;!
Missing character: There is no 得 in font [lmroman10-regular]:mapping=tex-text;!
Missing character: There is no 出 in font [lmroman10-regular]:mapping=tex-text;!
LaTeX Font Info:    Font shape `TU/latinmodern-math.otf(1)/m/n' will be
(Font)              scaled to size 7.0pt on input line 146.
LaTeX Font Info:    Font shape `TU/latinmodern-math.otf(1)/m/n' will be
(Font)              scaled to size 5.0pt on input line 146.
LaTeX Font Info:    Try loading font information for OML+lmm on input line 146.

(/usr/share/texmf/tex/latex/lm/omllmm.fd
File: omllmm.fd 2009/10/30 v1.6 Font defs for Latin Modern
)
LaTeX Font Info:    Font shape `TU/latinmodern-math.otf(2)/m/n' will be
(Font)              scaled to size 10.00015pt on input line 146.
LaTeX Font Info:    Font shape `TU/latinmodern-math.otf(2)/m/n' will be
(Font)              scaled to size 7.0001pt on input line 146.
LaTeX Font Info:    Font shape `TU/latinmodern-math.otf(2)/m/n' will be
(Font)              scaled to size 5.00008pt on input line 146.
LaTeX Font Info:    Font shape `TU/latinmodern-math.otf(3)/m/n' will be
(Font)              scaled to size 9.99985pt on input line 146.
LaTeX Font Info:    Font shape `TU/latinmodern-math.otf(3)/m/n' will be
(Font)              scaled to size 6.9999pt on input line 146.
LaTeX Font Info:    Font shape `TU/latinmodern-math.otf(3)/m/n' will be
(Font)              scaled to size 4.99992pt on input line 146.
LaTeX Font Info:    Try loading font information for U+msa on input line 146.

(/usr/share/texlive/texmf-dist/tex/latex/amsfonts/umsa.fd
File: umsa.fd 2013/01/14 v3.01 AMS symbols A
)
(/usr/share/texlive/texmf-dist/tex/latex/microtype/mt-msa.cfg
File: mt-msa.cfg 2006/02/04 v1.1 microtype config. file: AMS symbols (a) (RS)
)
LaTeX Font Info:    Try loading font information for U+msb on input line 146.

(/usr/share/texlive/texmf-dist/tex/latex/amsfonts/umsb.fd
File: umsb.fd 2013/01/14 v3.01 AMS symbols B
)
(/usr/share/texlive/texmf-dist/tex/latex/microtype/mt-msb.cfg
File: mt-msb.cfg 2005/06/01 v1.0 microtype config. file: AMS symbols (b) (RS)
)
Missing character: There is no 的 in font [lmroman10-regular]:mapping=tex-text;!
Missing character: There is no 直 in font [lmroman10-regular]:mapping=tex-text;!
Missing character: There is no 线 in font [lmroman10-regular]:mapping=tex-text;!
Missing character: There is no 方 in font [lmroman10-regular]:mapping=tex-text;!
Missing character: There is no 程 in font [lmroman10-regular]:mapping=tex-text;!
Missing character: There is no 。 in font [lmroman10-regular]:mapping=tex-text;!
Missing character: There is no 如 in font [lmroman10-regular]:mapping=tex-text;!
Missing character: There is no 果 in font [lmroman10-regular]:mapping=tex-text;!
Missing character: There is no 有 in font [lmroman10-regular]:mapping=tex-text;!
Missing character: There is no 个 in font [lmroman10-regular]:mapping=tex-text;!
Missing character: There is no 控 in font [lmroman10-regular]:mapping=tex-text;!
Missing character: There is no 制 in font [lmroman10-regular]:mapping=tex-text;!
Missing character: There is no 变 in font [lmroman10-regular]:mapping=tex-text;!
Missing character: There is no 量 in font [lmroman10-regular]:mapping=tex-text;!
Missing character: There is no ， in font [lmroman10-regular]:mapping=tex-text;!
Missing character: There is no 也 in font [lmroman10-regular]:mapping=tex-text;!
Missing character: There is no 可 in font [lmroman10-regular]:mapping=tex-text;!
Missing character: There is no 以 in font [lmroman10-regular]:mapping=tex-text;!
Missing character: There is no 用 in font [lmroman10-regular]:mapping=tex-text;!
Missing character: There is no 回 in font [lmroman10-regular]:mapping=tex-text;!
Missing character: There is no 归 in font [lmroman10-regular]:mapping=tex-text;!
Missing character: There is no 分 in font [lmroman10-regular]:mapping=tex-text;!
Missing character: There is no 析 in font [lmroman10-regular]:mapping=tex-text;!
Missing character: There is no 得 in font [lmroman10-regular]:mapping=tex-text;!
Missing character: There is no 出 in font [lmroman10-regular]:mapping=tex-text;!
Missing character: There is no 的 in font [lmroman10-regular]:mapping=tex-text;!
Missing character: There is no 多 in font [lmroman10-regular]:mapping=tex-text;!
Missing character: There is no 元 in font [lmroman10-regular]:mapping=tex-text;!
Missing character: There is no 回 in font [lmroman10-regular]:mapping=tex-text;!
Missing character: There is no 归 in font [lmroman10-regular]:mapping=tex-text;!
Missing character: There is no 方 in font [lmroman10-regular]:mapping=tex-text;!
Missing character: There is no 程 in font [lmroman10-regular]:mapping=tex-text;!
Missing character: There is no 。 in font [lmroman10-regular]:mapping=tex-text;!
Missing character: There is no 是 in font [lmroman10-regular]:mapping=tex-text;!
Missing character: There is no 一 in font [lmroman10-regular]:mapping=tex-text;!
Missing character: There is no 种 in font [lmroman10-regular]:mapping=tex-text;!
Missing character: There is no 对 in font [lmroman10-regular]:mapping=tex-text;!
Missing character: There is no 基 in font [lmroman10-regular]:mapping=tex-text;!
Missing character: There is no 本 in font [lmroman10-regular]:mapping=tex-text;!
Missing character: There is no 回 in font [lmroman10-regular]:mapping=tex-text;!
Missing character: There is no 归 in font [lmroman10-regular]:mapping=tex-text;!
Missing character: There is no 的 in font [lmroman10-regular]:mapping=tex-text;!
Missing character: There is no 优 in font [lmroman10-regular]:mapping=tex-text;!
Missing character: There is no 化 in font [lmroman10-regular]:mapping=tex-text;!
Missing character: There is no ， in font [lmroman10-regular]:mapping=tex-text;!
Missing character: There is no 神 in font [lmroman10-regular]:mapping=tex-text;!
Missing character: There is no 经 in font [lmroman10-regular]:mapping=tex-text;!
Missing character: There is no 网 in font [lmroman10-regular]:mapping=tex-text;!
Missing character: There is no 络 in font [lmroman10-regular]:mapping=tex-text;!
Missing character: There is no 、 in font [lmroman10-regular]:mapping=tex-text;!
Missing character: There is no 随 in font [lmroman10-regular]:mapping=tex-text;!
Missing character: There is no 机 in font [lmroman10-regular]:mapping=tex-text;!
Missing character: There is no 森 in font [lmroman10-regular]:mapping=tex-text;!
Missing character: There is no 林 in font [lmroman10-regular]:mapping=tex-text;!
Missing character: There is no 、 in font [lmroman10-regular]:mapping=tex-text;!
Missing character: There is no 都 in font [lmroman10-regular]:mapping=tex-text;!
Missing character: There is no 归 in font [lmroman10-regular]:mapping=tex-text;!
Missing character: There is no 属 in font [lmroman10-regular]:mapping=tex-text;!
Missing character: There is no 于 in font [lmroman10-regular]:mapping=tex-text;!
Missing character: There is no 非 in font [lmroman10-regular]:mapping=tex-text;!
Missing character: There is no 线 in font [lmroman10-regular]:mapping=tex-text;!
Missing character: There is no 性 in font [lmroman10-regular]:mapping=tex-text;!
Missing character: There is no 模 in font [lmroman10-regular]:mapping=tex-text;!
Missing character: There is no 型 in font [lmroman10-regular]:mapping=tex-text;!
Missing character: There is no ， in font [lmroman10-regular]:mapping=tex-text;!
Missing character: There is no 不 in font [lmroman10-regular]:mapping=tex-text;!
Missing character: There is no 能 in font [lmroman10-regular]:mapping=tex-text;!
Missing character: There is no 用 in font [lmroman10-regular]:mapping=tex-text;!
Missing character: There is no 上 in font [lmroman10-regular]:mapping=tex-text;!
Missing character: There is no 面 in font [lmroman10-regular]:mapping=tex-text;!
Missing character: There is no 拟 in font [lmroman10-regular]:mapping=tex-text;!
Missing character: There is no 合 in font [lmroman10-regular]:mapping=tex-text;!
Missing character: There is no 线 in font [lmroman10-regular]:mapping=tex-text;!
Missing character: There is no 回 in font [lmroman10-regular]:mapping=tex-text;!
Missing character: There is no 归 in font [lmroman10-regular]:mapping=tex-text;!
Missing character: There is no 来 in font [lmroman10-regular]:mapping=tex-text;!
Missing character: There is no 分 in font [lmroman10-regular]:mapping=tex-text;!
Missing character: There is no 析 in font [lmroman10-regular]:mapping=tex-text;!
Missing character: There is no 。 in font [lmroman10-regular]:mapping=tex-text;!


Package longtable Warning: Column widths have changed
(longtable)                in table 2 on input line 154.

Missing character: There is no 我 in font [lmroman10-regular]:mapping=tex-text;!
Missing character: There is no 们 in font [lmroman10-regular]:mapping=tex-text;!
Missing character: There is no 按 in font [lmroman10-regular]:mapping=tex-text;!
Missing character: There is no 变 in font [lmroman10-regular]:mapping=tex-text;!
Missing character: There is no 量 in font [lmroman10-regular]:mapping=tex-text;!
Missing character: There is no 与 in font [lmroman10-regular]:mapping=tex-text;!
Missing character: There is no 工 in font [lmroman10-regular]:mapping=tex-text;!
Missing character: There is no 作 in font [lmroman10-regular]:mapping=tex-text;!
Missing character: There is no 量 in font [lmroman10-regular]:mapping=tex-text;!
Missing character: There is no 相 in font [lmroman10-regular]:mapping=tex-text;!
Missing character: There is no 关 in font [lmroman10-regular]:mapping=tex-text;!
Missing character: There is no 性 in font [lmroman10-regular]:mapping=tex-text;!
Missing character: There is no ， in font [lmroman10-regular]:mapping=tex-text;!
Missing character: There is no 挑 in font [lmroman10-regular]:mapping=tex-text;!
Missing character: There is no 选 in font [lmroman10-regular]:mapping=tex-text;!
Missing character: There is no 变 in font [lmroman10-regular]:mapping=tex-text;!
Missing character: There is no 量 in font [lmroman10-regular]:mapping=tex-text;!
Missing character: There is no ， in font [lmroman10-regular]:mapping=tex-text;!
Missing character: There is no 建 in font [lmroman10-regular]:mapping=tex-text;!
Missing character: There is no 立 in font [lmroman10-regular]:mapping=tex-text;!
Missing character: There is no 预 in font [lmroman10-regular]:mapping=tex-text;!
Missing character: There is no 测 in font [lmroman10-regular]:mapping=tex-text;!
Missing character: There is no 模 in font [lmroman10-regular]:mapping=tex-text;!
Missing character: There is no 型 in font [lmroman10-regular]:mapping=tex-text;!
Missing character: There is no ， in font [lmroman10-regular]:mapping=tex-text;!
Missing character: There is no 先 in font [lmroman10-regular]:mapping=tex-text;!
Missing character: There is no 选 in font [lmroman10-regular]:mapping=tex-text;!
Missing character: There is no 最 in font [lmroman10-regular]:mapping=tex-text;!
Missing character: There is no 相 in font [lmroman10-regular]:mapping=tex-text;!
Missing character: There is no 关 in font [lmroman10-regular]:mapping=tex-text;!
Missing character: There is no 的 in font [lmroman10-regular]:mapping=tex-text;!
Missing character: There is no 个 in font [lmroman10-regular]:mapping=tex-text;!
Missing character: There is no 变 in font [lmroman10-regular]:mapping=tex-text;!
Missing character: There is no 量 in font [lmroman10-regular]:mapping=tex-text;!
Missing character: There is no ， in font [lmroman10-regular]:mapping=tex-text;!
Missing character: There is no 然 in font [lmroman10-regular]:mapping=tex-text;!
Missing character: There is no 后 in font [lmroman10-regular]:mapping=tex-text;!
Missing character: There is no 陆 in font [lmroman10-regular]:mapping=tex-text;!
Missing character: There is no 续 in font [lmroman10-regular]:mapping=tex-text;!
Missing character: There is no 加 in font [lmroman10-regular]:mapping=tex-text;!
Missing character: There is no 变 in font [lmroman10-regular]:mapping=tex-text;!
Missing character: There is no 量 in font [lmroman10-regular]:mapping=tex-text;!
Missing character: There is no ； in font [lmroman10-regular]:mapping=tex-text;!
Missing character: There is no 从 in font [lmroman10-regular]:mapping=tex-text;!
Missing character: There is no 加 in font [lmroman10-regular]:mapping=tex-text;!
Missing character: There is no 开 in font [lmroman10-regular]:mapping=tex-text;!
Missing character: There is no 始 in font [lmroman10-regular]:mapping=tex-text;!
Missing character: There is no ， in font [lmroman10-regular]:mapping=tex-text;!
Missing character: There is no 再 in font [lmroman10-regular]:mapping=tex-text;!
Missing character: There is no 增 in font [lmroman10-regular]:mapping=tex-text;!
Missing character: There is no 加 in font [lmroman10-regular]:mapping=tex-text;!
Missing character: There is no 变 in font [lmroman10-regular]:mapping=tex-text;!
Missing character: There is no 量 in font [lmroman10-regular]:mapping=tex-text;!
Missing character: There is no 对 in font [lmroman10-regular]:mapping=tex-text;!
Missing character: There is no 模 in font [lmroman10-regular]:mapping=tex-text;!
Missing character: There is no 型 in font [lmroman10-regular]:mapping=tex-text;!
Missing character: There is no 预 in font [lmroman10-regular]:mapping=tex-text;!
Missing character: There is no 测 in font [lmroman10-regular]:mapping=tex-text;!
Missing character: There is no 准 in font [lmroman10-regular]:mapping=tex-text;!
Missing character: There is no 确 in font [lmroman10-regular]:mapping=tex-text;!
Missing character: There is no 性 in font [lmroman10-regular]:mapping=tex-text;!
Missing character: There is no 没 in font [lmroman10-regular]:mapping=tex-text;!
Missing character: There is no 有 in font [lmroman10-regular]:mapping=tex-text;!
Missing character: There is no 改 in font [lmroman10-regular]:mapping=tex-text;!
Missing character: There is no 善 in font [lmroman10-regular]:mapping=tex-text;!
Missing character: There is no ， in font [lmroman10-regular]:mapping=tex-text;!
Missing character: There is no 下 in font [lmroman10-regular]:mapping=tex-text;!
Missing character: There is no 面 in font [lmroman10-regular]:mapping=tex-text;!
Missing character: There is no 只 in font [lmroman10-regular]:mapping=tex-text;!
Missing character: There is no 针 in font [lmroman10-regular]:mapping=tex-text;!
Missing character: There is no 对 in font [lmroman10-regular]:mapping=tex-text;!
Missing character: There is no 前 in font [lmroman10-regular]:mapping=tex-text;!
Missing character: There is no 类 in font [lmroman10-regular]:mapping=tex-text;!
Missing character: There is no 的 in font [lmroman10-regular]:mapping=tex-text;!
Missing character: There is no 结 in font [lmroman10-regular]:mapping=tex-text;!
Missing character: There is no 果 in font [lmroman10-regular]:mapping=tex-text;!
Missing character: There is no 做 in font [lmroman10-regular]:mapping=tex-text;!
Missing character: There is no 分 in font [lmroman10-regular]:mapping=tex-text;!
Missing character: There is no 析 in font [lmroman10-regular]:mapping=tex-text;!
Missing character: There is no 。 in font [lmroman10-regular]:mapping=tex-text;!
Missing character: There is no 上 in font [lmroman10-regular]:mapping=tex-text;!
Missing character: There is no 图 in font [lmroman10-regular]:mapping=tex-text;!
Missing character: There is no 左 in font [lmroman10-regular]:mapping=tex-text;!
Missing character: There is no 面 in font [lmroman10-regular]:mapping=tex-text;!
Missing character: There is no 是 in font [lmroman10-regular]:mapping=tex-text;!
Missing character: There is no 选 in font [lmroman10-regular]:mapping=tex-text;!
Missing character: There is no 用 in font [lmroman10-regular]:mapping=tex-text;!
Missing character: There is no 功 in font [lmroman10-regular]:mapping=tex-text;!
Missing character: There is no 能 in font [lmroman10-regular]:mapping=tex-text;!
Missing character: There is no 点 in font [lmroman10-regular]:mapping=tex-text;!
Missing character: There is no 与 in font [lmroman10-regular]:mapping=tex-text;!
Missing character: There is no 团 in font [lmroman10-regular]:mapping=tex-text;!
Missing character: There is no 队 in font [lmroman10-regular]:mapping=tex-text;!
Missing character: There is no 经 in font [lmroman10-regular]:mapping=tex-text;!
Missing character: There is no 验 in font [lmroman10-regular]:mapping=tex-text;!
Missing character: There is no ， in font [lmroman10-regular]:mapping=tex-text;!
Missing character: There is no 红 in font [lmroman10-regular]:mapping=tex-text;!
Missing character: There is no 色 in font [lmroman10-regular]:mapping=tex-text;!
Missing character: There is no 是 in font [lmroman10-regular]:mapping=tex-text;!
Missing character: There is no 第 in font [lmroman10-regular]:mapping=tex-text;!
Missing character: There is no 一 in font [lmroman10-regular]:mapping=tex-text;!
Missing character: There is no 组 in font [lmroman10-regular]:mapping=tex-text;!
Missing character: There is no 测 in font [lmroman10-regular]:mapping=tex-text;!
Missing character: There is no 试 in font [lmroman10-regular]:mapping=tex-text;!
Missing character: There is no 数 in font [lmroman10-regular]:mapping=tex-text;!
Missing character: There is no 据 in font [lmroman10-regular]:mapping=tex-text;!
Missing character: There is no ， in font [lmroman10-regular]:mapping=tex-text;!
Missing character: There is no 黑 in font [lmroman10-regular]:mapping=tex-text;!
Missing character: There is no 色 in font [lmroman10-regular]:mapping=tex-text;!
Missing character: There is no 是 in font [lmroman10-regular]:mapping=tex-text;!
Missing character: There is no 另 in font [lmroman10-regular]:mapping=tex-text;!
Missing character: There is no 一 in font [lmroman10-regular]:mapping=tex-text;!
Missing character: There is no 组 in font [lmroman10-regular]:mapping=tex-text;!
Missing character: There is no 只 in font [lmroman10-regular]:mapping=tex-text;!
Missing character: There is no 有 in font [lmroman10-regular]:mapping=tex-text;!
Missing character: There is no 随 in font [lmroman10-regular]:mapping=tex-text;!
Missing character: There is no 机 in font [lmroman10-regular]:mapping=tex-text;!
Missing character: There is no 森 in font [lmroman10-regular]:mapping=tex-text;!
Missing character: There is no 林 in font [lmroman10-regular]:mapping=tex-text;!
Missing character: There is no 模 in font [lmroman10-regular]:mapping=tex-text;!
Missing character: There is no 型 in font [lmroman10-regular]:mapping=tex-text;!
Missing character: There is no （ in font [lmroman10-regular]:mapping=tex-text;!
Missing character: There is no ） in font [lmroman10-regular]:mapping=tex-text;!
Missing character: There is no 比 in font [lmroman10-regular]:mapping=tex-text;!
Missing character: There is no 较 in font [lmroman10-regular]:mapping=tex-text;!
Missing character: There is no 接 in font [lmroman10-regular]:mapping=tex-text;!
Missing character: There is no 近 in font [lmroman10-regular]:mapping=tex-text;!
Missing character: There is no ， in font [lmroman10-regular]:mapping=tex-text;!
Missing character: There is no 其 in font [lmroman10-regular]:mapping=tex-text;!
Missing character: There is no 他 in font [lmroman10-regular]:mapping=tex-text;!
Missing character: There is no 的 in font [lmroman10-regular]:mapping=tex-text;!
Missing character: There is no 模 in font [lmroman10-regular]:mapping=tex-text;!
Missing character: There is no 型 in font [lmroman10-regular]:mapping=tex-text;!
Missing character: There is no 预 in font [lmroman10-regular]:mapping=tex-text;!
Missing character: There is no 测 in font [lmroman10-regular]:mapping=tex-text;!
Missing character: There is no 都 in font [lmroman10-regular]:mapping=tex-text;!
Missing character: There is no 有 in font [lmroman10-regular]:mapping=tex-text;!
Missing character: There is no 很 in font [lmroman10-regular]:mapping=tex-text;!
Missing character: There is no 大 in font [lmroman10-regular]:mapping=tex-text;!
Missing character: There is no 差 in font [lmroman10-regular]:mapping=tex-text;!
Missing character: There is no 异 in font [lmroman10-regular]:mapping=tex-text;!
Missing character: There is no 右 in font [lmroman10-regular]:mapping=tex-text;!
Missing character: There is no 面 in font [lmroman10-regular]:mapping=tex-text;!
Missing character: There is no 加 in font [lmroman10-regular]:mapping=tex-text;!
Missing character: There is no 了 in font [lmroman10-regular]:mapping=tex-text;!
Missing character: There is no 经 in font [lmroman10-regular]:mapping=tex-text;!
Missing character: There is no 理 in font [lmroman10-regular]:mapping=tex-text;!
Missing character: There is no 经 in font [lmroman10-regular]:mapping=tex-text;!
Missing character: There is no 验 in font [lmroman10-regular]:mapping=tex-text;!
Missing character: There is no 为 in font [lmroman10-regular]:mapping=tex-text;!
Missing character: There is no 第 in font [lmroman10-regular]:mapping=tex-text;!
Missing character: There is no 三 in font [lmroman10-regular]:mapping=tex-text;!
Missing character: There is no 个 in font [lmroman10-regular]:mapping=tex-text;!
Missing character: There is no 变 in font [lmroman10-regular]:mapping=tex-text;!
Missing character: There is no 量 in font [lmroman10-regular]:mapping=tex-text;!
Missing character: There is no ， in font [lmroman10-regular]:mapping=tex-text;!
Missing character: There is no 但 in font [lmroman10-regular]:mapping=tex-text;!
Missing character: There is no 对 in font [lmroman10-regular]:mapping=tex-text;!
Missing character: There is no 预 in font [lmroman10-regular]:mapping=tex-text;!
Missing character: There is no 测 in font [lmroman10-regular]:mapping=tex-text;!
Missing character: There is no 没 in font [lmroman10-regular]:mapping=tex-text;!
Missing character: There is no 有 in font [lmroman10-regular]:mapping=tex-text;!
Missing character: There is no 改 in font [lmroman10-regular]:mapping=tex-text;!
Missing character: There is no 善 in font [lmroman10-regular]:mapping=tex-text;!
Missing character: There is no ， in font [lmroman10-regular]:mapping=tex-text;!
Missing character: There is no 虽 in font [lmroman10-regular]:mapping=tex-text;!
Missing character: There is no 然 in font [lmroman10-regular]:mapping=tex-text;!
Missing character: There is no 也 in font [lmroman10-regular]:mapping=tex-text;!
Missing character: There is no 是 in font [lmroman10-regular]:mapping=tex-text;!
Missing character: There is no 差 in font [lmroman10-regular]:mapping=tex-text;!
Missing character: There is no 异 in font [lmroman10-regular]:mapping=tex-text;!
Missing character: There is no 最 in font [lmroman10-regular]:mapping=tex-text;!
Missing character: There is no 少 in font [lmroman10-regular]:mapping=tex-text;!
Missing character: There is no ， in font [lmroman10-regular]:mapping=tex-text;!
Missing character: There is no 但 in font [lmroman10-regular]:mapping=tex-text;!
Missing character: There is no 还 in font [lmroman10-regular]:mapping=tex-text;!
Missing character: There is no 是 in font [lmroman10-regular]:mapping=tex-text;!
Missing character: There is no 比 in font [lmroman10-regular]:mapping=tex-text;!
Missing character: There is no 个 in font [lmroman10-regular]:mapping=tex-text;!
Missing character: There is no 变 in font [lmroman10-regular]:mapping=tex-text;!
Missing character: There is no 量 in font [lmroman10-regular]:mapping=tex-text;!
Missing character: There is no 多 in font [lmroman10-regular]:mapping=tex-text;!
Missing character: There is no 从 in font [lmroman10-regular]:mapping=tex-text;!
Missing character: There is no 以 in font [lmroman10-regular]:mapping=tex-text;!
Missing character: There is no 上 in font [lmroman10-regular]:mapping=tex-text;!
Missing character: There is no 结 in font [lmroman10-regular]:mapping=tex-text;!
Missing character: There is no 果 in font [lmroman10-regular]:mapping=tex-text;!
Missing character: There is no 看 in font [lmroman10-regular]:mapping=tex-text;!
Missing character: There is no 到 in font [lmroman10-regular]:mapping=tex-text;!
Missing character: There is no 不 in font [lmroman10-regular]:mapping=tex-text;!
Missing character: There is no 同 in font [lmroman10-regular]:mapping=tex-text;!
Missing character: There is no 的 in font [lmroman10-regular]:mapping=tex-text;!
Missing character: There is no 模 in font [lmroman10-regular]:mapping=tex-text;!
Missing character: There is no 型 in font [lmroman10-regular]:mapping=tex-text;!
Missing character: There is no 预 in font [lmroman10-regular]:mapping=tex-text;!
Missing character: There is no 测 in font [lmroman10-regular]:mapping=tex-text;!
Missing character: There is no 不 in font [lmroman10-regular]:mapping=tex-text;!
Missing character: There is no 同 in font [lmroman10-regular]:mapping=tex-text;!
Missing character: There is no 抽 in font [lmroman10-regular]:mapping=tex-text;!
Missing character: There is no 组 in font [lmroman10-regular]:mapping=tex-text;!
Missing character: There is no 的 in font [lmroman10-regular]:mapping=tex-text;!
Missing character: There is no 准 in font [lmroman10-regular]:mapping=tex-text;!
Missing character: There is no 确 in font [lmroman10-regular]:mapping=tex-text;!
Missing character: There is no 度 in font [lmroman10-regular]:mapping=tex-text;!
Missing character: There is no 有 in font [lmroman10-regular]:mapping=tex-text;!
Missing character: There is no 明 in font [lmroman10-regular]:mapping=tex-text;!
Missing character: There is no 显 in font [lmroman10-regular]:mapping=tex-text;!
Missing character: There is no 差 in font [lmroman10-regular]:mapping=tex-text;!
Missing character: There is no 异 in font [lmroman10-regular]:mapping=tex-text;!
Missing character: There is no 。 in font [lmroman10-regular]:mapping=tex-text;!
Missing character: There is no 例 in font [lmroman10-regular]:mapping=tex-text;!
Missing character: There is no 如 in font [lmroman10-regular]:mapping=tex-text;!
Missing character: There is no 在 in font [lmroman10-regular]:mapping=tex-text;!
Missing character: There is no 线 in font [lmroman10-regular]:mapping=tex-text;!
Missing character: There is no 性 in font [lmroman10-regular]:mapping=tex-text;!
Missing character: There is no 模 in font [lmroman10-regular]:mapping=tex-text;!
Missing character: There is no 型 in font [lmroman10-regular]:mapping=tex-text;!
Missing character: There is no 里 in font [lmroman10-regular]:mapping=tex-text;!
Missing character: There is no ， in font [lmroman10-regular]:mapping=tex-text;!
Missing character: There is no 虽 in font [lmroman10-regular]:mapping=tex-text;!
Missing character: There is no 然 in font [lmroman10-regular]:mapping=tex-text;!
Missing character: There is no 准 in font [lmroman10-regular]:mapping=tex-text;!
Missing character: There is no 确 in font [lmroman10-regular]:mapping=tex-text;!
Missing character: There is no 率 in font [lmroman10-regular]:mapping=tex-text;!
Missing character: There is no 不 in font [lmroman10-regular]:mapping=tex-text;!
Missing character: There is no 如 in font [lmroman10-regular]:mapping=tex-text;!
Missing character: There is no 多 in font [lmroman10-regular]:mapping=tex-text;!
Missing character: There is no 元 in font [lmroman10-regular]:mapping=tex-text;!
Missing character: There is no 回 in font [lmroman10-regular]:mapping=tex-text;!
Missing character: There is no 归 in font [lmroman10-regular]:mapping=tex-text;!
Missing character: There is no 和 in font [lmroman10-regular]:mapping=tex-text;!
Missing character: There is no ， in font [lmroman10-regular]:mapping=tex-text;!
Missing character: There is no 但 in font [lmroman10-regular]:mapping=tex-text;!
Missing character: There is no 对 in font [lmroman10-regular]:mapping=tex-text;!
Missing character: There is no 两 in font [lmroman10-regular]:mapping=tex-text;!
Missing character: There is no 组 in font [lmroman10-regular]:mapping=tex-text;!
Missing character: There is no 不 in font [lmroman10-regular]:mapping=tex-text;!
Missing character: There is no 同 in font [lmroman10-regular]:mapping=tex-text;!
Missing character: There is no 测 in font [lmroman10-regular]:mapping=tex-text;!
Missing character: There is no 试 in font [lmroman10-regular]:mapping=tex-text;!
Missing character: There is no 数 in font [lmroman10-regular]:mapping=tex-text;!
Missing character: There is no 据 in font [lmroman10-regular]:mapping=tex-text;!
Missing character: There is no 的 in font [lmroman10-regular]:mapping=tex-text;!
Missing character: There is no 准 in font [lmroman10-regular]:mapping=tex-text;!
Missing character: There is no 确 in font [lmroman10-regular]:mapping=tex-text;!
Missing character: There is no 率 in font [lmroman10-regular]:mapping=tex-text;!
Missing character: There is no 相 in font [lmroman10-regular]:mapping=tex-text;!
Missing character: There is no 差 in font [lmroman10-regular]:mapping=tex-text;!
Missing character: There is no 很 in font [lmroman10-regular]:mapping=tex-text;!
Missing character: There is no 小 in font [lmroman10-regular]:mapping=tex-text;!
Missing character: There is no ， in font [lmroman10-regular]:mapping=tex-text;!
Missing character: There is no 更 in font [lmroman10-regular]:mapping=tex-text;!
Missing character: There is no 稳 in font [lmroman10-regular]:mapping=tex-text;!
Missing character: There is no 定 in font [lmroman10-regular]:mapping=tex-text;!
Missing character: There is no 。 in font [lmroman10-regular]:mapping=tex-text;!
Missing character: There is no 非 in font [lmroman10-regular]:mapping=tex-text;!
Missing character: There is no 线 in font [lmroman10-regular]:mapping=tex-text;!
Missing character: There is no 性 in font [lmroman10-regular]:mapping=tex-text;!
Missing character: There is no 模 in font [lmroman10-regular]:mapping=tex-text;!
Missing character: There is no 型 in font [lmroman10-regular]:mapping=tex-text;!
Missing character: There is no ， in font [lmroman10-regular]:mapping=tex-text;!
Missing character: There is no 如 in font [lmroman10-regular]:mapping=tex-text;!
Missing character: There is no 随 in font [lmroman10-regular]:mapping=tex-text;!
Missing character: There is no 机 in font [lmroman10-regular]:mapping=tex-text;!
Missing character: There is no 森 in font [lmroman10-regular]:mapping=tex-text;!
Missing character: There is no 林 in font [lmroman10-regular]:mapping=tex-text;!
Missing character: There is no 偏 in font [lmroman10-regular]:mapping=tex-text;!
Missing character: There is no 差 in font [lmroman10-regular]:mapping=tex-text;!
Missing character: There is no 也 in font [lmroman10-regular]:mapping=tex-text;!
Missing character: There is no 小 in font [lmroman10-regular]:mapping=tex-text;!
Missing character: There is no 。 in font [lmroman10-regular]:mapping=tex-text;!
Missing character: There is no 模 in font [lmroman10-regular]:mapping=tex-text;!
Missing character: There is no 型 in font [lmroman10-regular]:mapping=tex-text;!
Missing character: There is no 对 in font [lmroman10-regular]:mapping=tex-text;!
Missing character: There is no 某 in font [lmroman10-regular]:mapping=tex-text;!
Missing character: There is no 组 in font [lmroman10-regular]:mapping=tex-text;!
Missing character: There is no 测 in font [lmroman10-regular]:mapping=tex-text;!
Missing character: There is no 试 in font [lmroman10-regular]:mapping=tex-text;!
Missing character: There is no 数 in font [lmroman10-regular]:mapping=tex-text;!
Missing character: There is no 据 in font [lmroman10-regular]:mapping=tex-text;!
Missing character: There is no 和 in font [lmroman10-regular]:mapping=tex-text;!
Missing character: There is no 训 in font [lmroman10-regular]:mapping=tex-text;!
Missing character: There is no 练 in font [lmroman10-regular]:mapping=tex-text;!
Missing character: There is no 数 in font [lmroman10-regular]:mapping=tex-text;!
Missing character: There is no 据 in font [lmroman10-regular]:mapping=tex-text;!
Missing character: There is no 能 in font [lmroman10-regular]:mapping=tex-text;!
Missing character: There is no 预 in font [lmroman10-regular]:mapping=tex-text;!
Missing character: There is no 测 in font [lmroman10-regular]:mapping=tex-text;!
Missing character: There is no 很 in font [lmroman10-regular]:mapping=tex-text;!
Missing character: There is no 准 in font [lmroman10-regular]:mapping=tex-text;!
Missing character: There is no 确 in font [lmroman10-regular]:mapping=tex-text;!
Missing character: There is no ， in font [lmroman10-regular]:mapping=tex-text;!
Missing character: There is no 但 in font [lmroman10-regular]:mapping=tex-text;!
Missing character: There is no 若 in font [lmroman10-regular]:mapping=tex-text;!
Missing character: There is no 换 in font [lmroman10-regular]:mapping=tex-text;!
Missing character: There is no 了 in font [lmroman10-regular]:mapping=tex-text;!
Missing character: There is no 另 in font [lmroman10-regular]:mapping=tex-text;!
Missing character: There is no 一 in font [lmroman10-regular]:mapping=tex-text;!
Missing character: There is no 组 in font [lmroman10-regular]:mapping=tex-text;!
Missing character: There is no 测 in font [lmroman10-regular]:mapping=tex-text;!
Missing character: There is no 试 in font [lmroman10-regular]:mapping=tex-text;!
Missing character: There is no 数 in font [lmroman10-regular]:mapping=tex-text;!
Missing character: There is no 据 in font [lmroman10-regular]:mapping=tex-text;!
Missing character: There is no 便 in font [lmroman10-regular]:mapping=tex-text;!
Missing character: There is no 不 in font [lmroman10-regular]:mapping=tex-text;!
Missing character: There is no 准 in font [lmroman10-regular]:mapping=tex-text;!
Missing character: There is no 确 in font [lmroman10-regular]:mapping=tex-text;!
Missing character: There is no ， in font [lmroman10-regular]:mapping=tex-text;!
Missing character: There is no 叫 in font [lmroman10-regular]:mapping=tex-text;!
Missing character: There is no 过 in font [lmroman10-regular]:mapping=tex-text;!
Missing character: There is no 拟 in font [lmroman10-regular]:mapping=tex-text;!
Missing character: There is no 合 in font [lmroman10-regular]:mapping=tex-text;!
Missing character: There is no ， in font [lmroman10-regular]:mapping=tex-text;!
Missing character: There is no 但 in font [lmroman10-regular]:mapping=tex-text;!
Missing character: There is no 因 in font [lmroman10-regular]:mapping=tex-text;!
Missing character: There is no 预 in font [lmroman10-regular]:mapping=tex-text;!
Missing character: There is no 测 in font [lmroman10-regular]:mapping=tex-text;!
Missing character: There is no 是 in font [lmroman10-regular]:mapping=tex-text;!
Missing character: There is no 未 in font [lmroman10-regular]:mapping=tex-text;!
Missing character: There is no 知 in font [lmroman10-regular]:mapping=tex-text;!
Missing character: There is no ， in font [lmroman10-regular]:mapping=tex-text;!
Missing character: There is no 模 in font [lmroman10-regular]:mapping=tex-text;!
Missing character: There is no 型 in font [lmroman10-regular]:mapping=tex-text;!
Missing character: There is no 能 in font [lmroman10-regular]:mapping=tex-text;!
Missing character: There is no 非 in font [lmroman10-regular]:mapping=tex-text;!
Missing character: There is no 常 in font [lmroman10-regular]:mapping=tex-text;!
Missing character: There is no 准 in font [lmroman10-regular]:mapping=tex-text;!
Missing character: There is no 确 in font [lmroman10-regular]:mapping=tex-text;!
Missing character: There is no 地 in font [lmroman10-regular]:mapping=tex-text;!
Missing character: There is no 预 in font [lmroman10-regular]:mapping=tex-text;!
Missing character: There is no 测 in font [lmroman10-regular]:mapping=tex-text;!
Missing character: There is no 某 in font [lmroman10-regular]:mapping=tex-text;!
Missing character: There is no 组 in font [lmroman10-regular]:mapping=tex-text;!
Missing character: There is no 测 in font [lmroman10-regular]:mapping=tex-text;!
Missing character: There is no 试 in font [lmroman10-regular]:mapping=tex-text;!
Missing character: There is no 数 in font [lmroman10-regular]:mapping=tex-text;!
Missing character: There is no 据 in font [lmroman10-regular]:mapping=tex-text;!
Missing character: There is no 反 in font [lmroman10-regular]:mapping=tex-text;!
Missing character: There is no 而 in font [lmroman10-regular]:mapping=tex-text;!
Missing character: There is no 会 in font [lmroman10-regular]:mapping=tex-text;!
Missing character: There is no 不 in font [lmroman10-regular]:mapping=tex-text;!
Missing character: There is no 利 in font [lmroman10-regular]:mapping=tex-text;!
Missing character: There is no 于 in font [lmroman10-regular]:mapping=tex-text;!
Missing character: There is no 做 in font [lmroman10-regular]:mapping=tex-text;!
Missing character: There is no 预 in font [lmroman10-regular]:mapping=tex-text;!
Missing character: There is no 测 in font [lmroman10-regular]:mapping=tex-text;!
Missing character: There is no 。 in font [lmroman10-regular]:mapping=tex-text;!
Missing character: There is no 例 in font [lmroman10-regular]:mapping=tex-text;!
Missing character: There is no 如 in font [lmroman10-regular]:mapping=tex-text;!
Missing character: There is no 如 in font [lmroman10-regular]:mapping=tex-text;!
Missing character: There is no 果 in font [lmroman10-regular]:mapping=tex-text;!
Missing character: There is no 变 in font [lmroman10-regular]:mapping=tex-text;!
Missing character: There is no 量 in font [lmroman10-regular]:mapping=tex-text;!
Missing character: There is no 键 in font [lmroman10-regular]:mapping=tex-text;!
Missing character: There is no 之 in font [lmroman10-regular]:mapping=tex-text;!
Missing character: There is no 间 in font [lmroman10-regular]:mapping=tex-text;!
Missing character: There is no 相 in font [lmroman10-regular]:mapping=tex-text;!
Missing character: There is no 关 in font [lmroman10-regular]:mapping=tex-text;!
Missing character: There is no 性 in font [lmroman10-regular]:mapping=tex-text;!
Missing character: There is no 高 in font [lmroman10-regular]:mapping=tex-text;!
Missing character: There is no 就 in font [lmroman10-regular]:mapping=tex-text;!
Missing character: There is no 会 in font [lmroman10-regular]:mapping=tex-text;!
Missing character: There is no 导 in font [lmroman10-regular]:mapping=tex-text;!
Missing character: There is no 致 in font [lmroman10-regular]:mapping=tex-text;!
Missing character: There is no 预 in font [lmroman10-regular]:mapping=tex-text;!
Missing character: There is no 测 in font [lmroman10-regular]:mapping=tex-text;!
Missing character: There is no 结 in font [lmroman10-regular]:mapping=tex-text;!
Missing character: There is no 果 in font [lmroman10-regular]:mapping=tex-text;!
Missing character: There is no 不 in font [lmroman10-regular]:mapping=tex-text;!
Missing character: There is no 稳 in font [lmroman10-regular]:mapping=tex-text;!
Missing character: There is no 定 in font [lmroman10-regular]:mapping=tex-text;!
Missing character: There is no 情 in font [lmroman10-regular]:mapping=tex-text;!
Missing character: There is no 况 in font [lmroman10-regular]:mapping=tex-text;!
Missing character: There is no 。 in font [lmroman10-regular]:mapping=tex-text;!
Missing character: There is no 针 in font [lmroman10-regular]:mapping=tex-text;!
Missing character: There is no 对 in font [lmroman10-regular]:mapping=tex-text;!
Missing character: There is no 线 in font [lmroman10-regular]:mapping=tex-text;!
Missing character: There is no 性 in font [lmroman10-regular]:mapping=tex-text;!
Missing character: There is no 回 in font [lmroman10-regular]:mapping=tex-text;!
Missing character: There is no 归 in font [lmroman10-regular]:mapping=tex-text;!
Missing character: There is no ， in font [lmroman10-regular]:mapping=tex-text;!
Missing character: There is no 会 in font [lmroman10-regular]:mapping=tex-text;!
Missing character: There is no 先 in font [lmroman10-regular]:mapping=tex-text;!
Missing character: There is no 用 in font [lmroman10-regular]:mapping=tex-text;!
Missing character: There is no 主 in font [lmroman10-regular]:mapping=tex-text;!
Missing character: There is no 成 in font [lmroman10-regular]:mapping=tex-text;!
Missing character: There is no 分 in font [lmroman10-regular]:mapping=tex-text;!
Missing character: There is no 分 in font [lmroman10-regular]:mapping=tex-text;!
Missing character: There is no 析 in font [lmroman10-regular]:mapping=tex-text;!
Missing character: There is no （ in font [lmroman10-regular]:mapping=tex-text;!
Missing character: There is no ） in font [lmroman10-regular]:mapping=tex-text;!
Missing character: There is no 把 in font [lmroman10-regular]:mapping=tex-text;!
Missing character: There is no 所 in font [lmroman10-regular]:mapping=tex-text;!
Missing character: There is no 有 in font [lmroman10-regular]:mapping=tex-text;!
Missing character: There is no 变 in font [lmroman10-regular]:mapping=tex-text;!
Missing character: There is no 量 in font [lmroman10-regular]:mapping=tex-text;!
Missing character: There is no 转 in font [lmroman10-regular]:mapping=tex-text;!
Missing character: There is no 化 in font [lmroman10-regular]:mapping=tex-text;!
Missing character: There is no 为 in font [lmroman10-regular]:mapping=tex-text;!
Missing character: There is no 相 in font [lmroman10-regular]:mapping=tex-text;!
Missing character: There is no 互 in font [lmroman10-regular]:mapping=tex-text;!
Missing character: There is no 不 in font [lmroman10-regular]:mapping=tex-text;!
Missing character: There is no 影 in font [lmroman10-regular]:mapping=tex-text;!
Missing character: There is no 响 in font [lmroman10-regular]:mapping=tex-text;!
Missing character: There is no 的 in font [lmroman10-regular]:mapping=tex-text;!
Missing character: There is no 新 in font [lmroman10-regular]:mapping=tex-text;!
Missing character: There is no 变 in font [lmroman10-regular]:mapping=tex-text;!
Missing character: There is no 量 in font [lmroman10-regular]:mapping=tex-text;!
Missing character: There is no ， in font [lmroman10-regular]:mapping=tex-text;!
Missing character: There is no 防 in font [lmroman10-regular]:mapping=tex-text;!
Missing character: There is no 止 in font [lmroman10-regular]:mapping=tex-text;!
Missing character: There is no 相 in font [lmroman10-regular]:mapping=tex-text;!
Missing character: There is no 互 in font [lmroman10-regular]:mapping=tex-text;!
Missing character: There is no 影 in font [lmroman10-regular]:mapping=tex-text;!
Missing character: There is no 响 in font [lmroman10-regular]:mapping=tex-text;!
Missing character: There is no ， in font [lmroman10-regular]:mapping=tex-text;!
Missing character: There is no 然 in font [lmroman10-regular]:mapping=tex-text;!
Missing character: There is no 后 in font [lmroman10-regular]:mapping=tex-text;!
Missing character: There is no 才 in font [lmroman10-regular]:mapping=tex-text;!
Missing character: There is no 做 in font [lmroman10-regular]:mapping=tex-text;!
Missing character: There is no 回 in font [lmroman10-regular]:mapping=tex-text;!
Missing character: There is no 归 in font [lmroman10-regular]:mapping=tex-text;!
Missing character: There is no 分 in font [lmroman10-regular]:mapping=tex-text;!
Missing character: There is no 析 in font [lmroman10-regular]:mapping=tex-text;!
Missing character: There is no 。 in font [lmroman10-regular]:mapping=tex-text;!
Missing character: There is no （ in font [lmroman10-regular]:mapping=tex-text;!
Missing character: There is no 从 in font [lmroman10-regular]:mapping=tex-text;!
Missing character: There is no 变 in font [lmroman10-regular]:mapping=tex-text;!
Missing character: There is no 量 in font [lmroman10-regular]:mapping=tex-text;!
Missing character: There is no 相 in font [lmroman10-regular]:mapping=tex-text;!
Missing character: There is no 关 in font [lmroman10-regular]:mapping=tex-text;!
Missing character: There is no 性 in font [lmroman10-regular]:mapping=tex-text;!
Missing character: There is no 矩 in font [lmroman10-regular]:mapping=tex-text;!
Missing character: There is no 阵 in font [lmroman10-regular]:mapping=tex-text;!
Missing character: There is no 看 in font [lmroman10-regular]:mapping=tex-text;!
Missing character: There is no 到 in font [lmroman10-regular]:mapping=tex-text;!
Missing character: There is no ， in font [lmroman10-regular]:mapping=tex-text;!
Missing character: There is no 和 in font [lmroman10-regular]:mapping=tex-text;!
Missing character: There is no 之 in font [lmroman10-regular]:mapping=tex-text;!
Missing character: There is no 间 in font [lmroman10-regular]:mapping=tex-text;!
Missing character: There is no 相 in font [lmroman10-regular]:mapping=tex-text;!
Missing character: There is no 关 in font [lmroman10-regular]:mapping=tex-text;!
Missing character: There is no 性 in font [lmroman10-regular]:mapping=tex-text;!
Missing character: There is no 是 in font [lmroman10-regular]:mapping=tex-text;!
Missing character: There is no ； in font [lmroman10-regular]:mapping=tex-text;!
Missing character: There is no 和 in font [lmroman10-regular]:mapping=tex-text;!
Missing character: There is no 之 in font [lmroman10-regular]:mapping=tex-text;!
Missing character: There is no 间 in font [lmroman10-regular]:mapping=tex-text;!
Missing character: There is no 相 in font [lmroman10-regular]:mapping=tex-text;!
Missing character: There is no 关 in font [lmroman10-regular]:mapping=tex-text;!
Missing character: There is no 性 in font [lmroman10-regular]:mapping=tex-text;!
Missing character: There is no 是 in font [lmroman10-regular]:mapping=tex-text;!
Missing character: There is no ； in font [lmroman10-regular]:mapping=tex-text;!
Missing character: There is no 和 in font [lmroman10-regular]:mapping=tex-text;!
Missing character: There is no 之 in font [lmroman10-regular]:mapping=tex-text;!
Missing character: There is no 间 in font [lmroman10-regular]:mapping=tex-text;!
Missing character: There is no 相 in font [lmroman10-regular]:mapping=tex-text;!
Missing character: There is no 关 in font [lmroman10-regular]:mapping=tex-text;!
Missing character: There is no 性 in font [lmroman10-regular]:mapping=tex-text;!
Missing character: There is no 是 in font [lmroman10-regular]:mapping=tex-text;!
Missing character: There is no ， in font [lmroman10-regular]:mapping=tex-text;!
Missing character: There is no 所 in font [lmroman10-regular]:mapping=tex-text;!
Missing character: There is no 以 in font [lmroman10-regular]:mapping=tex-text;!
Missing character: There is no 和 in font [lmroman10-regular]:mapping=tex-text;!
Missing character: There is no 间 in font [lmroman10-regular]:mapping=tex-text;!
Missing character: There is no 相 in font [lmroman10-regular]:mapping=tex-text;!
Missing character: There is no 关 in font [lmroman10-regular]:mapping=tex-text;!
Missing character: There is no 性 in font [lmroman10-regular]:mapping=tex-text;!
Missing character: There is no 不 in font [lmroman10-regular]:mapping=tex-text;!
Missing character: There is no 低 in font [lmroman10-regular]:mapping=tex-text;!
Missing character: There is no 。 in font [lmroman10-regular]:mapping=tex-text;!
Missing character: There is no ） in font [lmroman10-regular]:mapping=tex-text;!

Overfull \hbox (227.24pt too wide) in paragraph at lines 183--190
\TU/lmr/m/n/10 非线性模型，如随机森林(Random Forest) 偏差也小。模型对某组测试数据和训练数据能预测很准确，但若换了另一组测试数据
便不准确，叫过拟合 (overfitting)，但因预测是未知，模型能非常“准确”地预测某组测试数据反而会不利于做预测。例如如果变量键之间相关性高就会导致预测
结果不稳定情况。针对线性回归，PCR会先用主成分分析（PCA）把所有
 []


Overfull \hbox (306.84998pt too wide) in paragraph at lines 183--190
\TU/lmr/m/n/10 X变量转化为相互不影响的新变量，防止相互影响，然后才做回归分析。（ 从变量相关性矩阵看到，TeamExp和LogPtsAdjus
t之间相关性是0.27；TeamExp和LogEffort之间相关性是0.22；LogEffort和LogPtsAdjust之间相关性是0.69，所以Team
Exp和LogEffort间相关性不低。） 
 []

Missing character: There is no 从 in font [lmroman10-regular]:mapping=tex-text;!
Missing character: There is no 以 in font [lmroman10-regular]:mapping=tex-text;!
Missing character: There is no 上 in font [lmroman10-regular]:mapping=tex-text;!
Missing character: There is no 组 in font [lmroman10-regular]:mapping=tex-text;!
Missing character: There is no 数 in font [lmroman10-regular]:mapping=tex-text;!
Missing character: There is no 据 in font [lmroman10-regular]:mapping=tex-text;!
Missing character: There is no 分 in font [lmroman10-regular]:mapping=tex-text;!
Missing character: There is no 析 in font [lmroman10-regular]:mapping=tex-text;!
Missing character: There is no 结 in font [lmroman10-regular]:mapping=tex-text;!
Missing character: There is no 果 in font [lmroman10-regular]:mapping=tex-text;!
Missing character: There is no 看 in font [lmroman10-regular]:mapping=tex-text;!
Missing character: There is no 到 in font [lmroman10-regular]:mapping=tex-text;!
Missing character: There is no 不 in font [lmroman10-regular]:mapping=tex-text;!
Missing character: There is no 能 in font [lmroman10-regular]:mapping=tex-text;!
Missing character: There is no 单 in font [lmroman10-regular]:mapping=tex-text;!
Missing character: There is no 依 in font [lmroman10-regular]:mapping=tex-text;!
Missing character: There is no 赖 in font [lmroman10-regular]:mapping=tex-text;!
Missing character: There is no 一 in font [lmroman10-regular]:mapping=tex-text;!
Missing character: There is no 组 in font [lmroman10-regular]:mapping=tex-text;!
Missing character: There is no 测 in font [lmroman10-regular]:mapping=tex-text;!
Missing character: There is no 试 in font [lmroman10-regular]:mapping=tex-text;!
Missing character: There is no 与 in font [lmroman10-regular]:mapping=tex-text;!
Missing character: There is no 训 in font [lmroman10-regular]:mapping=tex-text;!
Missing character: There is no 练 in font [lmroman10-regular]:mapping=tex-text;!
Missing character: There is no 数 in font [lmroman10-regular]:mapping=tex-text;!
Missing character: There is no 据 in font [lmroman10-regular]:mapping=tex-text;!
Missing character: There is no 来 in font [lmroman10-regular]:mapping=tex-text;!
Missing character: There is no 评 in font [lmroman10-regular]:mapping=tex-text;!
Missing character: There is no 估 in font [lmroman10-regular]:mapping=tex-text;!
Missing character: There is no 模 in font [lmroman10-regular]:mapping=tex-text;!
Missing character: There is no 型 in font [lmroman10-regular]:mapping=tex-text;!
Missing character: There is no 预 in font [lmroman10-regular]:mapping=tex-text;!
Missing character: There is no 测 in font [lmroman10-regular]:mapping=tex-text;!
Missing character: There is no 准 in font [lmroman10-regular]:mapping=tex-text;!
Missing character: There is no 确 in font [lmroman10-regular]:mapping=tex-text;!
Missing character: There is no 性 in font [lmroman10-regular]:mapping=tex-text;!
Missing character: There is no ， in font [lmroman10-regular]:mapping=tex-text;!
Missing character: There is no 须 in font [lmroman10-regular]:mapping=tex-text;!
Missing character: There is no 要 in font [lmroman10-regular]:mapping=tex-text;!
Missing character: There is no 从 in font [lmroman10-regular]:mapping=tex-text;!
Missing character: There is no 多 in font [lmroman10-regular]:mapping=tex-text;!
Missing character: There is no 种 in font [lmroman10-regular]:mapping=tex-text;!
Missing character: There is no 抽 in font [lmroman10-regular]:mapping=tex-text;!
Missing character: There is no 样 in font [lmroman10-regular]:mapping=tex-text;!
Missing character: There is no 搭 in font [lmroman10-regular]:mapping=tex-text;!
Missing character: There is no 配 in font [lmroman10-regular]:mapping=tex-text;!
Missing character: There is no 的 in font [lmroman10-regular]:mapping=tex-text;!
Missing character: There is no 预 in font [lmroman10-regular]:mapping=tex-text;!
Missing character: There is no 测 in font [lmroman10-regular]:mapping=tex-text;!
Missing character: There is no 结 in font [lmroman10-regular]:mapping=tex-text;!
Missing character: There is no 果 in font [lmroman10-regular]:mapping=tex-text;!
Missing character: There is no 才 in font [lmroman10-regular]:mapping=tex-text;!
Missing character: There is no 可 in font [lmroman10-regular]:mapping=tex-text;!
Missing character: There is no 以 in font [lmroman10-regular]:mapping=tex-text;!
Missing character: There is no 估 in font [lmroman10-regular]:mapping=tex-text;!
Missing character: There is no 计 in font [lmroman10-regular]:mapping=tex-text;!
Missing character: There is no 这 in font [lmroman10-regular]:mapping=tex-text;!
Missing character: There is no 模 in font [lmroman10-regular]:mapping=tex-text;!
Missing character: There is no 型 in font [lmroman10-regular]:mapping=tex-text;!
Missing character: There is no 的 in font [lmroman10-regular]:mapping=tex-text;!
Missing character: There is no 预 in font [lmroman10-regular]:mapping=tex-text;!
Missing character: There is no 测 in font [lmroman10-regular]:mapping=tex-text;!
Missing character: There is no 准 in font [lmroman10-regular]:mapping=tex-text;!
Missing character: There is no 确 in font [lmroman10-regular]:mapping=tex-text;!
Missing character: There is no 性 in font [lmroman10-regular]:mapping=tex-text;!
Missing character: There is no 的 in font [lmroman10-regular]:mapping=tex-text;!
Missing character: There is no 范 in font [lmroman10-regular]:mapping=tex-text;!
Missing character: There is no 围 in font [lmroman10-regular]:mapping=tex-text;!
Missing character: There is no 。 in font [lmroman10-regular]:mapping=tex-text;!
Missing character: There is no （ in font [lmroman10-regular]:mapping=tex-text;!
Missing character: There is no 有 in font [lmroman10-regular]:mapping=tex-text;!
Missing character: There is no 很 in font [lmroman10-regular]:mapping=tex-text;!
Missing character: There is no 多 in font [lmroman10-regular]:mapping=tex-text;!
Missing character: There is no 自 in font [lmroman10-regular]:mapping=tex-text;!
Missing character: There is no 动 in font [lmroman10-regular]:mapping=tex-text;!
Missing character: There is no 化 in font [lmroman10-regular]:mapping=tex-text;!
Missing character: There is no 方 in font [lmroman10-regular]:mapping=tex-text;!
Missing character: There is no 法 in font [lmroman10-regular]:mapping=tex-text;!
Missing character: There is no ， in font [lmroman10-regular]:mapping=tex-text;!
Missing character: There is no 例 in font [lmroman10-regular]:mapping=tex-text;!
Missing character: There is no 如 in font [lmroman10-regular]:mapping=tex-text;!
Missing character: There is no 把 in font [lmroman10-regular]:mapping=tex-text;!
Missing character: There is no 所 in font [lmroman10-regular]:mapping=tex-text;!
Missing character: There is no 有 in font [lmroman10-regular]:mapping=tex-text;!
Missing character: There is no 数 in font [lmroman10-regular]:mapping=tex-text;!
Missing character: There is no 据 in font [lmroman10-regular]:mapping=tex-text;!
Missing character: There is no 分 in font [lmroman10-regular]:mapping=tex-text;!
Missing character: There is no 成 in font [lmroman10-regular]:mapping=tex-text;!
Missing character: There is no 组 in font [lmroman10-regular]:mapping=tex-text;!
Missing character: There is no ， in font [lmroman10-regular]:mapping=tex-text;!
Missing character: There is no 不 in font [lmroman10-regular]:mapping=tex-text;!
Missing character: There is no 断 in font [lmroman10-regular]:mapping=tex-text;!
Missing character: There is no 地 in font [lmroman10-regular]:mapping=tex-text;!
Missing character: There is no 抽 in font [lmroman10-regular]:mapping=tex-text;!
Missing character: There is no 取 in font [lmroman10-regular]:mapping=tex-text;!
Missing character: There is no 其 in font [lmroman10-regular]:mapping=tex-text;!
Missing character: There is no 中 in font [lmroman10-regular]:mapping=tex-text;!
Missing character: There is no 一 in font [lmroman10-regular]:mapping=tex-text;!
Missing character: There is no 组 in font [lmroman10-regular]:mapping=tex-text;!
Missing character: There is no 作 in font [lmroman10-regular]:mapping=tex-text;!
Missing character: There is no 为 in font [lmroman10-regular]:mapping=tex-text;!
Missing character: There is no 测 in font [lmroman10-regular]:mapping=tex-text;!
Missing character: There is no 试 in font [lmroman10-regular]:mapping=tex-text;!
Missing character: There is no 数 in font [lmroman10-regular]:mapping=tex-text;!
Missing character: There is no 据 in font [lmroman10-regular]:mapping=tex-text;!
Missing character: There is no ， in font [lmroman10-regular]:mapping=tex-text;!
Missing character: There is no 其 in font [lmroman10-regular]:mapping=tex-text;!
Missing character: There is no 他 in font [lmroman10-regular]:mapping=tex-text;!
Missing character: There is no 为 in font [lmroman10-regular]:mapping=tex-text;!
Missing character: There is no 训 in font [lmroman10-regular]:mapping=tex-text;!
Missing character: There is no 练 in font [lmroman10-regular]:mapping=tex-text;!
Missing character: There is no 数 in font [lmroman10-regular]:mapping=tex-text;!
Missing character: There is no 据 in font [lmroman10-regular]:mapping=tex-text;!
Missing character: There is no ， in font [lmroman10-regular]:mapping=tex-text;!
Missing character: There is no 然 in font [lmroman10-regular]:mapping=tex-text;!
Missing character: There is no 后 in font [lmroman10-regular]:mapping=tex-text;!
Missing character: There is no 看 in font [lmroman10-regular]:mapping=tex-text;!
Missing character: There is no 预 in font [lmroman10-regular]:mapping=tex-text;!
Missing character: There is no 测 in font [lmroman10-regular]:mapping=tex-text;!
Missing character: There is no 结 in font [lmroman10-regular]:mapping=tex-text;!
Missing character: There is no 果 in font [lmroman10-regular]:mapping=tex-text;!
Missing character: There is no 的 in font [lmroman10-regular]:mapping=tex-text;!
Missing character: There is no 分 in font [lmroman10-regular]:mapping=tex-text;!
Missing character: There is no 布 in font [lmroman10-regular]:mapping=tex-text;!
Missing character: There is no 。 in font [lmroman10-regular]:mapping=tex-text;!
Missing character: There is no ） in font [lmroman10-regular]:mapping=tex-text;!
Missing character: There is no 的 in font [lmroman10-regular]:mapping=tex-text;!
Missing character: There is no 分 in font [lmroman10-regular]:mapping=tex-text;!
Missing character: There is no 析 in font [lmroman10-regular]:mapping=tex-text;!
Missing character: There is no 发 in font [lmroman10-regular]:mapping=tex-text;!
Missing character: There is no 现 in font [lmroman10-regular]:mapping=tex-text;!
Missing character: There is no 也 in font [lmroman10-regular]:mapping=tex-text;!
Missing character: There is no 类 in font [lmroman10-regular]:mapping=tex-text;!
Missing character: There is no 似 in font [lmroman10-regular]:mapping=tex-text;!
Missing character: There is no （ in font [lmroman10-regular]:mapping=tex-text;!
Missing character: There is no 与 in font [lmroman10-regular]:mapping=tex-text;!
Missing character: There is no 不 in font [lmroman10-regular]:mapping=tex-text;!
Missing character: There is no 同 in font [lmroman10-regular]:mapping=tex-text;!
Missing character: There is no ， in font [lmroman10-regular]:mapping=tex-text;!
Missing character: There is no 是 in font [lmroman10-regular]:mapping=tex-text;!
Missing character: There is no 越 in font [lmroman10-regular]:mapping=tex-text;!
Missing character: There is no 大 in font [lmroman10-regular]:mapping=tex-text;!
Missing character: There is no 越 in font [lmroman10-regular]:mapping=tex-text;!
Missing character: There is no 好 in font [lmroman10-regular]:mapping=tex-text;!
Missing character: There is no ） in font [lmroman10-regular]:mapping=tex-text;!
Missing character: There is no 从 in font [lmroman10-regular]:mapping=tex-text;!
Missing character: There is no 上 in font [lmroman10-regular]:mapping=tex-text;!
Missing character: There is no 面 in font [lmroman10-regular]:mapping=tex-text;!
Missing character: There is no 的 in font [lmroman10-regular]:mapping=tex-text;!
Missing character: There is no 简 in font [lmroman10-regular]:mapping=tex-text;!
Missing character: There is no 单 in font [lmroman10-regular]:mapping=tex-text;!
Missing character: There is no 例 in font [lmroman10-regular]:mapping=tex-text;!
Missing character: There is no 子 in font [lmroman10-regular]:mapping=tex-text;!
Missing character: There is no ， in font [lmroman10-regular]:mapping=tex-text;!
Missing character: There is no 看 in font [lmroman10-regular]:mapping=tex-text;!
Missing character: There is no 到 in font [lmroman10-regular]:mapping=tex-text;!
Missing character: There is no 如 in font [lmroman10-regular]:mapping=tex-text;!
Missing character: There is no 果 in font [lmroman10-regular]:mapping=tex-text;!
Missing character: There is no 数 in font [lmroman10-regular]:mapping=tex-text;!
Missing character: There is no 据 in font [lmroman10-regular]:mapping=tex-text;!
Missing character: There is no 质 in font [lmroman10-regular]:mapping=tex-text;!
Missing character: There is no 量 in font [lmroman10-regular]:mapping=tex-text;!
Missing character: There is no 不 in font [lmroman10-regular]:mapping=tex-text;!
Missing character: There is no 错 in font [lmroman10-regular]:mapping=tex-text;!
Missing character: There is no ， in font [lmroman10-regular]:mapping=tex-text;!
Missing character: There is no 不 in font [lmroman10-regular]:mapping=tex-text;!
Missing character: There is no 需 in font [lmroman10-regular]:mapping=tex-text;!
Missing character: There is no 要 in font [lmroman10-regular]:mapping=tex-text;!
Missing character: There is no 要 in font [lmroman10-regular]:mapping=tex-text;!
Missing character: There is no 收 in font [lmroman10-regular]:mapping=tex-text;!
Missing character: There is no 集 in font [lmroman10-regular]:mapping=tex-text;!
Missing character: There is no 很 in font [lmroman10-regular]:mapping=tex-text;!
Missing character: There is no 多 in font [lmroman10-regular]:mapping=tex-text;!
Missing character: There is no 变 in font [lmroman10-regular]:mapping=tex-text;!
Missing character: There is no 量 in font [lmroman10-regular]:mapping=tex-text;!
Missing character: There is no 数 in font [lmroman10-regular]:mapping=tex-text;!
Missing character: There is no 据 in font [lmroman10-regular]:mapping=tex-text;!
Missing character: There is no ， in font [lmroman10-regular]:mapping=tex-text;!
Missing character: There is no 只 in font [lmroman10-regular]:mapping=tex-text;!
Missing character: There is no 需 in font [lmroman10-regular]:mapping=tex-text;!
Missing character: There is no 要 in font [lmroman10-regular]:mapping=tex-text;!
Missing character: There is no 个 in font [lmroman10-regular]:mapping=tex-text;!
Missing character: There is no 关 in font [lmroman10-regular]:mapping=tex-text;!
Missing character: There is no 键 in font [lmroman10-regular]:mapping=tex-text;!
Missing character: There is no 变 in font [lmroman10-regular]:mapping=tex-text;!
Missing character: There is no 量 in font [lmroman10-regular]:mapping=tex-text;!
Missing character: There is no ， in font [lmroman10-regular]:mapping=tex-text;!
Missing character: There is no 便 in font [lmroman10-regular]:mapping=tex-text;!
Missing character: There is no 能 in font [lmroman10-regular]:mapping=tex-text;!
Missing character: There is no 有 in font [lmroman10-regular]:mapping=tex-text;!
Missing character: There is no 效 in font [lmroman10-regular]:mapping=tex-text;!
Missing character: There is no 预 in font [lmroman10-regular]:mapping=tex-text;!
Missing character: There is no 测 in font [lmroman10-regular]:mapping=tex-text;!
Missing character: There is no 。 in font [lmroman10-regular]:mapping=tex-text;!
Missing character: There is no 虽 in font [lmroman10-regular]:mapping=tex-text;!
Missing character: There is no 然 in font [lmroman10-regular]:mapping=tex-text;!
Missing character: There is no 可 in font [lmroman10-regular]:mapping=tex-text;!
Missing character: There is no 以 in font [lmroman10-regular]:mapping=tex-text;!
Missing character: There is no 简 in font [lmroman10-regular]:mapping=tex-text;!
Missing character: There is no 单 in font [lmroman10-regular]:mapping=tex-text;!
Missing character: There is no 先 in font [lmroman10-regular]:mapping=tex-text;!
Missing character: There is no 用 in font [lmroman10-regular]:mapping=tex-text;!
Missing character: There is no 加 in font [lmroman10-regular]:mapping=tex-text;!
Missing character: There is no 图 in font [lmroman10-regular]:mapping=tex-text;!
Missing character: There is no 形 in font [lmroman10-regular]:mapping=tex-text;!
Missing character: There is no 网 in font [lmroman10-regular]:mapping=tex-text;!
Missing character: There is no 页 in font [lmroman10-regular]:mapping=tex-text;!
Missing character: There is no 比 in font [lmroman10-regular]:mapping=tex-text;!
Missing character: There is no 较 in font [lmroman10-regular]:mapping=tex-text;!
Missing character: There is no 各 in font [lmroman10-regular]:mapping=tex-text;!
Missing character: There is no 种 in font [lmroman10-regular]:mapping=tex-text;!
Missing character: There is no 机 in font [lmroman10-regular]:mapping=tex-text;!
Missing character: There is no 器 in font [lmroman10-regular]:mapping=tex-text;!
Missing character: There is no 学 in font [lmroman10-regular]:mapping=tex-text;!
Missing character: There is no 习 in font [lmroman10-regular]:mapping=tex-text;!
Missing character: There is no 模 in font [lmroman10-regular]:mapping=tex-text;!
Missing character: There is no 型 in font [lmroman10-regular]:mapping=tex-text;!
Missing character: There is no 的 in font [lmroman10-regular]:mapping=tex-text;!
Missing character: There is no 预 in font [lmroman10-regular]:mapping=tex-text;!
Missing character: There is no 估 in font [lmroman10-regular]:mapping=tex-text;!
Missing character: There is no 效 in font [lmroman10-regular]:mapping=tex-text;!
Missing character: There is no 果 in font [lmroman10-regular]:mapping=tex-text;!
Missing character: There is no ， in font [lmroman10-regular]:mapping=tex-text;!
Missing character: There is no 也 in font [lmroman10-regular]:mapping=tex-text;!
Missing character: There is no 不 in font [lmroman10-regular]:mapping=tex-text;!
Missing character: There is no 需 in font [lmroman10-regular]:mapping=tex-text;!
Missing character: There is no 要 in font [lmroman10-regular]:mapping=tex-text;!
Missing character: There is no 学 in font [lmroman10-regular]:mapping=tex-text;!
Missing character: There is no 统 in font [lmroman10-regular]:mapping=tex-text;!
Missing character: There is no 计 in font [lmroman10-regular]:mapping=tex-text;!
Missing character: There is no 分 in font [lmroman10-regular]:mapping=tex-text;!
Missing character: There is no 析 in font [lmroman10-regular]:mapping=tex-text;!
Missing character: There is no 的 in font [lmroman10-regular]:mapping=tex-text;!
Missing character: There is no 语 in font [lmroman10-regular]:mapping=tex-text;!
Missing character: There is no 言 in font [lmroman10-regular]:mapping=tex-text;!
Missing character: There is no ， in font [lmroman10-regular]:mapping=tex-text;!
Missing character: There is no 因 in font [lmroman10-regular]:mapping=tex-text;!
Missing character: There is no 为 in font [lmroman10-regular]:mapping=tex-text;!
Missing character: There is no 我 in font [lmroman10-regular]:mapping=tex-text;!
Missing character: There is no 们 in font [lmroman10-regular]:mapping=tex-text;!
Missing character: There is no 假 in font [lmroman10-regular]:mapping=tex-text;!
Missing character: There is no 定 in font [lmroman10-regular]:mapping=tex-text;!
Missing character: There is no 只 in font [lmroman10-regular]:mapping=tex-text;!
Missing character: There is no 需 in font [lmroman10-regular]:mapping=tex-text;!
Missing character: There is no 要 in font [lmroman10-regular]:mapping=tex-text;!
Missing character: There is no 用 in font [lmroman10-regular]:mapping=tex-text;!
Missing character: There is no 标 in font [lmroman10-regular]:mapping=tex-text;!
Missing character: There is no 准 in font [lmroman10-regular]:mapping=tex-text;!
Missing character: There is no 的 in font [lmroman10-regular]:mapping=tex-text;!
Missing character: There is no 参 in font [lmroman10-regular]:mapping=tex-text;!
Missing character: There is no 数 in font [lmroman10-regular]:mapping=tex-text;!
Missing character: There is no ， in font [lmroman10-regular]:mapping=tex-text;!
Missing character: There is no 不 in font [lmroman10-regular]:mapping=tex-text;!
Missing character: There is no 需 in font [lmroman10-regular]:mapping=tex-text;!
Missing character: There is no 要 in font [lmroman10-regular]:mapping=tex-text;!
Missing character: There is no 纠 in font [lmroman10-regular]:mapping=tex-text;!
Missing character: There is no 结 in font [lmroman10-regular]:mapping=tex-text;!
Missing character: There is no 每 in font [lmroman10-regular]:mapping=tex-text;!
Missing character: There is no 个 in font [lmroman10-regular]:mapping=tex-text;!
Missing character: There is no 模 in font [lmroman10-regular]:mapping=tex-text;!
Missing character: There is no 型 in font [lmroman10-regular]:mapping=tex-text;!
Missing character: There is no 的 in font [lmroman10-regular]:mapping=tex-text;!
Missing character: There is no 参 in font [lmroman10-regular]:mapping=tex-text;!
Missing character: There is no 数 in font [lmroman10-regular]:mapping=tex-text;!
Missing character: There is no 要 in font [lmroman10-regular]:mapping=tex-text;!
Missing character: There is no 如 in font [lmroman10-regular]:mapping=tex-text;!
Missing character: There is no 何 in font [lmroman10-regular]:mapping=tex-text;!
Missing character: There is no 调 in font [lmroman10-regular]:mapping=tex-text;!
Missing character: There is no 整 in font [lmroman10-regular]:mapping=tex-text;!
Missing character: There is no ， in font [lmroman10-regular]:mapping=tex-text;!
Missing character: There is no 实 in font [lmroman10-regular]:mapping=tex-text;!
Missing character: There is no 际 in font [lmroman10-regular]:mapping=tex-text;!
Missing character: There is no 上 in font [lmroman10-regular]:mapping=tex-text;!
Missing character: There is no 差 in font [lmroman10-regular]:mapping=tex-text;!
Missing character: There is no 异 in font [lmroman10-regular]:mapping=tex-text;!
Missing character: There is no 不 in font [lmroman10-regular]:mapping=tex-text;!
Missing character: There is no 大 in font [lmroman10-regular]:mapping=tex-text;!
Missing character: There is no 。 in font [lmroman10-regular]:mapping=tex-text;!
Missing character: There is no 但 in font [lmroman10-regular]:mapping=tex-text;!
Missing character: There is no 熟 in font [lmroman10-regular]:mapping=tex-text;!
Missing character: There is no 悉 in font [lmroman10-regular]:mapping=tex-text;!
Missing character: There is no 后 in font [lmroman10-regular]:mapping=tex-text;!
Missing character: There is no ， in font [lmroman10-regular]:mapping=tex-text;!
Missing character: There is no 肯 in font [lmroman10-regular]:mapping=tex-text;!
Missing character: There is no 定 in font [lmroman10-regular]:mapping=tex-text;!
Missing character: There is no 不 in font [lmroman10-regular]:mapping=tex-text;!
Missing character: There is no 会 in font [lmroman10-regular]:mapping=tex-text;!
Missing character: There is no 一 in font [lmroman10-regular]:mapping=tex-text;!
Missing character: There is no 直 in font [lmroman10-regular]:mapping=tex-text;!
Missing character: There is no 用 in font [lmroman10-regular]:mapping=tex-text;!
Missing character: There is no 这 in font [lmroman10-regular]:mapping=tex-text;!
Missing character: There is no 种 in font [lmroman10-regular]:mapping=tex-text;!
Missing character: There is no 简 in font [lmroman10-regular]:mapping=tex-text;!
Missing character: There is no 单 in font [lmroman10-regular]:mapping=tex-text;!
Missing character: There is no 方 in font [lmroman10-regular]:mapping=tex-text;!
Missing character: There is no 式 in font [lmroman10-regular]:mapping=tex-text;!
Missing character: There is no ， in font [lmroman10-regular]:mapping=tex-text;!
Missing character: There is no 来 in font [lmroman10-regular]:mapping=tex-text;!
Missing character: There is no 分 in font [lmroman10-regular]:mapping=tex-text;!
Missing character: There is no 析 in font [lmroman10-regular]:mapping=tex-text;!
Missing character: There is no 数 in font [lmroman10-regular]:mapping=tex-text;!
Missing character: There is no 据 in font [lmroman10-regular]:mapping=tex-text;!
Missing character: There is no 与 in font [lmroman10-regular]:mapping=tex-text;!
Missing character: There is no 建 in font [lmroman10-regular]:mapping=tex-text;!
Missing character: There is no 模 in font [lmroman10-regular]:mapping=tex-text;!
Missing character: There is no ， in font [lmroman10-regular]:mapping=tex-text;!
Missing character: There is no 最 in font [lmroman10-regular]:mapping=tex-text;!
Missing character: There is no 终 in font [lmroman10-regular]:mapping=tex-text;!
Missing character: There is no 还 in font [lmroman10-regular]:mapping=tex-text;!
Missing character: There is no 是 in font [lmroman10-regular]:mapping=tex-text;!
Missing character: There is no 会 in font [lmroman10-regular]:mapping=tex-text;!
Missing character: There is no 用 in font [lmroman10-regular]:mapping=tex-text;!
Missing character: There is no 上 in font [lmroman10-regular]:mapping=tex-text;!
Missing character: There is no 脚 in font [lmroman10-regular]:mapping=tex-text;!
Missing character: There is no 本 in font [lmroman10-regular]:mapping=tex-text;!
Missing character: There is no 和 in font [lmroman10-regular]:mapping=tex-text;!
Missing character: There is no 语 in font [lmroman10-regular]:mapping=tex-text;!
Missing character: There is no 言 in font [lmroman10-regular]:mapping=tex-text;!
Missing character: There is no 。 in font [lmroman10-regular]:mapping=tex-text;!
Missing character: There is no 例 in font [lmroman10-regular]:mapping=tex-text;!
Missing character: There is no 如 in font [lmroman10-regular]:mapping=tex-text;!
Missing character: There is no ， in font [lmroman10-regular]:mapping=tex-text;!
Missing character: There is no 数 in font [lmroman10-regular]:mapping=tex-text;!
Missing character: There is no 据 in font [lmroman10-regular]:mapping=tex-text;!
Missing character: There is no 准 in font [lmroman10-regular]:mapping=tex-text;!
Missing character: There is no 备 in font [lmroman10-regular]:mapping=tex-text;!
Missing character: There is no ： in font [lmroman10-regular]:mapping=tex-text;!
Missing character: There is no 处 in font [lmroman10-regular]:mapping=tex-text;!
Missing character: There is no 理 in font [lmroman10-regular]:mapping=tex-text;!
Missing character: There is no 无 in font [lmroman10-regular]:mapping=tex-text;!
Missing character: There is no 效 in font [lmroman10-regular]:mapping=tex-text;!
Missing character: There is no 数 in font [lmroman10-regular]:mapping=tex-text;!
Missing character: There is no 据 in font [lmroman10-regular]:mapping=tex-text;!
Missing character: There is no ， in font [lmroman10-regular]:mapping=tex-text;!
Missing character: There is no 求 in font [lmroman10-regular]:mapping=tex-text;!
Missing character: There is no 对 in font [lmroman10-regular]:mapping=tex-text;!
Missing character: There is no 数 in font [lmroman10-regular]:mapping=tex-text;!
Missing character: There is no 等 in font [lmroman10-regular]:mapping=tex-text;!
Missing character: There is no 建 in font [lmroman10-regular]:mapping=tex-text;!
Missing character: There is no 模 in font [lmroman10-regular]:mapping=tex-text;!
Missing character: There is no 前 in font [lmroman10-regular]:mapping=tex-text;!
Missing character: There is no 的 in font [lmroman10-regular]:mapping=tex-text;!
Missing character: There is no 准 in font [lmroman10-regular]:mapping=tex-text;!
Missing character: There is no 备 in font [lmroman10-regular]:mapping=tex-text;!
Missing character: There is no 等 in font [lmroman10-regular]:mapping=tex-text;!
Missing character: There is no ， in font [lmroman10-regular]:mapping=tex-text;!
Missing character: There is no 虽 in font [lmroman10-regular]:mapping=tex-text;!
Missing character: There is no 然 in font [lmroman10-regular]:mapping=tex-text;!
Missing character: There is no 都 in font [lmroman10-regular]:mapping=tex-text;!
Missing character: There is no 可 in font [lmroman10-regular]:mapping=tex-text;!
Missing character: There is no 以 in font [lmroman10-regular]:mapping=tex-text;!
Missing character: There is no 使 in font [lmroman10-regular]:mapping=tex-text;!
Missing character: There is no 用 in font [lmroman10-regular]:mapping=tex-text;!
Missing character: There is no 完 in font [lmroman10-regular]:mapping=tex-text;!
Missing character: There is no 成 in font [lmroman10-regular]:mapping=tex-text;!
Missing character: There is no ， in font [lmroman10-regular]:mapping=tex-text;!
Missing character: There is no 很 in font [lmroman10-regular]:mapping=tex-text;!
Missing character: There is no 花 in font [lmroman10-regular]:mapping=tex-text;!
Missing character: There is no 时 in font [lmroman10-regular]:mapping=tex-text;!
Missing character: There is no 间 in font [lmroman10-regular]:mapping=tex-text;!
Missing character: There is no 并 in font [lmroman10-regular]:mapping=tex-text;!
Missing character: There is no 容 in font [lmroman10-regular]:mapping=tex-text;!
Missing character: There is no 易 in font [lmroman10-regular]:mapping=tex-text;!
Missing character: There is no 出 in font [lmroman10-regular]:mapping=tex-text;!
Missing character: There is no 错 in font [lmroman10-regular]:mapping=tex-text;!
Missing character: There is no 。 in font [lmroman10-regular]:mapping=tex-text;!
Missing character: There is no 随 in font [lmroman10-regular]:mapping=tex-text;!
Missing character: There is no 机 in font [lmroman10-regular]:mapping=tex-text;!
Missing character: There is no 抽 in font [lmroman10-regular]:mapping=tex-text;!
Missing character: There is no 样 in font [lmroman10-regular]:mapping=tex-text;!
Missing character: There is no 选 in font [lmroman10-regular]:mapping=tex-text;!
Missing character: There is no 测 in font [lmroman10-regular]:mapping=tex-text;!
Missing character: There is no 不 in font [lmroman10-regular]:mapping=tex-text;!
Missing character: There is no 同 in font [lmroman10-regular]:mapping=tex-text;!
Missing character: There is no 试 in font [lmroman10-regular]:mapping=tex-text;!
Missing character: There is no 数 in font [lmroman10-regular]:mapping=tex-text;!
Missing character: There is no 据 in font [lmroman10-regular]:mapping=tex-text;!
Missing character: There is no 搭 in font [lmroman10-regular]:mapping=tex-text;!
Missing character: There is no 配 in font [lmroman10-regular]:mapping=tex-text;!
Missing character: There is no ， in font [lmroman10-regular]:mapping=tex-text;!
Missing character: There is no 交 in font [lmroman10-regular]:mapping=tex-text;!
Missing character: There is no 叉 in font [lmroman10-regular]:mapping=tex-text;!
Missing character: There is no 验 in font [lmroman10-regular]:mapping=tex-text;!
Missing character: There is no 证 in font [lmroman10-regular]:mapping=tex-text;!
Missing character: There is no ， in font [lmroman10-regular]:mapping=tex-text;!
Missing character: There is no 如 in font [lmroman10-regular]:mapping=tex-text;!
Missing character: There is no 。 in font [lmroman10-regular]:mapping=tex-text;!

Overfull \hbox (26.38pt too wide) in paragraph at lines 199--203
\TU/lmr/m/n/10 虽然可以简单先用excel加图形网页比较各种机器学习模型的预估效果，也不需要学统计分析的语言，因为我们假定只需要用标准的参数，不
需要纠结每个模型的参数要如何调整，实际上差异不大。但熟悉后，肯定不会一直用这种简单方式，来分析数据与建模，最终还是会用上脚本和语言。 
 []

Missing character: There is no 自 in font [lmroman12-bold]:mapping=tex-text;!
Missing character: There is no 动 in font [lmroman12-bold]:mapping=tex-text;!
Missing character: There is no 化 in font [lmroman12-bold]:mapping=tex-text;!
Missing character: There is no 从 in font [lmroman10-regular]:mapping=tex-text;!
Missing character: There is no 上 in font [lmroman10-regular]:mapping=tex-text;!
Missing character: There is no 面 in font [lmroman10-regular]:mapping=tex-text;!
Missing character: There is no 的 in font [lmroman10-regular]:mapping=tex-text;!
Missing character: There is no 分 in font [lmroman10-regular]:mapping=tex-text;!
Missing character: There is no 析 in font [lmroman10-regular]:mapping=tex-text;!
Missing character: There is no 看 in font [lmroman10-regular]:mapping=tex-text;!
Missing character: There is no 到 in font [lmroman10-regular]:mapping=tex-text;!
Missing character: There is no ， in font [lmroman10-regular]:mapping=tex-text;!
Missing character: There is no 要 in font [lmroman10-regular]:mapping=tex-text;!
Missing character: There is no 选 in font [lmroman10-regular]:mapping=tex-text;!
Missing character: There is no 出 in font [lmroman10-regular]:mapping=tex-text;!
Missing character: There is no 最 in font [lmroman10-regular]:mapping=tex-text;!
Missing character: There is no 佳 in font [lmroman10-regular]:mapping=tex-text;!
Missing character: There is no 的 in font [lmroman10-regular]:mapping=tex-text;!
Missing character: There is no 预 in font [lmroman10-regular]:mapping=tex-text;!
Missing character: There is no 测 in font [lmroman10-regular]:mapping=tex-text;!
Missing character: There is no 模 in font [lmroman10-regular]:mapping=tex-text;!
Missing character: There is no 型 in font [lmroman10-regular]:mapping=tex-text;!
Missing character: There is no ， in font [lmroman10-regular]:mapping=tex-text;!
Missing character: There is no 并 in font [lmroman10-regular]:mapping=tex-text;!
Missing character: There is no 非 in font [lmroman10-regular]:mapping=tex-text;!
Missing character: There is no 一 in font [lmroman10-regular]:mapping=tex-text;!
Missing character: There is no 步 in font [lmroman10-regular]:mapping=tex-text;!
Missing character: There is no 到 in font [lmroman10-regular]:mapping=tex-text;!
Missing character: There is no 位 in font [lmroman10-regular]:mapping=tex-text;!
Missing character: There is no ， in font [lmroman10-regular]:mapping=tex-text;!
Missing character: There is no 会 in font [lmroman10-regular]:mapping=tex-text;!
Missing character: There is no 受 in font [lmroman10-regular]:mapping=tex-text;!
Missing character: There is no 不 in font [lmroman10-regular]:mapping=tex-text;!
Missing character: There is no 同 in font [lmroman10-regular]:mapping=tex-text;!
Missing character: There is no 数 in font [lmroman10-regular]:mapping=tex-text;!
Missing character: There is no 据 in font [lmroman10-regular]:mapping=tex-text;!
Missing character: There is no 、 in font [lmroman10-regular]:mapping=tex-text;!
Missing character: There is no 不 in font [lmroman10-regular]:mapping=tex-text;!
Missing character: There is no 同 in font [lmroman10-regular]:mapping=tex-text;!
Missing character: There is no 模 in font [lmroman10-regular]:mapping=tex-text;!
Missing character: There is no 型 in font [lmroman10-regular]:mapping=tex-text;!
Missing character: There is no 、 in font [lmroman10-regular]:mapping=tex-text;!
Missing character: There is no 选 in font [lmroman10-regular]:mapping=tex-text;!
Missing character: There is no 择 in font [lmroman10-regular]:mapping=tex-text;!
Missing character: There is no 哪 in font [lmroman10-regular]:mapping=tex-text;!
Missing character: There is no 些 in font [lmroman10-regular]:mapping=tex-text;!
Missing character: There is no 变 in font [lmroman10-regular]:mapping=tex-text;!
Missing character: There is no 量 in font [lmroman10-regular]:mapping=tex-text;!
Missing character: There is no 影 in font [lmroman10-regular]:mapping=tex-text;!
Missing character: There is no 响 in font [lmroman10-regular]:mapping=tex-text;!
Missing character: There is no 。 in font [lmroman10-regular]:mapping=tex-text;!
Missing character: There is no 须 in font [lmroman10-regular]:mapping=tex-text;!
Missing character: There is no 要 in font [lmroman10-regular]:mapping=tex-text;!
Missing character: There is no 反 in font [lmroman10-regular]:mapping=tex-text;!
Missing character: There is no 复 in font [lmroman10-regular]:mapping=tex-text;!
Missing character: There is no 做 in font [lmroman10-regular]:mapping=tex-text;!
Missing character: There is no 多 in font [lmroman10-regular]:mapping=tex-text;!
Missing character: There is no 轮 in font [lmroman10-regular]:mapping=tex-text;!
Missing character: There is no 分 in font [lmroman10-regular]:mapping=tex-text;!
Missing character: There is no 析 in font [lmroman10-regular]:mapping=tex-text;!
Missing character: There is no 。 in font [lmroman10-regular]:mapping=tex-text;!
Missing character: There is no 既 in font [lmroman10-regular]:mapping=tex-text;!
Missing character: There is no 然 in font [lmroman10-regular]:mapping=tex-text;!
Missing character: There is no 要 in font [lmroman10-regular]:mapping=tex-text;!
Missing character: There is no 重 in font [lmroman10-regular]:mapping=tex-text;!
Missing character: There is no 复 in font [lmroman10-regular]:mapping=tex-text;!
Missing character: There is no 做 in font [lmroman10-regular]:mapping=tex-text;!
Missing character: There is no ， in font [lmroman10-regular]:mapping=tex-text;!
Missing character: There is no 必 in font [lmroman10-regular]:mapping=tex-text;!
Missing character: There is no 然 in font [lmroman10-regular]:mapping=tex-text;!
Missing character: There is no 回 in font [lmroman10-regular]:mapping=tex-text;!
Missing character: There is no 想 in font [lmroman10-regular]:mapping=tex-text;!
Missing character: There is no 如 in font [lmroman10-regular]:mapping=tex-text;!
Missing character: There is no 何 in font [lmroman10-regular]:mapping=tex-text;!
Missing character: There is no 使 in font [lmroman10-regular]:mapping=tex-text;!
Missing character: There is no 用 in font [lmroman10-regular]:mapping=tex-text;!
Missing character: There is no 脚 in font [lmroman10-regular]:mapping=tex-text;!
Missing character: There is no 本 in font [lmroman10-regular]:mapping=tex-text;!
Missing character: There is no 自 in font [lmroman10-regular]:mapping=tex-text;!
Missing character: There is no 动 in font [lmroman10-regular]:mapping=tex-text;!
Missing character: There is no 化 in font [lmroman10-regular]:mapping=tex-text;!
Missing character: There is no 。 in font [lmroman10-regular]:mapping=tex-text;!
Missing character: There is no 不 in font [lmroman10-regular]:mapping=tex-text;!
Missing character: There is no 想 in font [lmroman10-regular]:mapping=tex-text;!
Missing character: There is no 单 in font [lmroman10-regular]:mapping=tex-text;!
Missing character: There is no 靠 in font [lmroman10-regular]:mapping=tex-text;!
Missing character: There is no 手 in font [lmroman10-regular]:mapping=tex-text;!
Missing character: There is no 工 in font [lmroman10-regular]:mapping=tex-text;!
Missing character: There is no 操 in font [lmroman10-regular]:mapping=tex-text;!
Missing character: There is no 作 in font [lmroman10-regular]:mapping=tex-text;!
Missing character: There is no ， in font [lmroman10-regular]:mapping=tex-text;!
Missing character: There is no 专 in font [lmroman10-regular]:mapping=tex-text;!
Missing character: There is no 门 in font [lmroman10-regular]:mapping=tex-text;!
Missing character: There is no 针 in font [lmroman10-regular]:mapping=tex-text;!
Missing character: There is no 对 in font [lmroman10-regular]:mapping=tex-text;!
Missing character: There is no 统 in font [lmroman10-regular]:mapping=tex-text;!
Missing character: There is no 计 in font [lmroman10-regular]:mapping=tex-text;!
Missing character: There is no 分 in font [lmroman10-regular]:mapping=tex-text;!
Missing character: There is no 析 in font [lmroman10-regular]:mapping=tex-text;!
Missing character: There is no 的 in font [lmroman10-regular]:mapping=tex-text;!
Missing character: There is no 语 in font [lmroman10-regular]:mapping=tex-text;!
Missing character: There is no 言 in font [lmroman10-regular]:mapping=tex-text;!
Missing character: There is no 具 in font [lmroman10-regular]:mapping=tex-text;!
Missing character: There is no 备 in font [lmroman10-regular]:mapping=tex-text;!
Missing character: There is no 这 in font [lmroman10-regular]:mapping=tex-text;!
Missing character: There is no 类 in font [lmroman10-regular]:mapping=tex-text;!
Missing character: There is no 功 in font [lmroman10-regular]:mapping=tex-text;!
Missing character: There is no 能 in font [lmroman10-regular]:mapping=tex-text;!
Missing character: There is no 。 in font [lmroman10-regular]:mapping=tex-text;!
Missing character: There is no 用 in font [lmroman10-regular]:mapping=tex-text;!
Missing character: There is no 语 in font [lmroman10-regular]:mapping=tex-text;!
Missing character: There is no 言 in font [lmroman10-regular]:mapping=tex-text;!
Missing character: There is no 自 in font [lmroman10-regular]:mapping=tex-text;!
Missing character: There is no 动 in font [lmroman10-regular]:mapping=tex-text;!
Missing character: There is no 完 in font [lmroman10-regular]:mapping=tex-text;!
Missing character: There is no 成 in font [lmroman10-regular]:mapping=tex-text;!
Missing character: There is no 不 in font [lmroman10-regular]:mapping=tex-text;!
Missing character: There is no 但 in font [lmroman10-regular]:mapping=tex-text;!
Missing character: There is no 会 in font [lmroman10-regular]:mapping=tex-text;!
Missing character: There is no 更 in font [lmroman10-regular]:mapping=tex-text;!
Missing character: There is no 准 in font [lmroman10-regular]:mapping=tex-text;!
Missing character: There is no 确 in font [lmroman10-regular]:mapping=tex-text;!
Missing character: There is no 、 in font [lmroman10-regular]:mapping=tex-text;!
Missing character: There is no 更 in font [lmroman10-regular]:mapping=tex-text;!
Missing character: There is no 快 in font [lmroman10-regular]:mapping=tex-text;!
Missing character: There is no 速 in font [lmroman10-regular]:mapping=tex-text;!
Missing character: There is no 。 in font [lmroman10-regular]:mapping=tex-text;!
Missing character: There is no 更 in font [lmroman10-regular]:mapping=tex-text;!
Missing character: There is no 重 in font [lmroman10-regular]:mapping=tex-text;!
Missing character: There is no 要 in font [lmroman10-regular]:mapping=tex-text;!
Missing character: There is no 是 in font [lmroman10-regular]:mapping=tex-text;!
Missing character: There is no ， in font [lmroman10-regular]:mapping=tex-text;!
Missing character: There is no 所 in font [lmroman10-regular]:mapping=tex-text;!
Missing character: There is no 有 in font [lmroman10-regular]:mapping=tex-text;!
Missing character: There is no 实 in font [lmroman10-regular]:mapping=tex-text;!
Missing character: There is no 验 in font [lmroman10-regular]:mapping=tex-text;!
Missing character: There is no 的 in font [lmroman10-regular]:mapping=tex-text;!
Missing character: There is no 参 in font [lmroman10-regular]:mapping=tex-text;!
Missing character: There is no 数 in font [lmroman10-regular]:mapping=tex-text;!
Missing character: There is no 与 in font [lmroman10-regular]:mapping=tex-text;!
Missing character: There is no 步 in font [lmroman10-regular]:mapping=tex-text;!
Missing character: There is no 骤 in font [lmroman10-regular]:mapping=tex-text;!
Missing character: There is no 都 in font [lmroman10-regular]:mapping=tex-text;!
Missing character: There is no 有 in font [lmroman10-regular]:mapping=tex-text;!
Missing character: There is no 记 in font [lmroman10-regular]:mapping=tex-text;!
Missing character: There is no 录 in font [lmroman10-regular]:mapping=tex-text;!
Missing character: There is no ， in font [lmroman10-regular]:mapping=tex-text;!
Missing character: There is no 并 in font [lmroman10-regular]:mapping=tex-text;!
Missing character: There is no 可 in font [lmroman10-regular]:mapping=tex-text;!
Missing character: There is no 以 in font [lmroman10-regular]:mapping=tex-text;!
Missing character: There is no 自 in font [lmroman10-regular]:mapping=tex-text;!
Missing character: There is no 动 in font [lmroman10-regular]:mapping=tex-text;!
Missing character: There is no 重 in font [lmroman10-regular]:mapping=tex-text;!
Missing character: There is no 现 in font [lmroman10-regular]:mapping=tex-text;!
Missing character: There is no （ in font [lmroman10-regular]:mapping=tex-text;!
Missing character: There is no 不 in font [lmroman10-regular]:mapping=tex-text;!
Missing character: There is no 依 in font [lmroman10-regular]:mapping=tex-text;!
Missing character: There is no 赖 in font [lmroman10-regular]:mapping=tex-text;!
Missing character: There is no 手 in font [lmroman10-regular]:mapping=tex-text;!
Missing character: There is no 工 in font [lmroman10-regular]:mapping=tex-text;!
Missing character: There is no 记 in font [lmroman10-regular]:mapping=tex-text;!
Missing character: There is no 录 in font [lmroman10-regular]:mapping=tex-text;!
Missing character: There is no ） in font [lmroman10-regular]:mapping=tex-text;!
Missing character: There is no ， in font [lmroman10-regular]:mapping=tex-text;!
Missing character: There is no 例 in font [lmroman10-regular]:mapping=tex-text;!
Missing character: There is no 如 in font [lmroman10-regular]:mapping=tex-text;!
Missing character: There is no ， in font [lmroman10-regular]:mapping=tex-text;!
Missing character: There is no 想 in font [lmroman10-regular]:mapping=tex-text;!
Missing character: There is no 抽 in font [lmroman10-regular]:mapping=tex-text;!
Missing character: There is no 的 in font [lmroman10-regular]:mapping=tex-text;!
Missing character: There is no 数 in font [lmroman10-regular]:mapping=tex-text;!
Missing character: There is no 据 in font [lmroman10-regular]:mapping=tex-text;!
Missing character: There is no 作 in font [lmroman10-regular]:mapping=tex-text;!
Missing character: There is no 为 in font [lmroman10-regular]:mapping=tex-text;!
Missing character: There is no 测 in font [lmroman10-regular]:mapping=tex-text;!
Missing character: There is no 试 in font [lmroman10-regular]:mapping=tex-text;!
Missing character: There is no 数 in font [lmroman10-regular]:mapping=tex-text;!
Missing character: There is no 据 in font [lmroman10-regular]:mapping=tex-text;!
Missing character: There is no （ in font [lmroman10-regular]:mapping=tex-text;!
Missing character: There is no 本 in font [lmroman10-regular]:mapping=tex-text;!
Missing character: There is no 来 in font [lmroman10-regular]:mapping=tex-text;!
Missing character: There is no 大 in font [lmroman10-regular]:mapping=tex-text;!
Missing character: There is no 概 in font [lmroman10-regular]:mapping=tex-text;!
Missing character: There is no ） in font [lmroman10-regular]:mapping=tex-text;!
Missing character: There is no ， in font [lmroman10-regular]:mapping=tex-text;!
Missing character: There is no 改 in font [lmroman10-regular]:mapping=tex-text;!
Missing character: There is no 一 in font [lmroman10-regular]:mapping=tex-text;!
Missing character: There is no 个 in font [lmroman10-regular]:mapping=tex-text;!
Missing character: There is no 参 in font [lmroman10-regular]:mapping=tex-text;!
Missing character: There is no 数 in font [lmroman10-regular]:mapping=tex-text;!
Missing character: There is no ， in font [lmroman10-regular]:mapping=tex-text;!
Missing character: There is no 重 in font [lmroman10-regular]:mapping=tex-text;!
Missing character: There is no 跑 in font [lmroman10-regular]:mapping=tex-text;!
Missing character: There is no 便 in font [lmroman10-regular]:mapping=tex-text;!
Missing character: There is no 可 in font [lmroman10-regular]:mapping=tex-text;!
Missing character: There is no 。 in font [lmroman10-regular]:mapping=tex-text;!
Missing character: There is no 语 in font [lmroman10-regular]:mapping=tex-text;!
Missing character: There is no 言 in font [lmroman10-regular]:mapping=tex-text;!
Missing character: There is no 是 in font [lmroman10-regular]:mapping=tex-text;!
Missing character: There is no 专 in font [lmroman10-regular]:mapping=tex-text;!
Missing character: There is no 门 in font [lmroman10-regular]:mapping=tex-text;!
Missing character: There is no 针 in font [lmroman10-regular]:mapping=tex-text;!
Missing character: There is no 对 in font [lmroman10-regular]:mapping=tex-text;!
Missing character: There is no 数 in font [lmroman10-regular]:mapping=tex-text;!
Missing character: There is no 据 in font [lmroman10-regular]:mapping=tex-text;!
Missing character: There is no 分 in font [lmroman10-regular]:mapping=tex-text;!
Missing character: There is no 析 in font [lmroman10-regular]:mapping=tex-text;!
Missing character: There is no 的 in font [lmroman10-regular]:mapping=tex-text;!
Missing character: There is no 开 in font [lmroman10-regular]:mapping=tex-text;!
Missing character: There is no 源 in font [lmroman10-regular]:mapping=tex-text;!
Missing character: There is no 语 in font [lmroman10-regular]:mapping=tex-text;!
Missing character: There is no 言 in font [lmroman10-regular]:mapping=tex-text;!
Missing character: There is no ， in font [lmroman10-regular]:mapping=tex-text;!
Missing character: There is no 是 in font [lmroman10-regular]:mapping=tex-text;!
Missing character: There is no 由 in font [lmroman10-regular]:mapping=tex-text;!
Missing character: There is no 全 in font [lmroman10-regular]:mapping=tex-text;!
Missing character: There is no 世 in font [lmroman10-regular]:mapping=tex-text;!
Missing character: There is no 界 in font [lmroman10-regular]:mapping=tex-text;!
Missing character: There is no 的 in font [lmroman10-regular]:mapping=tex-text;!
Missing character: There is no 数 in font [lmroman10-regular]:mapping=tex-text;!
Missing character: There is no 据 in font [lmroman10-regular]:mapping=tex-text;!
Missing character: There is no 工 in font [lmroman10-regular]:mapping=tex-text;!
Missing character: There is no 程 in font [lmroman10-regular]:mapping=tex-text;!
Missing character: There is no 师 in font [lmroman10-regular]:mapping=tex-text;!
Missing character: There is no 一 in font [lmroman10-regular]:mapping=tex-text;!
Missing character: There is no 起 in font [lmroman10-regular]:mapping=tex-text;!
Missing character: There is no 贡 in font [lmroman10-regular]:mapping=tex-text;!
Missing character: There is no 献 in font [lmroman10-regular]:mapping=tex-text;!
Missing character: There is no ， in font [lmroman10-regular]:mapping=tex-text;!
Missing character: There is no 并 in font [lmroman10-regular]:mapping=tex-text;!
Missing character: There is no 一 in font [lmroman10-regular]:mapping=tex-text;!
Missing character: There is no 直 in font [lmroman10-regular]:mapping=tex-text;!
Missing character: There is no 在 in font [lmroman10-regular]:mapping=tex-text;!
Missing character: There is no 发 in font [lmroman10-regular]:mapping=tex-text;!
Missing character: There is no 展 in font [lmroman10-regular]:mapping=tex-text;!
Missing character: There is no 。 in font [lmroman10-regular]:mapping=tex-text;!
Missing character: There is no 工 in font [lmroman10-regular]:mapping=tex-text;!
Missing character: There is no 程 in font [lmroman10-regular]:mapping=tex-text;!
Missing character: There is no 师 in font [lmroman10-regular]:mapping=tex-text;!
Missing character: There is no 可 in font [lmroman10-regular]:mapping=tex-text;!
Missing character: There is no 以 in font [lmroman10-regular]:mapping=tex-text;!
Missing character: There is no 针 in font [lmroman10-regular]:mapping=tex-text;!
Missing character: There is no 对 in font [lmroman10-regular]:mapping=tex-text;!
Missing character: There is no 某 in font [lmroman10-regular]:mapping=tex-text;!
Missing character: There is no 类 in font [lmroman10-regular]:mapping=tex-text;!
Missing character: There is no 分 in font [lmroman10-regular]:mapping=tex-text;!
Missing character: There is no 析 in font [lmroman10-regular]:mapping=tex-text;!
Missing character: There is no 需 in font [lmroman10-regular]:mapping=tex-text;!
Missing character: There is no 求 in font [lmroman10-regular]:mapping=tex-text;!
Missing character: There is no ， in font [lmroman10-regular]:mapping=tex-text;!
Missing character: There is no 写 in font [lmroman10-regular]:mapping=tex-text;!
Missing character: There is no 一 in font [lmroman10-regular]:mapping=tex-text;!
Missing character: There is no 些 in font [lmroman10-regular]:mapping=tex-text;!
Missing character: There is no 分 in font [lmroman10-regular]:mapping=tex-text;!
Missing character: There is no 析 in font [lmroman10-regular]:mapping=tex-text;!
Missing character: There is no 模 in font [lmroman10-regular]:mapping=tex-text;!
Missing character: There is no 型 in font [lmroman10-regular]:mapping=tex-text;!
Missing character: There is no 包 in font [lmroman10-regular]:mapping=tex-text;!
Missing character: There is no ， in font [lmroman10-regular]:mapping=tex-text;!
Missing character: There is no 加 in font [lmroman10-regular]:mapping=tex-text;!
Missing character: There is no 强 in font [lmroman10-regular]:mapping=tex-text;!
Missing character: There is no 语 in font [lmroman10-regular]:mapping=tex-text;!
Missing character: There is no 言 in font [lmroman10-regular]:mapping=tex-text;!
Missing character: There is no 的 in font [lmroman10-regular]:mapping=tex-text;!
Missing character: There is no 数 in font [lmroman10-regular]:mapping=tex-text;!
Missing character: There is no 据 in font [lmroman10-regular]:mapping=tex-text;!
Missing character: There is no 分 in font [lmroman10-regular]:mapping=tex-text;!
Missing character: There is no 析 in font [lmroman10-regular]:mapping=tex-text;!
Missing character: There is no 能 in font [lmroman10-regular]:mapping=tex-text;!
Missing character: There is no 力 in font [lmroman10-regular]:mapping=tex-text;!
Missing character: There is no ， in font [lmroman10-regular]:mapping=tex-text;!
Missing character: There is no 虽 in font [lmroman10-regular]:mapping=tex-text;!
Missing character: There is no 然 in font [lmroman10-regular]:mapping=tex-text;!
Missing character: There is no 这 in font [lmroman10-regular]:mapping=tex-text;!
Missing character: There is no 能 in font [lmroman10-regular]:mapping=tex-text;!
Missing character: There is no 让 in font [lmroman10-regular]:mapping=tex-text;!
Missing character: There is no 的 in font [lmroman10-regular]:mapping=tex-text;!
Missing character: There is no 能 in font [lmroman10-regular]:mapping=tex-text;!
Missing character: There is no 力 in font [lmroman10-regular]:mapping=tex-text;!
Missing character: There is no 不 in font [lmroman10-regular]:mapping=tex-text;!
Missing character: There is no 断 in font [lmroman10-regular]:mapping=tex-text;!
Missing character: There is no 加 in font [lmroman10-regular]:mapping=tex-text;!
Missing character: There is no 强 in font [lmroman10-regular]:mapping=tex-text;!
Missing character: There is no ， in font [lmroman10-regular]:mapping=tex-text;!
Missing character: There is no 但 in font [lmroman10-regular]:mapping=tex-text;!
Missing character: There is no 各 in font [lmroman10-regular]:mapping=tex-text;!
Missing character: There is no 个 in font [lmroman10-regular]:mapping=tex-text;!
Missing character: There is no 包 in font [lmroman10-regular]:mapping=tex-text;!
Missing character: There is no 的 in font [lmroman10-regular]:mapping=tex-text;!
Missing character: There is no 格 in font [lmroman10-regular]:mapping=tex-text;!
Missing character: There is no 式 in font [lmroman10-regular]:mapping=tex-text;!
Missing character: There is no 、 in font [lmroman10-regular]:mapping=tex-text;!
Missing character: There is no 参 in font [lmroman10-regular]:mapping=tex-text;!
Missing character: There is no 数 in font [lmroman10-regular]:mapping=tex-text;!
Missing character: There is no 、 in font [lmroman10-regular]:mapping=tex-text;!
Missing character: There is no 配 in font [lmroman10-regular]:mapping=tex-text;!
Missing character: There is no 置 in font [lmroman10-regular]:mapping=tex-text;!
Missing character: There is no 函 in font [lmroman10-regular]:mapping=tex-text;!
Missing character: There is no 数 in font [lmroman10-regular]:mapping=tex-text;!
Missing character: There is no 格 in font [lmroman10-regular]:mapping=tex-text;!
Missing character: There is no 式 in font [lmroman10-regular]:mapping=tex-text;!
Missing character: There is no 都 in font [lmroman10-regular]:mapping=tex-text;!
Missing character: There is no 不 in font [lmroman10-regular]:mapping=tex-text;!
Missing character: There is no 一 in font [lmroman10-regular]:mapping=tex-text;!
Missing character: There is no 样 in font [lmroman10-regular]:mapping=tex-text;!
Missing character: There is no ， in font [lmroman10-regular]:mapping=tex-text;!
Missing character: There is no 要 in font [lmroman10-regular]:mapping=tex-text;!
Missing character: There is no 学 in font [lmroman10-regular]:mapping=tex-text;!
Missing character: There is no 习 in font [lmroman10-regular]:mapping=tex-text;!
Missing character: There is no 就 in font [lmroman10-regular]:mapping=tex-text;!
Missing character: There is no 很 in font [lmroman10-regular]:mapping=tex-text;!
Missing character: There is no 难 in font [lmroman10-regular]:mapping=tex-text;!
Missing character: There is no 。 in font [lmroman10-regular]:mapping=tex-text;!
Missing character: There is no 针 in font [lmroman10-regular]:mapping=tex-text;!
Missing character: There is no 对 in font [lmroman10-regular]:mapping=tex-text;!
Missing character: There is no 这 in font [lmroman10-regular]:mapping=tex-text;!
Missing character: There is no 需 in font [lmroman10-regular]:mapping=tex-text;!
Missing character: There is no 求 in font [lmroman10-regular]:mapping=tex-text;!
Missing character: There is no ， in font [lmroman10-regular]:mapping=tex-text;!
Missing character: There is no 的 in font [lmroman10-regular]:mapping=tex-text;!
Missing character: There is no 让 in font [lmroman10-regular]:mapping=tex-text;!
Missing character: There is no 分 in font [lmroman10-regular]:mapping=tex-text;!
Missing character: There is no 析 in font [lmroman10-regular]:mapping=tex-text;!
Missing character: There is no 工 in font [lmroman10-regular]:mapping=tex-text;!
Missing character: There is no 程 in font [lmroman10-regular]:mapping=tex-text;!
Missing character: There is no 师 in font [lmroman10-regular]:mapping=tex-text;!
Missing character: There is no 用 in font [lmroman10-regular]:mapping=tex-text;!
Missing character: There is no 统 in font [lmroman10-regular]:mapping=tex-text;!
Missing character: There is no 一 in font [lmroman10-regular]:mapping=tex-text;!
Missing character: There is no 格 in font [lmroman10-regular]:mapping=tex-text;!
Missing character: There is no 式 in font [lmroman10-regular]:mapping=tex-text;!
Missing character: There is no 调 in font [lmroman10-regular]:mapping=tex-text;!
Missing character: There is no 用 in font [lmroman10-regular]:mapping=tex-text;!
Missing character: There is no 各 in font [lmroman10-regular]:mapping=tex-text;!
Missing character: There is no 种 in font [lmroman10-regular]:mapping=tex-text;!
Missing character: There is no 不 in font [lmroman10-regular]:mapping=tex-text;!
Missing character: There is no 同 in font [lmroman10-regular]:mapping=tex-text;!
Missing character: There is no 的 in font [lmroman10-regular]:mapping=tex-text;!
Missing character: There is no 预 in font [lmroman10-regular]:mapping=tex-text;!
Missing character: There is no 测 in font [lmroman10-regular]:mapping=tex-text;!
Missing character: There is no 模 in font [lmroman10-regular]:mapping=tex-text;!
Missing character: There is no 型 in font [lmroman10-regular]:mapping=tex-text;!
Missing character: There is no （ in font [lmroman10-regular]:mapping=tex-text;!
Missing character: There is no 不 in font [lmroman10-regular]:mapping=tex-text;!
Missing character: There is no 用 in font [lmroman10-regular]:mapping=tex-text;!
Missing character: There is no 记 in font [lmroman10-regular]:mapping=tex-text;!
Missing character: There is no 住 in font [lmroman10-regular]:mapping=tex-text;!
Missing character: There is no 每 in font [lmroman10-regular]:mapping=tex-text;!
Missing character: There is no 类 in font [lmroman10-regular]:mapping=tex-text;!
Missing character: There is no 模 in font [lmroman10-regular]:mapping=tex-text;!
Missing character: There is no 型 in font [lmroman10-regular]:mapping=tex-text;!
Missing character: There is no 的 in font [lmroman10-regular]:mapping=tex-text;!
Missing character: There is no 语 in font [lmroman10-regular]:mapping=tex-text;!
Missing character: There is no 句 in font [lmroman10-regular]:mapping=tex-text;!
Missing character: There is no 格 in font [lmroman10-regular]:mapping=tex-text;!
Missing character: There is no 式 in font [lmroman10-regular]:mapping=tex-text;!
Missing character: There is no 规 in font [lmroman10-regular]:mapping=tex-text;!
Missing character: There is no 范 in font [lmroman10-regular]:mapping=tex-text;!
Missing character: There is no ， in font [lmroman10-regular]:mapping=tex-text;!
Missing character: There is no 无 in font [lmroman10-regular]:mapping=tex-text;!
Missing character: There is no 论 in font [lmroman10-regular]:mapping=tex-text;!
Missing character: There is no 你 in font [lmroman10-regular]:mapping=tex-text;!
Missing character: There is no 用 in font [lmroman10-regular]:mapping=tex-text;!
Missing character: There is no 选 in font [lmroman10-regular]:mapping=tex-text;!
Missing character: There is no 择 in font [lmroman10-regular]:mapping=tex-text;!
Missing character: There is no 什 in font [lmroman10-regular]:mapping=tex-text;!
Missing character: There is no 么 in font [lmroman10-regular]:mapping=tex-text;!
Missing character: There is no 模 in font [lmroman10-regular]:mapping=tex-text;!
Missing character: There is no 型 in font [lmroman10-regular]:mapping=tex-text;!
Missing character: There is no 都 in font [lmroman10-regular]:mapping=tex-text;!
Missing character: There is no 可 in font [lmroman10-regular]:mapping=tex-text;!
Missing character: There is no 以 in font [lmroman10-regular]:mapping=tex-text;!
Missing character: There is no 用 in font [lmroman10-regular]:mapping=tex-text;!
Missing character: There is no 同 in font [lmroman10-regular]:mapping=tex-text;!
Missing character: There is no 类 in font [lmroman10-regular]:mapping=tex-text;!
Missing character: There is no 的 in font [lmroman10-regular]:mapping=tex-text;!
Missing character: There is no 格 in font [lmroman10-regular]:mapping=tex-text;!
Missing character: There is no 式 in font [lmroman10-regular]:mapping=tex-text;!
Missing character: There is no 。 in font [lmroman10-regular]:mapping=tex-text;!
Missing character: There is no ） in font [lmroman10-regular]:mapping=tex-text;!
Missing character: There is no 但 in font [lmroman10-regular]:mapping=tex-text;!
Missing character: There is no 也 in font [lmroman10-regular]:mapping=tex-text;!
Missing character: There is no 是 in font [lmroman10-regular]:mapping=tex-text;!
Missing character: There is no 依 in font [lmroman10-regular]:mapping=tex-text;!
Missing character: There is no 赖 in font [lmroman10-regular]:mapping=tex-text;!
Missing character: There is no 少 in font [lmroman10-regular]:mapping=tex-text;!
Missing character: There is no 数 in font [lmroman10-regular]:mapping=tex-text;!
Missing character: There is no 几 in font [lmroman10-regular]:mapping=tex-text;!
Missing character: There is no 位 in font [lmroman10-regular]:mapping=tex-text;!
Missing character: There is no 工 in font [lmroman10-regular]:mapping=tex-text;!
Missing character: There is no 程 in font [lmroman10-regular]:mapping=tex-text;!
Missing character: There is no 师 in font [lmroman10-regular]:mapping=tex-text;!
Missing character: There is no 开 in font [lmroman10-regular]:mapping=tex-text;!
Missing character: There is no 发 in font [lmroman10-regular]:mapping=tex-text;!
Missing character: There is no 出 in font [lmroman10-regular]:mapping=tex-text;!
Missing character: There is no 来 in font [lmroman10-regular]:mapping=tex-text;!
Missing character: There is no ， in font [lmroman10-regular]:mapping=tex-text;!
Missing character: There is no 资 in font [lmroman10-regular]:mapping=tex-text;!
Missing character: There is no 源 in font [lmroman10-regular]:mapping=tex-text;!
Missing character: There is no 有 in font [lmroman10-regular]:mapping=tex-text;!
Missing character: There is no 限 in font [lmroman10-regular]:mapping=tex-text;!
Missing character: There is no ， in font [lmroman10-regular]:mapping=tex-text;!
Missing character: There is no 所 in font [lmroman10-regular]:mapping=tex-text;!
Missing character: There is no 以 in font [lmroman10-regular]:mapping=tex-text;!
Missing character: There is no 培 in font [lmroman10-regular]:mapping=tex-text;!
Missing character: There is no 训 in font [lmroman10-regular]:mapping=tex-text;!
Missing character: There is no 材 in font [lmroman10-regular]:mapping=tex-text;!
Missing character: There is no 料 in font [lmroman10-regular]:mapping=tex-text;!
Missing character: There is no 或 in font [lmroman10-regular]:mapping=tex-text;!
Missing character: There is no 者 in font [lmroman10-regular]:mapping=tex-text;!
Missing character: There is no 用 in font [lmroman10-regular]:mapping=tex-text;!
Missing character: There is no 户 in font [lmroman10-regular]:mapping=tex-text;!
Missing character: There is no 手 in font [lmroman10-regular]:mapping=tex-text;!
Missing character: There is no 册 in font [lmroman10-regular]:mapping=tex-text;!
Missing character: There is no 都 in font [lmroman10-regular]:mapping=tex-text;!
Missing character: There is no 很 in font [lmroman10-regular]:mapping=tex-text;!
Missing character: There is no 有 in font [lmroman10-regular]:mapping=tex-text;!
Missing character: There is no 限 in font [lmroman10-regular]:mapping=tex-text;!
Missing character: There is no 。 in font [lmroman10-regular]:mapping=tex-text;!
Missing character: There is no 虽 in font [lmroman10-regular]:mapping=tex-text;!
Missing character: There is no 然 in font [lmroman10-regular]:mapping=tex-text;!
Missing character: There is no 我 in font [lmroman10-regular]:mapping=tex-text;!
Missing character: There is no 已 in font [lmroman10-regular]:mapping=tex-text;!
Missing character: There is no 经 in font [lmroman10-regular]:mapping=tex-text;!
Missing character: There is no 接 in font [lmroman10-regular]:mapping=tex-text;!
Missing character: There is no 触 in font [lmroman10-regular]:mapping=tex-text;!
Missing character: There is no 语 in font [lmroman10-regular]:mapping=tex-text;!
Missing character: There is no 言 in font [lmroman10-regular]:mapping=tex-text;!
Missing character: There is no 年 in font [lmroman10-regular]:mapping=tex-text;!
Missing character: There is no 了 in font [lmroman10-regular]:mapping=tex-text;!
Missing character: There is no ， in font [lmroman10-regular]:mapping=tex-text;!
Missing character: There is no 但 in font [lmroman10-regular]:mapping=tex-text;!
Missing character: There is no 一 in font [lmroman10-regular]:mapping=tex-text;!
Missing character: There is no 直 in font [lmroman10-regular]:mapping=tex-text;!
Missing character: There is no 没 in font [lmroman10-regular]:mapping=tex-text;!
Missing character: There is no 空 in font [lmroman10-regular]:mapping=tex-text;!
Missing character: There is no 深 in font [lmroman10-regular]:mapping=tex-text;!
Missing character: There is no 入 in font [lmroman10-regular]:mapping=tex-text;!
Missing character: There is no 学 in font [lmroman10-regular]:mapping=tex-text;!
Missing character: There is no 习 in font [lmroman10-regular]:mapping=tex-text;!
Missing character: There is no ， in font [lmroman10-regular]:mapping=tex-text;!
Missing character: There is no 对 in font [lmroman10-regular]:mapping=tex-text;!
Missing character: There is no 的 in font [lmroman10-regular]:mapping=tex-text;!
Missing character: There is no 语 in font [lmroman10-regular]:mapping=tex-text;!
Missing character: There is no 法 in font [lmroman10-regular]:mapping=tex-text;!
Missing character: There is no 、 in font [lmroman10-regular]:mapping=tex-text;!
Missing character: There is no 结 in font [lmroman10-regular]:mapping=tex-text;!
Missing character: There is no 构 in font [lmroman10-regular]:mapping=tex-text;!
Missing character: There is no 一 in font [lmroman10-regular]:mapping=tex-text;!
Missing character: There is no 知 in font [lmroman10-regular]:mapping=tex-text;!
Missing character: There is no 半 in font [lmroman10-regular]:mapping=tex-text;!
Missing character: There is no 解 in font [lmroman10-regular]:mapping=tex-text;!
Missing character: There is no ， in font [lmroman10-regular]:mapping=tex-text;!
Missing character: There is no 难 in font [lmroman10-regular]:mapping=tex-text;!
Missing character: There is no 以 in font [lmroman10-regular]:mapping=tex-text;!
Missing character: There is no 独 in font [lmroman10-regular]:mapping=tex-text;!
Missing character: There is no 立 in font [lmroman10-regular]:mapping=tex-text;!
Missing character: There is no 写 in font [lmroman10-regular]:mapping=tex-text;!
Missing character: There is no 出 in font [lmroman10-regular]:mapping=tex-text;!
Missing character: There is no 脚 in font [lmroman10-regular]:mapping=tex-text;!
Missing character: There is no 本 in font [lmroman10-regular]:mapping=tex-text;!
Missing character: There is no 。 in font [lmroman10-regular]:mapping=tex-text;!
Missing character: There is no 以 in font [lmroman10-regular]:mapping=tex-text;!
Missing character: There is no 前 in font [lmroman10-regular]:mapping=tex-text;!
Missing character: There is no 我 in font [lmroman10-regular]:mapping=tex-text;!
Missing character: There is no 在 in font [lmroman10-regular]:mapping=tex-text;!
Missing character: There is no 这 in font [lmroman10-regular]:mapping=tex-text;!
Missing character: There is no 方 in font [lmroman10-regular]:mapping=tex-text;!
Missing character: There is no 面 in font [lmroman10-regular]:mapping=tex-text;!
Missing character: There is no 一 in font [lmroman10-regular]:mapping=tex-text;!
Missing character: There is no 直 in font [lmroman10-regular]:mapping=tex-text;!
Missing character: There is no 有 in font [lmroman10-regular]:mapping=tex-text;!
Missing character: There is no 比 in font [lmroman10-regular]:mapping=tex-text;!
Missing character: There is no 较 in font [lmroman10-regular]:mapping=tex-text;!
Missing character: There is no 大 in font [lmroman10-regular]:mapping=tex-text;!
Missing character: There is no 的 in font [lmroman10-regular]:mapping=tex-text;!
Missing character: There is no 困 in font [lmroman10-regular]:mapping=tex-text;!
Missing character: There is no 惑 in font [lmroman10-regular]:mapping=tex-text;!
Missing character: There is no ， in font [lmroman10-regular]:mapping=tex-text;!
Missing character: There is no 因 in font [lmroman10-regular]:mapping=tex-text;!
Missing character: There is no 为 in font [lmroman10-regular]:mapping=tex-text;!
Missing character: There is no 不 in font [lmroman10-regular]:mapping=tex-text;!
Missing character: There is no 知 in font [lmroman10-regular]:mapping=tex-text;!
Missing character: There is no 道 in font [lmroman10-regular]:mapping=tex-text;!
Missing character: There is no 如 in font [lmroman10-regular]:mapping=tex-text;!
Missing character: There is no 何 in font [lmroman10-regular]:mapping=tex-text;!
Missing character: There is no 尽 in font [lmroman10-regular]:mapping=tex-text;!
Missing character: There is no 快 in font [lmroman10-regular]:mapping=tex-text;!
Missing character: There is no 学 in font [lmroman10-regular]:mapping=tex-text;!
Missing character: There is no 会 in font [lmroman10-regular]:mapping=tex-text;!
Missing character: There is no 语 in font [lmroman10-regular]:mapping=tex-text;!
Missing character: There is no 法 in font [lmroman10-regular]:mapping=tex-text;!
Missing character: There is no ， in font [lmroman10-regular]:mapping=tex-text;!
Missing character: There is no 跑 in font [lmroman10-regular]:mapping=tex-text;!
Missing character: There is no 通 in font [lmroman10-regular]:mapping=tex-text;!
Missing character: There is no 脚 in font [lmroman10-regular]:mapping=tex-text;!
Missing character: There is no 本 in font [lmroman10-regular]:mapping=tex-text;!
Missing character: There is no 程 in font [lmroman10-regular]:mapping=tex-text;!
Missing character: There is no 序 in font [lmroman10-regular]:mapping=tex-text;!
Missing character: There is no 。 in font [lmroman10-regular]:mapping=tex-text;!
Missing character: There is no 例 in font [lmroman10-regular]:mapping=tex-text;!
Missing character: There is no 如 in font [lmroman10-regular]:mapping=tex-text;!
Missing character: There is no 按 in font [lmroman10-regular]:mapping=tex-text;!
Missing character: There is no 书 in font [lmroman10-regular]:mapping=tex-text;!
Missing character: There is no 本 in font [lmroman10-regular]:mapping=tex-text;!
Missing character: There is no 的 in font [lmroman10-regular]:mapping=tex-text;!
Missing character: There is no 程 in font [lmroman10-regular]:mapping=tex-text;!
Missing character: There is no 序 in font [lmroman10-regular]:mapping=tex-text;!
Missing character: There is no ， in font [lmroman10-regular]:mapping=tex-text;!
Missing character: There is no 有 in font [lmroman10-regular]:mapping=tex-text;!
Missing character: There is no 些 in font [lmroman10-regular]:mapping=tex-text;!
Missing character: There is no 没 in font [lmroman10-regular]:mapping=tex-text;!
Missing character: There is no 说 in font [lmroman10-regular]:mapping=tex-text;!
Missing character: There is no 怎 in font [lmroman10-regular]:mapping=tex-text;!
Missing character: There is no 么 in font [lmroman10-regular]:mapping=tex-text;!
Missing character: There is no 去 in font [lmroman10-regular]:mapping=tex-text;!
Missing character: There is no 改 in font [lmroman10-regular]:mapping=tex-text;!
Missing character: There is no 动 in font [lmroman10-regular]:mapping=tex-text;!
Missing character: There is no 数 in font [lmroman10-regular]:mapping=tex-text;!
Missing character: There is no 据 in font [lmroman10-regular]:mapping=tex-text;!
Missing character: There is no 里 in font [lmroman10-regular]:mapping=tex-text;!
Missing character: There is no 面 in font [lmroman10-regular]:mapping=tex-text;!
Missing character: There is no 的 in font [lmroman10-regular]:mapping=tex-text;!
Missing character: There is no 某 in font [lmroman10-regular]:mapping=tex-text;!
Missing character: There is no 些 in font [lmroman10-regular]:mapping=tex-text;!
Missing character: There is no 非 in font [lmroman10-regular]:mapping=tex-text;!
Missing character: There is no 正 in font [lmroman10-regular]:mapping=tex-text;!
Missing character: There is no 常 in font [lmroman10-regular]:mapping=tex-text;!
Missing character: There is no 数 in font [lmroman10-regular]:mapping=tex-text;!
Missing character: There is no 据 in font [lmroman10-regular]:mapping=tex-text;!
Missing character: There is no ， in font [lmroman10-regular]:mapping=tex-text;!
Missing character: There is no 虽 in font [lmroman10-regular]:mapping=tex-text;!
Missing character: There is no 然 in font [lmroman10-regular]:mapping=tex-text;!
Missing character: There is no 网 in font [lmroman10-regular]:mapping=tex-text;!
Missing character: There is no 上 in font [lmroman10-regular]:mapping=tex-text;!
Missing character: There is no 搜 in font [lmroman10-regular]:mapping=tex-text;!
Missing character: There is no 索 in font [lmroman10-regular]:mapping=tex-text;!
Missing character: There is no 能 in font [lmroman10-regular]:mapping=tex-text;!
Missing character: There is no 找 in font [lmroman10-regular]:mapping=tex-text;!
Missing character: There is no 出 in font [lmroman10-regular]:mapping=tex-text;!
Missing character: There is no 一 in font [lmroman10-regular]:mapping=tex-text;!
Missing character: There is no 些 in font [lmroman10-regular]:mapping=tex-text;!
Missing character: There is no 代 in font [lmroman10-regular]:mapping=tex-text;!
Missing character: There is no 码 in font [lmroman10-regular]:mapping=tex-text;!
Missing character: There is no 举 in font [lmroman10-regular]:mapping=tex-text;!
Missing character: There is no 例 in font [lmroman10-regular]:mapping=tex-text;!
Missing character: There is no ， in font [lmroman10-regular]:mapping=tex-text;!
Missing character: There is no 但 in font [lmroman10-regular]:mapping=tex-text;!
Missing character: There is no 不 in font [lmroman10-regular]:mapping=tex-text;!
Missing character: There is no 是 in font [lmroman10-regular]:mapping=tex-text;!
Missing character: There is no 我 in font [lmroman10-regular]:mapping=tex-text;!
Missing character: There is no 需 in font [lmroman10-regular]:mapping=tex-text;!
Missing character: There is no 要 in font [lmroman10-regular]:mapping=tex-text;!
Missing character: There is no 的 in font [lmroman10-regular]:mapping=tex-text;!
Missing character: There is no 。 in font [lmroman10-regular]:mapping=tex-text;!
Missing character: There is no 不 in font [lmroman10-regular]:mapping=tex-text;!
Missing character: There is no 断 in font [lmroman10-regular]:mapping=tex-text;!
Missing character: There is no 成 in font [lmroman10-regular]:mapping=tex-text;!
Missing character: There is no 熟 in font [lmroman10-regular]:mapping=tex-text;!
Missing character: There is no ， in font [lmroman10-regular]:mapping=tex-text;!
Missing character: There is no 开 in font [lmroman10-regular]:mapping=tex-text;!
Missing character: There is no 始 in font [lmroman10-regular]:mapping=tex-text;!
Missing character: There is no 可 in font [lmroman10-regular]:mapping=tex-text;!
Missing character: There is no 以 in font [lmroman10-regular]:mapping=tex-text;!
Missing character: There is no 降 in font [lmroman10-regular]:mapping=tex-text;!
Missing character: There is no 低 in font [lmroman10-regular]:mapping=tex-text;!
Missing character: There is no 学 in font [lmroman10-regular]:mapping=tex-text;!
Missing character: There is no 习 in font [lmroman10-regular]:mapping=tex-text;!
Missing character: There is no 难 in font [lmroman10-regular]:mapping=tex-text;!
Missing character: There is no 度 in font [lmroman10-regular]:mapping=tex-text;!
Missing character: There is no ， in font [lmroman10-regular]:mapping=tex-text;!
Missing character: There is no 例 in font [lmroman10-regular]:mapping=tex-text;!
Missing character: There is no 如 in font [lmroman10-regular]:mapping=tex-text;!
Missing character: There is no ， in font [lmroman10-regular]:mapping=tex-text;!
Missing character: There is no 我 in font [lmroman10-regular]:mapping=tex-text;!
Missing character: There is no 只 in font [lmroman10-regular]:mapping=tex-text;!
Missing character: There is no 需 in font [lmroman10-regular]:mapping=tex-text;!
Missing character: There is no 要 in font [lmroman10-regular]:mapping=tex-text;!
Missing character: There is no 对 in font [lmroman10-regular]:mapping=tex-text;!
Missing character: There is no 讲 in font [lmroman10-regular]:mapping=tex-text;!
Missing character: There is no 讲 in font [lmroman10-regular]:mapping=tex-text;!
Missing character: There is no 述 in font [lmroman10-regular]:mapping=tex-text;!
Missing character: There is no 以 in font [lmroman10-regular]:mapping=tex-text;!
Missing character: There is no 下 in font [lmroman10-regular]:mapping=tex-text;!
Missing character: There is no 需 in font [lmroman10-regular]:mapping=tex-text;!
Missing character: There is no 求 in font [lmroman10-regular]:mapping=tex-text;!
Missing character: There is no ： in font [lmroman10-regular]:mapping=tex-text;!

Overfull \hbox (39.54001pt too wide) in paragraph at lines 207--216
\TU/lmr/m/n/10 R语言是专门针对数据分析的开源语言，是由全世界的数据工程师一起贡献，并一直在发展。工程师可以针对某类分析需求，写一些分析模型包(
package)，加强语言的数据分析能力，虽然这能让R的能力不断加强，但各个包的格式、参数、配置函数格式都不一样，要学习就很难。 
 []


Overfull \hbox (223.12782pt too wide) in paragraph at lines 207--216
\TU/lmr/m/n/10 但R tidyverse也是依赖少数几位工程师开发出来，资源有限，所以培训材料或者用户手册都很有限。虽然我已经接触R 语言5年了
，但一直没空深入学习，对R的语法、结构一知半解，难以独立写出R脚本。以前我在这方面一直有比较大的困惑，因为不知道如何尽快学会语法，跑通脚本程序。例如按书本的程
序，有些没说怎么去改动数据里面的某些非正常数据，虽然网上搜索能找出一些代码举例，但不是我需要的。 
 []

[2]
Overfull \hbox (7.51006pt too wide) in alignment at lines 219--223
 [] 
 []


Package longtable Warning: Column widths have changed
(longtable)                in table 3 on input line 223.

Missing character: There is no 系 in font [lmroman10-regular]:mapping=tex-text;!
Missing character: There is no 统 in font [lmroman10-regular]:mapping=tex-text;!
Missing character: There is no 就 in font [lmroman10-regular]:mapping=tex-text;!
Missing character: There is no 会 in font [lmroman10-regular]:mapping=tex-text;!
Missing character: There is no 给 in font [lmroman10-regular]:mapping=tex-text;!
Missing character: There is no 出 in font [lmroman10-regular]:mapping=tex-text;!
Missing character: There is no 代 in font [lmroman10-regular]:mapping=tex-text;!
Missing character: There is no 码 in font [lmroman10-regular]:mapping=tex-text;!
Missing character: There is no 例 in font [lmroman10-regular]:mapping=tex-text;!
Missing character: There is no 子 in font [lmroman10-regular]:mapping=tex-text;!
Missing character: There is no 和 in font [lmroman10-regular]:mapping=tex-text;!
Missing character: There is no 原 in font [lmroman10-regular]:mapping=tex-text;!
Missing character: There is no 因 in font [lmroman10-regular]:mapping=tex-text;!
Missing character: There is no 解 in font [lmroman10-regular]:mapping=tex-text;!
Missing character: There is no 释 in font [lmroman10-regular]:mapping=tex-text;!
Missing character: There is no ， in font [lmroman10-regular]:mapping=tex-text;!
Missing character: There is no 比 in font [lmroman10-regular]:mapping=tex-text;!
Missing character: There is no 以 in font [lmroman10-regular]:mapping=tex-text;!
Missing character: There is no 前 in font [lmroman10-regular]:mapping=tex-text;!
Missing character: There is no 在 in font [lmroman10-regular]:mapping=tex-text;!
Missing character: There is no 网 in font [lmroman10-regular]:mapping=tex-text;!
Missing character: There is no 上 in font [lmroman10-regular]:mapping=tex-text;!
Missing character: There is no 搜 in font [lmroman10-regular]:mapping=tex-text;!
Missing character: There is no 索 in font [lmroman10-regular]:mapping=tex-text;!
Missing character: There is no 轻 in font [lmroman10-regular]:mapping=tex-text;!
Missing character: There is no 松 in font [lmroman10-regular]:mapping=tex-text;!
Missing character: There is no 多 in font [lmroman10-regular]:mapping=tex-text;!
Missing character: There is no 了 in font [lmroman10-regular]:mapping=tex-text;!
Missing character: There is no 。 in font [lmroman10-regular]:mapping=tex-text;!
Missing character: There is no 虽 in font [lmroman10-regular]:mapping=tex-text;!
Missing character: There is no 然 in font [lmroman10-regular]:mapping=tex-text;!
Missing character: There is no 如 in font [lmroman10-regular]:mapping=tex-text;!
Missing character: There is no 此 in font [lmroman10-regular]:mapping=tex-text;!
Missing character: There is no ， in font [lmroman10-regular]:mapping=tex-text;!
Missing character: There is no 但 in font [lmroman10-regular]:mapping=tex-text;!
Missing character: There is no 千 in font [lmroman10-regular]:mapping=tex-text;!
Missing character: There is no 万 in font [lmroman10-regular]:mapping=tex-text;!
Missing character: There is no 不 in font [lmroman10-regular]:mapping=tex-text;!
Missing character: There is no 要 in font [lmroman10-regular]:mapping=tex-text;!
Missing character: There is no 误 in font [lmroman10-regular]:mapping=tex-text;!
Missing character: There is no 以 in font [lmroman10-regular]:mapping=tex-text;!
Missing character: There is no 为 in font [lmroman10-regular]:mapping=tex-text;!
Missing character: There is no 就 in font [lmroman10-regular]:mapping=tex-text;!
Missing character: There is no 可 in font [lmroman10-regular]:mapping=tex-text;!
Missing character: There is no 以 in font [lmroman10-regular]:mapping=tex-text;!
Missing character: There is no 代 in font [lmroman10-regular]:mapping=tex-text;!
Missing character: There is no 替 in font [lmroman10-regular]:mapping=tex-text;!
Missing character: There is no 学 in font [lmroman10-regular]:mapping=tex-text;!
Missing character: There is no 习 in font [lmroman10-regular]:mapping=tex-text;!
Missing character: There is no ， in font [lmroman10-regular]:mapping=tex-text;!
Missing character: There is no 还 in font [lmroman10-regular]:mapping=tex-text;!
Missing character: There is no 是 in font [lmroman10-regular]:mapping=tex-text;!
Missing character: There is no 要 in font [lmroman10-regular]:mapping=tex-text;!
Missing character: There is no 知 in font [lmroman10-regular]:mapping=tex-text;!
Missing character: There is no 道 in font [lmroman10-regular]:mapping=tex-text;!
Missing character: There is no 是 in font [lmroman10-regular]:mapping=tex-text;!
Missing character: There is no 其 in font [lmroman10-regular]:mapping=tex-text;!
Missing character: There is no 中 in font [lmroman10-regular]:mapping=tex-text;!
Missing character: There is no 一 in font [lmroman10-regular]:mapping=tex-text;!
Missing character: There is no 种 in font [lmroman10-regular]:mapping=tex-text;!
Missing character: There is no 引 in font [lmroman10-regular]:mapping=tex-text;!
Missing character: There is no 擎 in font [lmroman10-regular]:mapping=tex-text;!
Missing character: There is no ， in font [lmroman10-regular]:mapping=tex-text;!
Missing character: There is no 才 in font [lmroman10-regular]:mapping=tex-text;!
Missing character: There is no 能 in font [lmroman10-regular]:mapping=tex-text;!
Missing character: There is no 得 in font [lmroman10-regular]:mapping=tex-text;!
Missing character: There is no 出 in font [lmroman10-regular]:mapping=tex-text;!
Missing character: There is no 有 in font [lmroman10-regular]:mapping=tex-text;!
Missing character: There is no 用 in font [lmroman10-regular]:mapping=tex-text;!
Missing character: There is no 的 in font [lmroman10-regular]:mapping=tex-text;!
Missing character: There is no 代 in font [lmroman10-regular]:mapping=tex-text;!
Missing character: There is no 码 in font [lmroman10-regular]:mapping=tex-text;!
Missing character: There is no 范 in font [lmroman10-regular]:mapping=tex-text;!
Missing character: There is no 例 in font [lmroman10-regular]:mapping=tex-text;!
Missing character: There is no 。 in font [lmroman10-regular]:mapping=tex-text;!
Missing character: There is no 总 in font [lmroman12-bold]:mapping=tex-text;!
Missing character: There is no 结 in font [lmroman12-bold]:mapping=tex-text;!
Missing character: There is no 听 in font [lmroman10-regular]:mapping=tex-text;!
Missing character: There is no 你 in font [lmroman10-regular]:mapping=tex-text;!
Missing character: There is no 讲 in font [lmroman10-regular]:mapping=tex-text;!
Missing character: There is no 的 in font [lmroman10-regular]:mapping=tex-text;!
Missing character: There is no 过 in font [lmroman10-regular]:mapping=tex-text;!
Missing character: There is no 程 in font [lmroman10-regular]:mapping=tex-text;!
Missing character: There is no 让 in font [lmroman10-regular]:mapping=tex-text;!
Missing character: There is no 我 in font [lmroman10-regular]:mapping=tex-text;!
Missing character: There is no 想 in font [lmroman10-regular]:mapping=tex-text;!
Missing character: There is no 到 in font [lmroman10-regular]:mapping=tex-text;!
Missing character: There is no 以 in font [lmroman10-regular]:mapping=tex-text;!
Missing character: There is no 前 in font [lmroman10-regular]:mapping=tex-text;!
Missing character: There is no 高 in font [lmroman10-regular]:mapping=tex-text;!
Missing character: There is no 中 in font [lmroman10-regular]:mapping=tex-text;!
Missing character: There is no 和 in font [lmroman10-regular]:mapping=tex-text;!
Missing character: There is no 大 in font [lmroman10-regular]:mapping=tex-text;!
Missing character: There is no 一 in font [lmroman10-regular]:mapping=tex-text;!
Missing character: There is no 时 in font [lmroman10-regular]:mapping=tex-text;!
Missing character: There is no ， in font [lmroman10-regular]:mapping=tex-text;!
Missing character: There is no 做 in font [lmroman10-regular]:mapping=tex-text;!
Missing character: There is no 实 in font [lmroman10-regular]:mapping=tex-text;!
Missing character: There is no 验 in font [lmroman10-regular]:mapping=tex-text;!
Missing character: There is no 、 in font [lmroman10-regular]:mapping=tex-text;!
Missing character: There is no 收 in font [lmroman10-regular]:mapping=tex-text;!
Missing character: There is no 集 in font [lmroman10-regular]:mapping=tex-text;!
Missing character: There is no 数 in font [lmroman10-regular]:mapping=tex-text;!
Missing character: There is no 据 in font [lmroman10-regular]:mapping=tex-text;!
Missing character: There is no 、 in font [lmroman10-regular]:mapping=tex-text;!
Missing character: There is no 交 in font [lmroman10-regular]:mapping=tex-text;!
Missing character: There is no 报 in font [lmroman10-regular]:mapping=tex-text;!
Missing character: There is no 告 in font [lmroman10-regular]:mapping=tex-text;!
Missing character: There is no ， in font [lmroman10-regular]:mapping=tex-text;!
Missing character: There is no 觉 in font [lmroman10-regular]:mapping=tex-text;!
Missing character: There is no 得 in font [lmroman10-regular]:mapping=tex-text;!
Missing character: There is no 以 in font [lmroman10-regular]:mapping=tex-text;!
Missing character: There is no 前 in font [lmroman10-regular]:mapping=tex-text;!
Missing character: There is no 学 in font [lmroman10-regular]:mapping=tex-text;!
Missing character: There is no 的 in font [lmroman10-regular]:mapping=tex-text;!
Missing character: There is no 东 in font [lmroman10-regular]:mapping=tex-text;!
Missing character: There is no 西 in font [lmroman10-regular]:mapping=tex-text;!
Missing character: There is no 最 in font [lmroman10-regular]:mapping=tex-text;!
Missing character: There is no 终 in font [lmroman10-regular]:mapping=tex-text;!
Missing character: There is no 有 in font [lmroman10-regular]:mapping=tex-text;!
Missing character: There is no 机 in font [lmroman10-regular]:mapping=tex-text;!
Missing character: There is no 会 in font [lmroman10-regular]:mapping=tex-text;!
Missing character: There is no 用 in font [lmroman10-regular]:mapping=tex-text;!
Missing character: There is no 起 in font [lmroman10-regular]:mapping=tex-text;!
Missing character: There is no 来 in font [lmroman10-regular]:mapping=tex-text;!
Missing character: There is no 了 in font [lmroman10-regular]:mapping=tex-text;!
Missing character: There is no 。 in font [lmroman10-regular]:mapping=tex-text;!
Missing character: There is no 基 in font [lmroman10-regular]:mapping=tex-text;!
Missing character: There is no 于 in font [lmroman10-regular]:mapping=tex-text;!
Missing character: There is no 真 in font [lmroman10-regular]:mapping=tex-text;!
Missing character: There is no 实 in font [lmroman10-regular]:mapping=tex-text;!
Missing character: There is no 数 in font [lmroman10-regular]:mapping=tex-text;!
Missing character: There is no 据 in font [lmroman10-regular]:mapping=tex-text;!
Missing character: There is no 分 in font [lmroman10-regular]:mapping=tex-text;!
Missing character: There is no 析 in font [lmroman10-regular]:mapping=tex-text;!
Missing character: There is no ， in font [lmroman10-regular]:mapping=tex-text;!
Missing character: There is no 找 in font [lmroman10-regular]:mapping=tex-text;!
Missing character: There is no 到 in font [lmroman10-regular]:mapping=tex-text;!
Missing character: There is no 背 in font [lmroman10-regular]:mapping=tex-text;!
Missing character: There is no 后 in font [lmroman10-regular]:mapping=tex-text;!
Missing character: There is no 的 in font [lmroman10-regular]:mapping=tex-text;!
Missing character: There is no 原 in font [lmroman10-regular]:mapping=tex-text;!
Missing character: There is no 理 in font [lmroman10-regular]:mapping=tex-text;!
Missing character: There is no ， in font [lmroman10-regular]:mapping=tex-text;!
Missing character: There is no 这 in font [lmroman10-regular]:mapping=tex-text;!
Missing character: There is no 是 in font [lmroman10-regular]:mapping=tex-text;!
Missing character: There is no 科 in font [lmroman10-regular]:mapping=tex-text;!
Missing character: There is no 学 in font [lmroman10-regular]:mapping=tex-text;!
Missing character: There is no 精 in font [lmroman10-regular]:mapping=tex-text;!
Missing character: There is no 神 in font [lmroman10-regular]:mapping=tex-text;!
Missing character: There is no 。 in font [lmroman10-regular]:mapping=tex-text;!
Missing character: There is no 高 in font [lmroman10-regular]:mapping=tex-text;!
Missing character: There is no 中 in font [lmroman10-regular]:mapping=tex-text;!
Missing character: There is no 、 in font [lmroman10-regular]:mapping=tex-text;!
Missing character: There is no 大 in font [lmroman10-regular]:mapping=tex-text;!
Missing character: There is no 学 in font [lmroman10-regular]:mapping=tex-text;!
Missing character: There is no 短 in font [lmroman10-regular]:mapping=tex-text;!
Missing character: There is no 短 in font [lmroman10-regular]:mapping=tex-text;!
Missing character: There is no 几 in font [lmroman10-regular]:mapping=tex-text;!
Missing character: There is no 年 in font [lmroman10-regular]:mapping=tex-text;!
Missing character: There is no ， in font [lmroman10-regular]:mapping=tex-text;!
Missing character: There is no 时 in font [lmroman10-regular]:mapping=tex-text;!
Missing character: There is no 间 in font [lmroman10-regular]:mapping=tex-text;!
Missing character: There is no 有 in font [lmroman10-regular]:mapping=tex-text;!
Missing character: There is no 限 in font [lmroman10-regular]:mapping=tex-text;!
Missing character: There is no ， in font [lmroman10-regular]:mapping=tex-text;!
Missing character: There is no 更 in font [lmroman10-regular]:mapping=tex-text;!
Missing character: There is no 重 in font [lmroman10-regular]:mapping=tex-text;!
Missing character: There is no 要 in font [lmroman10-regular]:mapping=tex-text;!
Missing character: There is no 是 in font [lmroman10-regular]:mapping=tex-text;!
Missing character: There is no 毕 in font [lmroman10-regular]:mapping=tex-text;!
Missing character: There is no 业 in font [lmroman10-regular]:mapping=tex-text;!
Missing character: There is no 后 in font [lmroman10-regular]:mapping=tex-text;!
Missing character: There is no 能 in font [lmroman10-regular]:mapping=tex-text;!
Missing character: There is no 否 in font [lmroman10-regular]:mapping=tex-text;!
Missing character: There is no 持 in font [lmroman10-regular]:mapping=tex-text;!
Missing character: There is no 续 in font [lmroman10-regular]:mapping=tex-text;!
Missing character: There is no 学 in font [lmroman10-regular]:mapping=tex-text;!
Missing character: There is no 习 in font [lmroman10-regular]:mapping=tex-text;!
Missing character: There is no ， in font [lmroman10-regular]:mapping=tex-text;!
Missing character: There is no 才 in font [lmroman10-regular]:mapping=tex-text;!
Missing character: There is no 能 in font [lmroman10-regular]:mapping=tex-text;!
Missing character: There is no 跟 in font [lmroman10-regular]:mapping=tex-text;!
Missing character: There is no 上 in font [lmroman10-regular]:mapping=tex-text;!
Missing character: There is no 科 in font [lmroman10-regular]:mapping=tex-text;!
Missing character: There is no 技 in font [lmroman10-regular]:mapping=tex-text;!
Missing character: There is no 的 in font [lmroman10-regular]:mapping=tex-text;!
Missing character: There is no 发 in font [lmroman10-regular]:mapping=tex-text;!
Missing character: There is no 展 in font [lmroman10-regular]:mapping=tex-text;!
Missing character: There is no ， in font [lmroman10-regular]:mapping=tex-text;!
Missing character: There is no 不 in font [lmroman10-regular]:mapping=tex-text;!
Missing character: There is no 落 in font [lmroman10-regular]:mapping=tex-text;!
Missing character: There is no 后 in font [lmroman10-regular]:mapping=tex-text;!
Missing character: There is no 。 in font [lmroman10-regular]:mapping=tex-text;!
Missing character: There is no 你 in font [lmroman10-regular]:mapping=tex-text;!
Missing character: There is no 有 in font [lmroman10-regular]:mapping=tex-text;!
Missing character: There is no 兴 in font [lmroman10-regular]:mapping=tex-text;!
Missing character: There is no 趣 in font [lmroman10-regular]:mapping=tex-text;!
Missing character: There is no 吗 in font [lmroman10-regular]:mapping=tex-text;!
Missing character: There is no ？ in font [lmroman10-regular]:mapping=tex-text;!
Missing character: There is no 兴 in font [lmroman10-regular]:mapping=tex-text;!
Missing character: There is no 趣 in font [lmroman10-regular]:mapping=tex-text;!
Missing character: There is no 是 in font [lmroman10-regular]:mapping=tex-text;!
Missing character: There is no 有 in font [lmroman10-regular]:mapping=tex-text;!
Missing character: There is no 的 in font [lmroman10-regular]:mapping=tex-text;!
Missing character: There is no ， in font [lmroman10-regular]:mapping=tex-text;!
Missing character: There is no 我 in font [lmroman10-regular]:mapping=tex-text;!
Missing character: There is no 估 in font [lmroman10-regular]:mapping=tex-text;!
Missing character: There is no 计 in font [lmroman10-regular]:mapping=tex-text;!
Missing character: There is no 我 in font [lmroman10-regular]:mapping=tex-text;!
Missing character: There is no 们 in font [lmroman10-regular]:mapping=tex-text;!
Missing character: There is no 团 in font [lmroman10-regular]:mapping=tex-text;!
Missing character: There is no 队 in font [lmroman10-regular]:mapping=tex-text;!
Missing character: There is no 的 in font [lmroman10-regular]:mapping=tex-text;!
Missing character: There is no 同 in font [lmroman10-regular]:mapping=tex-text;!
Missing character: There is no 伴 in font [lmroman10-regular]:mapping=tex-text;!
Missing character: There is no 也 in font [lmroman10-regular]:mapping=tex-text;!
Missing character: There is no 会 in font [lmroman10-regular]:mapping=tex-text;!
Missing character: There is no 感 in font [lmroman10-regular]:mapping=tex-text;!
Missing character: There is no 兴 in font [lmroman10-regular]:mapping=tex-text;!
Missing character: There is no 趣 in font [lmroman10-regular]:mapping=tex-text;!
Missing character: There is no ， in font [lmroman10-regular]:mapping=tex-text;!
Missing character: There is no 但 in font [lmroman10-regular]:mapping=tex-text;!
Missing character: There is no 问 in font [lmroman10-regular]:mapping=tex-text;!
Missing character: There is no 题 in font [lmroman10-regular]:mapping=tex-text;!
Missing character: There is no 是 in font [lmroman10-regular]:mapping=tex-text;!
Missing character: There is no 数 in font [lmroman10-regular]:mapping=tex-text;!
Missing character: There is no 据 in font [lmroman10-regular]:mapping=tex-text;!
Missing character: There is no 哪 in font [lmroman10-regular]:mapping=tex-text;!
Missing character: There is no 里 in font [lmroman10-regular]:mapping=tex-text;!
Missing character: There is no 来 in font [lmroman10-regular]:mapping=tex-text;!
Missing character: There is no ？ in font [lmroman10-regular]:mapping=tex-text;!
Missing character: There is no 记 in font [lmroman10-regular]:mapping=tex-text;!
Missing character: There is no 得 in font [lmroman10-regular]:mapping=tex-text;!
Missing character: There is no 我 in font [lmroman10-regular]:mapping=tex-text;!
Missing character: There is no 们 in font [lmroman10-regular]:mapping=tex-text;!
Missing character: There is no 前 in font [lmroman10-regular]:mapping=tex-text;!
Missing character: There is no 面 in font [lmroman10-regular]:mapping=tex-text;!
Missing character: There is no 讲 in font [lmroman10-regular]:mapping=tex-text;!
Missing character: There is no 敏 in font [lmroman10-regular]:mapping=tex-text;!
Missing character: There is no 捷 in font [lmroman10-regular]:mapping=tex-text;!
Missing character: There is no 迭 in font [lmroman10-regular]:mapping=tex-text;!
Missing character: There is no 代 in font [lmroman10-regular]:mapping=tex-text;!
Missing character: There is no 回 in font [lmroman10-regular]:mapping=tex-text;!
Missing character: There is no 顾 in font [lmroman10-regular]:mapping=tex-text;!
Missing character: There is no 时 in font [lmroman10-regular]:mapping=tex-text;!
Missing character: There is no ， in font [lmroman10-regular]:mapping=tex-text;!
Missing character: There is no 可 in font [lmroman10-regular]:mapping=tex-text;!
Missing character: There is no 以 in font [lmroman10-regular]:mapping=tex-text;!
Missing character: There is no 收 in font [lmroman10-regular]:mapping=tex-text;!
Missing character: There is no 集 in font [lmroman10-regular]:mapping=tex-text;!
Missing character: There is no 缺 in font [lmroman10-regular]:mapping=tex-text;!
Missing character: There is no 陷 in font [lmroman10-regular]:mapping=tex-text;!
Missing character: There is no 排 in font [lmroman10-regular]:mapping=tex-text;!
Missing character: There is no 除 in font [lmroman10-regular]:mapping=tex-text;!
Missing character: There is no 率 in font [lmroman10-regular]:mapping=tex-text;!
Missing character: There is no 和 in font [lmroman10-regular]:mapping=tex-text;!
Missing character: There is no 返 in font [lmroman10-regular]:mapping=tex-text;!
Missing character: There is no 工 in font [lmroman10-regular]:mapping=tex-text;!
Missing character: There is no 工 in font [lmroman10-regular]:mapping=tex-text;!
Missing character: There is no 作 in font [lmroman10-regular]:mapping=tex-text;!
Missing character: There is no 量 in font [lmroman10-regular]:mapping=tex-text;!
Missing character: There is no 吗 in font [lmroman10-regular]:mapping=tex-text;!
Missing character: There is no ？ in font [lmroman10-regular]:mapping=tex-text;!
Missing character: There is no 然 in font [lmroman10-regular]:mapping=tex-text;!
Missing character: There is no 后 in font [lmroman10-regular]:mapping=tex-text;!
Missing character: There is no 我 in font [lmroman10-regular]:mapping=tex-text;!
Missing character: There is no 们 in font [lmroman10-regular]:mapping=tex-text;!
Missing character: There is no 当 in font [lmroman10-regular]:mapping=tex-text;!
Missing character: There is no 时 in font [lmroman10-regular]:mapping=tex-text;!
Missing character: There is no 介 in font [lmroman10-regular]:mapping=tex-text;!
Missing character: There is no 绍 in font [lmroman10-regular]:mapping=tex-text;!
Missing character: There is no 用 in font [lmroman10-regular]:mapping=tex-text;!
Missing character: There is no 蒙 in font [lmroman10-regular]:mapping=tex-text;!
Missing character: There is no 地 in font [lmroman10-regular]:mapping=tex-text;!
Missing character: There is no 卡 in font [lmroman10-regular]:mapping=tex-text;!
Missing character: There is no 罗 in font [lmroman10-regular]:mapping=tex-text;!
Missing character: There is no 模 in font [lmroman10-regular]:mapping=tex-text;!
Missing character: There is no 型 in font [lmroman10-regular]:mapping=tex-text;!
Missing character: There is no ， in font [lmroman10-regular]:mapping=tex-text;!
Missing character: There is no 模 in font [lmroman10-regular]:mapping=tex-text;!
Missing character: There is no 拟 in font [lmroman10-regular]:mapping=tex-text;!
Missing character: There is no 各 in font [lmroman10-regular]:mapping=tex-text;!
Missing character: There is no 个 in font [lmroman10-regular]:mapping=tex-text;!
Missing character: There is no 过 in font [lmroman10-regular]:mapping=tex-text;!
Missing character: There is no 程 in font [lmroman10-regular]:mapping=tex-text;!
Missing character: There is no 的 in font [lmroman10-regular]:mapping=tex-text;!
Missing character: There is no 缺 in font [lmroman10-regular]:mapping=tex-text;!
Missing character: There is no 陷 in font [lmroman10-regular]:mapping=tex-text;!
Missing character: There is no 范 in font [lmroman10-regular]:mapping=tex-text;!
Missing character: There is no 围 in font [lmroman10-regular]:mapping=tex-text;!
Missing character: There is no 。 in font [lmroman10-regular]:mapping=tex-text;!
Missing character: There is no 蒙 in font [lmroman10-regular]:mapping=tex-text;!
Missing character: There is no 地 in font [lmroman10-regular]:mapping=tex-text;!
Missing character: There is no 卡 in font [lmroman10-regular]:mapping=tex-text;!
Missing character: There is no 罗 in font [lmroman10-regular]:mapping=tex-text;!
Missing character: There is no 模 in font [lmroman10-regular]:mapping=tex-text;!
Missing character: There is no 型 in font [lmroman10-regular]:mapping=tex-text;!
Missing character: There is no 模 in font [lmroman10-regular]:mapping=tex-text;!
Missing character: There is no 拟 in font [lmroman10-regular]:mapping=tex-text;!
Missing character: There is no 过 in font [lmroman10-regular]:mapping=tex-text;!
Missing character: There is no 程 in font [lmroman10-regular]:mapping=tex-text;!
Missing character: There is no ， in font [lmroman10-regular]:mapping=tex-text;!
Missing character: There is no 假 in font [lmroman10-regular]:mapping=tex-text;!
Missing character: There is no 定 in font [lmroman10-regular]:mapping=tex-text;!
Missing character: There is no 变 in font [lmroman10-regular]:mapping=tex-text;!
Missing character: There is no 量 in font [lmroman10-regular]:mapping=tex-text;!
Missing character: There is no 都 in font [lmroman10-regular]:mapping=tex-text;!
Missing character: There is no 是 in font [lmroman10-regular]:mapping=tex-text;!
Missing character: There is no 正 in font [lmroman10-regular]:mapping=tex-text;!
Missing character: There is no 态 in font [lmroman10-regular]:mapping=tex-text;!
Missing character: There is no 分 in font [lmroman10-regular]:mapping=tex-text;!
Missing character: There is no 布 in font [lmroman10-regular]:mapping=tex-text;!
Missing character: There is no ， in font [lmroman10-regular]:mapping=tex-text;!
Missing character: There is no 也 in font [lmroman10-regular]:mapping=tex-text;!
Missing character: There is no 假 in font [lmroman10-regular]:mapping=tex-text;!
Missing character: There is no 定 in font [lmroman10-regular]:mapping=tex-text;!
Missing character: There is no 缺 in font [lmroman10-regular]:mapping=tex-text;!
Missing character: There is no 陷 in font [lmroman10-regular]:mapping=tex-text;!
Missing character: There is no 排 in font [lmroman10-regular]:mapping=tex-text;!
Missing character: There is no 除 in font [lmroman10-regular]:mapping=tex-text;!
Missing character: There is no 率 in font [lmroman10-regular]:mapping=tex-text;!
Missing character: There is no 是 in font [lmroman10-regular]:mapping=tex-text;!
Missing character: There is no 比 in font [lmroman10-regular]:mapping=tex-text;!
Missing character: There is no 较 in font [lmroman10-regular]:mapping=tex-text;!
Missing character: There is no 固 in font [lmroman10-regular]:mapping=tex-text;!
Missing character: There is no 定 in font [lmroman10-regular]:mapping=tex-text;!
Missing character: There is no ， in font [lmroman10-regular]:mapping=tex-text;!
Missing character: There is no 但 in font [lmroman10-regular]:mapping=tex-text;!
Missing character: There is no 其 in font [lmroman10-regular]:mapping=tex-text;!
Missing character: There is no 实 in font [lmroman10-regular]:mapping=tex-text;!
Missing character: There is no 这 in font [lmroman10-regular]:mapping=tex-text;!
Missing character: There is no 些 in font [lmroman10-regular]:mapping=tex-text;!
Missing character: There is no 假 in font [lmroman10-regular]:mapping=tex-text;!
Missing character: There is no 定 in font [lmroman10-regular]:mapping=tex-text;!
Missing character: There is no 都 in font [lmroman10-regular]:mapping=tex-text;!
Missing character: There is no 不 in font [lmroman10-regular]:mapping=tex-text;!
Missing character: There is no 一 in font [lmroman10-regular]:mapping=tex-text;!
Missing character: There is no 定 in font [lmroman10-regular]:mapping=tex-text;!
Missing character: There is no 正 in font [lmroman10-regular]:mapping=tex-text;!
Missing character: There is no 确 in font [lmroman10-regular]:mapping=tex-text;!
Missing character: There is no 。 in font [lmroman10-regular]:mapping=tex-text;!
Missing character: There is no 但 in font [lmroman10-regular]:mapping=tex-text;!
Missing character: There is no 是 in font [lmroman10-regular]:mapping=tex-text;!
Missing character: There is no 我 in font [lmroman10-regular]:mapping=tex-text;!
Missing character: There is no 们 in font [lmroman10-regular]:mapping=tex-text;!
Missing character: There is no 确 in font [lmroman10-regular]:mapping=tex-text;!
Missing character: There is no 实 in font [lmroman10-regular]:mapping=tex-text;!
Missing character: There is no 相 in font [lmroman10-regular]:mapping=tex-text;!
Missing character: There is no 信 in font [lmroman10-regular]:mapping=tex-text;!
Missing character: There is no 这 in font [lmroman10-regular]:mapping=tex-text;!
Missing character: There is no 些 in font [lmroman10-regular]:mapping=tex-text;!
Missing character: There is no 结 in font [lmroman10-regular]:mapping=tex-text;!
Missing character: There is no 果 in font [lmroman10-regular]:mapping=tex-text;!
Missing character: There is no 加 in font [lmroman10-regular]:mapping=tex-text;!
Missing character: There is no 上 in font [lmroman10-regular]:mapping=tex-text;!
Missing character: There is no 一 in font [lmroman10-regular]:mapping=tex-text;!
Missing character: There is no 些 in font [lmroman10-regular]:mapping=tex-text;!
Missing character: There is no 关 in font [lmroman10-regular]:mapping=tex-text;!
Missing character: There is no 键 in font [lmroman10-regular]:mapping=tex-text;!
Missing character: There is no 的 in font [lmroman10-regular]:mapping=tex-text;!
Missing character: There is no 可 in font [lmroman10-regular]:mapping=tex-text;!
Missing character: There is no 控 in font [lmroman10-regular]:mapping=tex-text;!
Missing character: There is no 因 in font [lmroman10-regular]:mapping=tex-text;!
Missing character: There is no 素 in font [lmroman10-regular]:mapping=tex-text;!
Missing character: There is no ， in font [lmroman10-regular]:mapping=tex-text;!
Missing character: There is no 例 in font [lmroman10-regular]:mapping=tex-text;!
Missing character: There is no 如 in font [lmroman10-regular]:mapping=tex-text;!
Missing character: There is no 团 in font [lmroman10-regular]:mapping=tex-text;!
Missing character: There is no 队 in font [lmroman10-regular]:mapping=tex-text;!
Missing character: There is no 的 in font [lmroman10-regular]:mapping=tex-text;!
Missing character: There is no 经 in font [lmroman10-regular]:mapping=tex-text;!
Missing character: There is no 验 in font [lmroman10-regular]:mapping=tex-text;!
Missing character: There is no 或 in font [lmroman10-regular]:mapping=tex-text;!
Missing character: There is no 者 in font [lmroman10-regular]:mapping=tex-text;!
Missing character: There is no 评 in font [lmroman10-regular]:mapping=tex-text;!
Missing character: There is no 审 in font [lmroman10-regular]:mapping=tex-text;!
Missing character: There is no 的 in font [lmroman10-regular]:mapping=tex-text;!
Missing character: There is no 力 in font [lmroman10-regular]:mapping=tex-text;!
Missing character: There is no 度 in font [lmroman10-regular]:mapping=tex-text;!
Missing character: There is no 、 in font [lmroman10-regular]:mapping=tex-text;!
Missing character: There is no 准 in font [lmroman10-regular]:mapping=tex-text;!
Missing character: There is no 备 in font [lmroman10-regular]:mapping=tex-text;!
Missing character: There is no 等 in font [lmroman10-regular]:mapping=tex-text;!
Missing character: There is no 等 in font [lmroman10-regular]:mapping=tex-text;!
Missing character: There is no ， in font [lmroman10-regular]:mapping=tex-text;!
Missing character: There is no 但 in font [lmroman10-regular]:mapping=tex-text;!
Missing character: There is no 会 in font [lmroman10-regular]:mapping=tex-text;!
Missing character: There is no 不 in font [lmroman10-regular]:mapping=tex-text;!
Missing character: There is no 会 in font [lmroman10-regular]:mapping=tex-text;!
Missing character: There is no 有 in font [lmroman10-regular]:mapping=tex-text;!
Missing character: There is no 影 in font [lmroman10-regular]:mapping=tex-text;!
Missing character: There is no 响 in font [lmroman10-regular]:mapping=tex-text;!
Missing character: There is no ， in font [lmroman10-regular]:mapping=tex-text;!
Missing character: There is no 都 in font [lmroman10-regular]:mapping=tex-text;!
Missing character: There is no 可 in font [lmroman10-regular]:mapping=tex-text;!
Missing character: There is no 以 in font [lmroman10-regular]:mapping=tex-text;!
Missing character: There is no 利 in font [lmroman10-regular]:mapping=tex-text;!
Missing character: There is no 用 in font [lmroman10-regular]:mapping=tex-text;!
Missing character: There is no 数 in font [lmroman10-regular]:mapping=tex-text;!
Missing character: There is no 据 in font [lmroman10-regular]:mapping=tex-text;!
Missing character: There is no 来 in font [lmroman10-regular]:mapping=tex-text;!
Missing character: There is no 分 in font [lmroman10-regular]:mapping=tex-text;!
Missing character: There is no 析 in font [lmroman10-regular]:mapping=tex-text;!
Missing character: There is no 。 in font [lmroman10-regular]:mapping=tex-text;!
Missing character: There is no 如 in font [lmroman10-regular]:mapping=tex-text;!
Missing character: There is no 果 in font [lmroman10-regular]:mapping=tex-text;!
Missing character: There is no 你 in font [lmroman10-regular]:mapping=tex-text;!
Missing character: There is no 们 in font [lmroman10-regular]:mapping=tex-text;!
Missing character: There is no 两 in font [lmroman10-regular]:mapping=tex-text;!
Missing character: There is no 周 in font [lmroman10-regular]:mapping=tex-text;!
Missing character: There is no 一 in font [lmroman10-regular]:mapping=tex-text;!
Missing character: There is no 个 in font [lmroman10-regular]:mapping=tex-text;!
Missing character: There is no 迭 in font [lmroman10-regular]:mapping=tex-text;!
Missing character: There is no 代 in font [lmroman10-regular]:mapping=tex-text;!
Missing character: There is no ， in font [lmroman10-regular]:mapping=tex-text;!
Missing character: There is no 总 in font [lmroman10-regular]:mapping=tex-text;!
Missing character: There is no 共 in font [lmroman10-regular]:mapping=tex-text;!
Missing character: There is no 有 in font [lmroman10-regular]:mapping=tex-text;!
Missing character: There is no 五 in font [lmroman10-regular]:mapping=tex-text;!
Missing character: There is no 个 in font [lmroman10-regular]:mapping=tex-text;!
Missing character: There is no 团 in font [lmroman10-regular]:mapping=tex-text;!
Missing character: There is no 队 in font [lmroman10-regular]:mapping=tex-text;!
Missing character: There is no ， in font [lmroman10-regular]:mapping=tex-text;!
Missing character: There is no 半 in font [lmroman10-regular]:mapping=tex-text;!
Missing character: There is no 年 in font [lmroman10-regular]:mapping=tex-text;!
Missing character: There is no 就 in font [lmroman10-regular]:mapping=tex-text;!
Missing character: There is no 有 in font [lmroman10-regular]:mapping=tex-text;!
Missing character: There is no 套 in font [lmroman10-regular]:mapping=tex-text;!
Missing character: There is no 数 in font [lmroman10-regular]:mapping=tex-text;!
Missing character: There is no 据 in font [lmroman10-regular]:mapping=tex-text;!
Missing character: There is no 。 in font [lmroman10-regular]:mapping=tex-text;!
Missing character: There is no 然 in font [lmroman10-regular]:mapping=tex-text;!
Missing character: There is no 后 in font [lmroman10-regular]:mapping=tex-text;!
Missing character: There is no 针 in font [lmroman10-regular]:mapping=tex-text;!
Missing character: There is no 对 in font [lmroman10-regular]:mapping=tex-text;!
Missing character: There is no 你 in font [lmroman10-regular]:mapping=tex-text;!
Missing character: There is no 们 in font [lmroman10-regular]:mapping=tex-text;!
Missing character: There is no 预 in font [lmroman10-regular]:mapping=tex-text;!
Missing character: There is no 期 in font [lmroman10-regular]:mapping=tex-text;!
Missing character: There is no 的 in font [lmroman10-regular]:mapping=tex-text;!
Missing character: There is no 目 in font [lmroman10-regular]:mapping=tex-text;!
Missing character: There is no 标 in font [lmroman10-regular]:mapping=tex-text;!
Missing character: There is no 用 in font [lmroman10-regular]:mapping=tex-text;!
Missing character: There is no 这 in font [lmroman10-regular]:mapping=tex-text;!
Missing character: There is no 些 in font [lmroman10-regular]:mapping=tex-text;!
Missing character: There is no 方 in font [lmroman10-regular]:mapping=tex-text;!
Missing character: There is no 式 in font [lmroman10-regular]:mapping=tex-text;!
Missing character: There is no 去 in font [lmroman10-regular]:mapping=tex-text;!
Missing character: There is no 分 in font [lmroman10-regular]:mapping=tex-text;!
Missing character: There is no 析 in font [lmroman10-regular]:mapping=tex-text;!
Missing character: There is no ， in font [lmroman10-regular]:mapping=tex-text;!
Missing character: There is no 便 in font [lmroman10-regular]:mapping=tex-text;!
Missing character: There is no 可 in font [lmroman10-regular]:mapping=tex-text;!
Missing character: There is no 以 in font [lmroman10-regular]:mapping=tex-text;!
Missing character: There is no 开 in font [lmroman10-regular]:mapping=tex-text;!
Missing character: There is no 始 in font [lmroman10-regular]:mapping=tex-text;!
Missing character: There is no 建 in font [lmroman10-regular]:mapping=tex-text;!
Missing character: There is no 立 in font [lmroman10-regular]:mapping=tex-text;!
Missing character: There is no 你 in font [lmroman10-regular]:mapping=tex-text;!
Missing character: There is no 们 in font [lmroman10-regular]:mapping=tex-text;!
Missing character: There is no 自 in font [lmroman10-regular]:mapping=tex-text;!
Missing character: There is no 己 in font [lmroman10-regular]:mapping=tex-text;!
Missing character: There is no 的 in font [lmroman10-regular]:mapping=tex-text;!
Missing character: There is no 预 in font [lmroman10-regular]:mapping=tex-text;!
Missing character: There is no 测 in font [lmroman10-regular]:mapping=tex-text;!
Missing character: There is no 模 in font [lmroman10-regular]:mapping=tex-text;!
Missing character: There is no 型 in font [lmroman10-regular]:mapping=tex-text;!
Missing character: There is no 了 in font [lmroman10-regular]:mapping=tex-text;!
Missing character: There is no 。 in font [lmroman10-regular]:mapping=tex-text;!
Missing character: There is no 而 in font [lmroman10-regular]:mapping=tex-text;!
Missing character: There is no 且 in font [lmroman10-regular]:mapping=tex-text;!
Missing character: There is no 加 in font [lmroman10-regular]:mapping=tex-text;!
Missing character: There is no 上 in font [lmroman10-regular]:mapping=tex-text;!
Missing character: There is no 人 in font [lmroman10-regular]:mapping=tex-text;!
Missing character: There is no 工 in font [lmroman10-regular]:mapping=tex-text;!
Missing character: There is no 智 in font [lmroman10-regular]:mapping=tex-text;!
Missing character: There is no 能 in font [lmroman10-regular]:mapping=tex-text;!
Missing character: There is no 的 in font [lmroman10-regular]:mapping=tex-text;!
Missing character: There is no 辅 in font [lmroman10-regular]:mapping=tex-text;!
Missing character: There is no 助 in font [lmroman10-regular]:mapping=tex-text;!
Missing character: There is no ， in font [lmroman10-regular]:mapping=tex-text;!
Missing character: There is no 就 in font [lmroman10-regular]:mapping=tex-text;!
Missing character: There is no 不 in font [lmroman10-regular]:mapping=tex-text;!
Missing character: There is no 用 in font [lmroman10-regular]:mapping=tex-text;!
Missing character: There is no 花 in font [lmroman10-regular]:mapping=tex-text;!
Missing character: There is no 大 in font [lmroman10-regular]:mapping=tex-text;!
Missing character: There is no 量 in font [lmroman10-regular]:mapping=tex-text;!
Missing character: There is no 时 in font [lmroman10-regular]:mapping=tex-text;!
Missing character: There is no 间 in font [lmroman10-regular]:mapping=tex-text;!
Missing character: There is no 去 in font [lmroman10-regular]:mapping=tex-text;!
Missing character: There is no 处 in font [lmroman10-regular]:mapping=tex-text;!
Missing character: There is no 理 in font [lmroman10-regular]:mapping=tex-text;!
Missing character: There is no 那 in font [lmroman10-regular]:mapping=tex-text;!
Missing character: There is no 些 in font [lmroman10-regular]:mapping=tex-text;!
Missing character: There is no 语 in font [lmroman10-regular]:mapping=tex-text;!
Missing character: There is no 言 in font [lmroman10-regular]:mapping=tex-text;!
Missing character: There is no 的 in font [lmroman10-regular]:mapping=tex-text;!
Missing character: There is no 格 in font [lmroman10-regular]:mapping=tex-text;!
Missing character: There is no 式 in font [lmroman10-regular]:mapping=tex-text;!
Missing character: There is no ， in font [lmroman10-regular]:mapping=tex-text;!
Missing character: There is no 依 in font [lmroman10-regular]:mapping=tex-text;!
Missing character: There is no 据 in font [lmroman10-regular]:mapping=tex-text;!
Missing character: There is no 要 in font [lmroman10-regular]:mapping=tex-text;!
Missing character: There is no 求 in font [lmroman10-regular]:mapping=tex-text;!
Missing character: There is no 可 in font [lmroman10-regular]:mapping=tex-text;!
Missing character: There is no 以 in font [lmroman10-regular]:mapping=tex-text;!
Missing character: There is no 快 in font [lmroman10-regular]:mapping=tex-text;!
Missing character: There is no 速 in font [lmroman10-regular]:mapping=tex-text;!
Missing character: There is no 给 in font [lmroman10-regular]:mapping=tex-text;!
Missing character: There is no 你 in font [lmroman10-regular]:mapping=tex-text;!
Missing character: There is no 出 in font [lmroman10-regular]:mapping=tex-text;!
Missing character: There is no 一 in font [lmroman10-regular]:mapping=tex-text;!
Missing character: There is no 段 in font [lmroman10-regular]:mapping=tex-text;!
Missing character: There is no 可 in font [lmroman10-regular]:mapping=tex-text;!
Missing character: There is no 以 in font [lmroman10-regular]:mapping=tex-text;!
Missing character: There is no 使 in font [lmroman10-regular]:mapping=tex-text;!
Missing character: There is no 用 in font [lmroman10-regular]:mapping=tex-text;!
Missing character: There is no 的 in font [lmroman10-regular]:mapping=tex-text;!
Missing character: There is no 代 in font [lmroman10-regular]:mapping=tex-text;!
Missing character: There is no 码 in font [lmroman10-regular]:mapping=tex-text;!
Missing character: There is no 脚 in font [lmroman10-regular]:mapping=tex-text;!
Missing character: There is no 本 in font [lmroman10-regular]:mapping=tex-text;!
Missing character: There is no 。 in font [lmroman10-regular]:mapping=tex-text;!
Missing character: There is no 如 in font [lmroman10-regular]:mapping=tex-text;!
Missing character: There is no 果 in font [lmroman10-regular]:mapping=tex-text;!
Missing character: There is no 预 in font [lmroman10-regular]:mapping=tex-text;!
Missing character: There is no 测 in font [lmroman10-regular]:mapping=tex-text;!
Missing character: There is no 变 in font [lmroman10-regular]:mapping=tex-text;!
Missing character: There is no 量 in font [lmroman10-regular]:mapping=tex-text;!
Missing character: There is no 是 in font [lmroman10-regular]:mapping=tex-text;!
Missing character: There is no 连 in font [lmroman10-regular]:mapping=tex-text;!
Missing character: There is no 续 in font [lmroman10-regular]:mapping=tex-text;!
Missing character: There is no 数 in font [lmroman10-regular]:mapping=tex-text;!
Missing character: There is no 据 in font [lmroman10-regular]:mapping=tex-text;!
Missing character: There is no （ in font [lmroman10-regular]:mapping=tex-text;!
Missing character: There is no 如 in font [lmroman10-regular]:mapping=tex-text;!
Missing character: There is no 工 in font [lmroman10-regular]:mapping=tex-text;!
Missing character: There is no 作 in font [lmroman10-regular]:mapping=tex-text;!
Missing character: There is no 量 in font [lmroman10-regular]:mapping=tex-text;!
Missing character: There is no 、 in font [lmroman10-regular]:mapping=tex-text;!
Missing character: There is no 缺 in font [lmroman10-regular]:mapping=tex-text;!
Missing character: There is no 陷 in font [lmroman10-regular]:mapping=tex-text;!
Missing character: There is no 密 in font [lmroman10-regular]:mapping=tex-text;!
Missing character: There is no 度 in font [lmroman10-regular]:mapping=tex-text;!
Missing character: There is no 等 in font [lmroman10-regular]:mapping=tex-text;!
Missing character: There is no ） in font [lmroman10-regular]:mapping=tex-text;!
Missing character: There is no ， in font [lmroman10-regular]:mapping=tex-text;!
Missing character: There is no 变 in font [lmroman10-regular]:mapping=tex-text;!
Missing character: There is no 量 in font [lmroman10-regular]:mapping=tex-text;!
Missing character: There is no 也 in font [lmroman10-regular]:mapping=tex-text;!
Missing character: There is no 是 in font [lmroman10-regular]:mapping=tex-text;!
Missing character: There is no 连 in font [lmroman10-regular]:mapping=tex-text;!
Missing character: There is no 续 in font [lmroman10-regular]:mapping=tex-text;!
Missing character: There is no 数 in font [lmroman10-regular]:mapping=tex-text;!
Missing character: There is no 据 in font [lmroman10-regular]:mapping=tex-text;!
Missing character: There is no ， in font [lmroman10-regular]:mapping=tex-text;!
Missing character: There is no 可 in font [lmroman10-regular]:mapping=tex-text;!
Missing character: There is no 以 in font [lmroman10-regular]:mapping=tex-text;!
Missing character: There is no 直 in font [lmroman10-regular]:mapping=tex-text;!
Missing character: There is no 接 in font [lmroman10-regular]:mapping=tex-text;!
Missing character: There is no 使 in font [lmroman10-regular]:mapping=tex-text;!
Missing character: There is no 用 in font [lmroman10-regular]:mapping=tex-text;!
Missing character: There is no 这 in font [lmroman10-regular]:mapping=tex-text;!
Missing character: There is no 刚 in font [lmroman10-regular]:mapping=tex-text;!
Missing character: There is no 才 in font [lmroman10-regular]:mapping=tex-text;!
Missing character: There is no 演 in font [lmroman10-regular]:mapping=tex-text;!
Missing character: There is no 示 in font [lmroman10-regular]:mapping=tex-text;!
Missing character: There is no 的 in font [lmroman10-regular]:mapping=tex-text;!
Missing character: There is no 程 in font [lmroman10-regular]:mapping=tex-text;!
Missing character: There is no 序 in font [lmroman10-regular]:mapping=tex-text;!
Missing character: There is no （ in font [lmroman10-regular]:mapping=tex-text;!
Missing character: There is no 如 in font [lmroman10-regular]:mapping=tex-text;!
Missing character: There is no 果 in font [lmroman10-regular]:mapping=tex-text;!
Missing character: There is no 有 in font [lmroman10-regular]:mapping=tex-text;!
Missing character: There is no 分 in font [lmroman10-regular]:mapping=tex-text;!
Missing character: There is no 类 in font [lmroman10-regular]:mapping=tex-text;!
Missing character: There is no 数 in font [lmroman10-regular]:mapping=tex-text;!
Missing character: There is no 据 in font [lmroman10-regular]:mapping=tex-text;!
Missing character: There is no ， in font [lmroman10-regular]:mapping=tex-text;!
Missing character: There is no 可 in font [lmroman10-regular]:mapping=tex-text;!
Missing character: There is no 以 in font [lmroman10-regular]:mapping=tex-text;!
Missing character: There is no 使 in font [lmroman10-regular]:mapping=tex-text;!
Missing character: There is no 用 in font [lmroman10-regular]:mapping=tex-text;!
Missing character: There is no 哑 in font [lmroman10-regular]:mapping=tex-text;!
Missing character: There is no 变 in font [lmroman10-regular]:mapping=tex-text;!
Missing character: There is no 量 in font [lmroman10-regular]:mapping=tex-text;!
Missing character: There is no ， in font [lmroman10-regular]:mapping=tex-text;!
Missing character: There is no 如 in font [lmroman10-regular]:mapping=tex-text;!
Missing character: There is no 前 in font [lmroman10-regular]:mapping=tex-text;!
Missing character: There is no 面 in font [lmroman10-regular]:mapping=tex-text;!
Missing character: There is no 语 in font [lmroman10-regular]:mapping=tex-text;!
Missing character: There is no 言 in font [lmroman10-regular]:mapping=tex-text;!
Missing character: There is no 分 in font [lmroman10-regular]:mapping=tex-text;!
Missing character: There is no 类 in font [lmroman10-regular]:mapping=tex-text;!
Missing character: There is no ） in font [lmroman10-regular]:mapping=tex-text;!
Missing character: There is no 来 in font [lmroman10-regular]:mapping=tex-text;!
Missing character: There is no 分 in font [lmroman10-regular]:mapping=tex-text;!
Missing character: There is no 析 in font [lmroman10-regular]:mapping=tex-text;!
Missing character: There is no 自 in font [lmroman10-regular]:mapping=tex-text;!
Missing character: There is no 己 in font [lmroman10-regular]:mapping=tex-text;!
Missing character: There is no 团 in font [lmroman10-regular]:mapping=tex-text;!
Missing character: There is no 队 in font [lmroman10-regular]:mapping=tex-text;!
Missing character: There is no 的 in font [lmroman10-regular]:mapping=tex-text;!
Missing character: There is no 数 in font [lmroman10-regular]:mapping=tex-text;!
Missing character: There is no 据 in font [lmroman10-regular]:mapping=tex-text;!
Missing character: There is no 。 in font [lmroman10-regular]:mapping=tex-text;!
Missing character: There is no 但 in font [lmroman10-regular]:mapping=tex-text;!
Missing character: There is no 我 in font [lmroman10-regular]:mapping=tex-text;!
Missing character: There is no 们 in font [lmroman10-regular]:mapping=tex-text;!
Missing character: There is no 项 in font [lmroman10-regular]:mapping=tex-text;!
Missing character: There is no 目 in font [lmroman10-regular]:mapping=tex-text;!
Missing character: There is no 都 in font [lmroman10-regular]:mapping=tex-text;!
Missing character: There is no 很 in font [lmroman10-regular]:mapping=tex-text;!
Missing character: There is no 忙 in font [lmroman10-regular]:mapping=tex-text;!
Missing character: There is no ， in font [lmroman10-regular]:mapping=tex-text;!
Missing character: There is no 哪 in font [lmroman10-regular]:mapping=tex-text;!
Missing character: There is no 里 in font [lmroman10-regular]:mapping=tex-text;!
Missing character: There is no 抽 in font [lmroman10-regular]:mapping=tex-text;!
Missing character: There is no 得 in font [lmroman10-regular]:mapping=tex-text;!
Missing character: There is no 出 in font [lmroman10-regular]:mapping=tex-text;!
Missing character: There is no 时 in font [lmroman10-regular]:mapping=tex-text;!
Missing character: There is no 间 in font [lmroman10-regular]:mapping=tex-text;!
Missing character: There is no 做 in font [lmroman10-regular]:mapping=tex-text;!
Missing character: There is no 这 in font [lmroman10-regular]:mapping=tex-text;!
Missing character: There is no 些 in font [lmroman10-regular]:mapping=tex-text;!
Missing character: There is no 研 in font [lmroman10-regular]:mapping=tex-text;!
Missing character: There is no 究 in font [lmroman10-regular]:mapping=tex-text;!
Missing character: There is no 分 in font [lmroman10-regular]:mapping=tex-text;!
Missing character: There is no 析 in font [lmroman10-regular]:mapping=tex-text;!
Missing character: There is no 。 in font [lmroman10-regular]:mapping=tex-text;!
Missing character: There is no 我 in font [lmroman10-regular]:mapping=tex-text;!
Missing character: There is no 沉 in font [lmroman10-regular]:mapping=tex-text;!
Missing character: There is no 默 in font [lmroman10-regular]:mapping=tex-text;!
Missing character: There is no 了 in font [lmroman10-regular]:mapping=tex-text;!
Missing character: There is no 一 in font [lmroman10-regular]:mapping=tex-text;!
Missing character: There is no 会 in font [lmroman10-regular]:mapping=tex-text;!
Missing character: There is no ， in font [lmroman10-regular]:mapping=tex-text;!
Missing character: There is no 然 in font [lmroman10-regular]:mapping=tex-text;!
Missing character: There is no 后 in font [lmroman10-regular]:mapping=tex-text;!
Missing character: There is no 面 in font [lmroman10-regular]:mapping=tex-text;!
Missing character: There is no 带 in font [lmroman10-regular]:mapping=tex-text;!
Missing character: There is no 微 in font [lmroman10-regular]:mapping=tex-text;!
Missing character: There is no 笑 in font [lmroman10-regular]:mapping=tex-text;!
Missing character: There is no 与 in font [lmroman10-regular]:mapping=tex-text;!
Missing character: There is no 他 in font [lmroman10-regular]:mapping=tex-text;!
Missing character: There is no 继 in font [lmroman10-regular]:mapping=tex-text;!
Missing character: There is no 续 in font [lmroman10-regular]:mapping=tex-text;!
Missing character: There is no 说 in font [lmroman10-regular]:mapping=tex-text;!
Missing character: There is no ： in font [lmroman10-regular]:mapping=tex-text;!
Missing character: There is no 千 in font [lmroman10-regular]:mapping=tex-text;!
Missing character: There is no 万 in font [lmroman10-regular]:mapping=tex-text;!
Missing character: There is no 不 in font [lmroman10-regular]:mapping=tex-text;!
Missing character: There is no 要 in font [lmroman10-regular]:mapping=tex-text;!
Missing character: There is no 误 in font [lmroman10-regular]:mapping=tex-text;!
Missing character: There is no 以 in font [lmroman10-regular]:mapping=tex-text;!
Missing character: There is no 为 in font [lmroman10-regular]:mapping=tex-text;!
Missing character: There is no 自 in font [lmroman10-regular]:mapping=tex-text;!
Missing character: There is no 己 in font [lmroman10-regular]:mapping=tex-text;!
Missing character: There is no 每 in font [lmroman10-regular]:mapping=tex-text;!
Missing character: There is no 天 in font [lmroman10-regular]:mapping=tex-text;!
Missing character: There is no 工 in font [lmroman10-regular]:mapping=tex-text;!
Missing character: There is no 作 in font [lmroman10-regular]:mapping=tex-text;!
Missing character: There is no 很 in font [lmroman10-regular]:mapping=tex-text;!
Missing character: There is no 忙 in font [lmroman10-regular]:mapping=tex-text;!
Missing character: There is no ， in font [lmroman10-regular]:mapping=tex-text;!
Missing character: There is no 都 in font [lmroman10-regular]:mapping=tex-text;!
Missing character: There is no 已 in font [lmroman10-regular]:mapping=tex-text;!
Missing character: There is no 经 in font [lmroman10-regular]:mapping=tex-text;!
Missing character: There is no 饱 in font [lmroman10-regular]:mapping=tex-text;!
Missing character: There is no 满 in font [lmroman10-regular]:mapping=tex-text;!
Missing character: There is no 。 in font [lmroman10-regular]:mapping=tex-text;!
Missing character: There is no 还 in font [lmroman10-regular]:mapping=tex-text;!
Missing character: There is no 记 in font [lmroman10-regular]:mapping=tex-text;!
Missing character: There is no 得 in font [lmroman10-regular]:mapping=tex-text;!
Missing character: There is no 我 in font [lmroman10-regular]:mapping=tex-text;!
Missing character: There is no 们 in font [lmroman10-regular]:mapping=tex-text;!
Missing character: There is no 说 in font [lmroman10-regular]:mapping=tex-text;!
Missing character: There is no 过 in font [lmroman10-regular]:mapping=tex-text;!
Missing character: There is no 软 in font [lmroman10-regular]:mapping=tex-text;!
Missing character: There is no 件 in font [lmroman10-regular]:mapping=tex-text;!
Missing character: There is no 开 in font [lmroman10-regular]:mapping=tex-text;!
Missing character: There is no 发 in font [lmroman10-regular]:mapping=tex-text;!
Missing character: There is no 中 in font [lmroman10-regular]:mapping=tex-text;!
Missing character: There is no 有 in font [lmroman10-regular]:mapping=tex-text;!
Missing character: There is no 很 in font [lmroman10-regular]:mapping=tex-text;!
Missing character: There is no 多 in font [lmroman10-regular]:mapping=tex-text;!
Missing character: There is no 浪 in font [lmroman10-regular]:mapping=tex-text;!
Missing character: There is no 费 in font [lmroman10-regular]:mapping=tex-text;!
Missing character: There is no ， in font [lmroman10-regular]:mapping=tex-text;!
Missing character: There is no 可 in font [lmroman10-regular]:mapping=tex-text;!
Missing character: There is no 以 in font [lmroman10-regular]:mapping=tex-text;!
Missing character: There is no 优 in font [lmroman10-regular]:mapping=tex-text;!
Missing character: There is no 化 in font [lmroman10-regular]:mapping=tex-text;!
Missing character: There is no 节 in font [lmroman10-regular]:mapping=tex-text;!
Missing character: There is no 省 in font [lmroman10-regular]:mapping=tex-text;!
Missing character: There is no ； in font [lmroman10-regular]:mapping=tex-text;!
Missing character: There is no 例 in font [lmroman10-regular]:mapping=tex-text;!
Missing character: There is no 如 in font [lmroman10-regular]:mapping=tex-text;!
Missing character: There is no 团 in font [lmroman10-regular]:mapping=tex-text;!
Missing character: There is no 队 in font [lmroman10-regular]:mapping=tex-text;!
Missing character: There is no 最 in font [lmroman10-regular]:mapping=tex-text;!
Missing character: There is no 大 in font [lmroman10-regular]:mapping=tex-text;!
Missing character: There is no 的 in font [lmroman10-regular]:mapping=tex-text;!
Missing character: There is no 工 in font [lmroman10-regular]:mapping=tex-text;!
Missing character: There is no 作 in font [lmroman10-regular]:mapping=tex-text;!
Missing character: There is no 量 in font [lmroman10-regular]:mapping=tex-text;!
Missing character: There is no （ in font [lmroman10-regular]:mapping=tex-text;!
Missing character: There is no 成 in font [lmroman10-regular]:mapping=tex-text;!
Missing character: There is no 本 in font [lmroman10-regular]:mapping=tex-text;!
Missing character: There is no ） in font [lmroman10-regular]:mapping=tex-text;!
Missing character: There is no ， in font [lmroman10-regular]:mapping=tex-text;!
Missing character: There is no 是 in font [lmroman10-regular]:mapping=tex-text;!
Missing character: There is no 花 in font [lmroman10-regular]:mapping=tex-text;!
Missing character: There is no 在 in font [lmroman10-regular]:mapping=tex-text;!
Missing character: There is no 不 in font [lmroman10-regular]:mapping=tex-text;!
Missing character: There is no 断 in font [lmroman10-regular]:mapping=tex-text;!
Missing character: There is no 返 in font [lmroman10-regular]:mapping=tex-text;!
Missing character: There is no 工 in font [lmroman10-regular]:mapping=tex-text;!
Missing character: There is no 、 in font [lmroman10-regular]:mapping=tex-text;!
Missing character: There is no 修 in font [lmroman10-regular]:mapping=tex-text;!
Missing character: There is no 改 in font [lmroman10-regular]:mapping=tex-text;!
Missing character: There is no 后 in font [lmroman10-regular]:mapping=tex-text;!
Missing character: There is no 面 in font [lmroman10-regular]:mapping=tex-text;!
Missing character: There is no 才 in font [lmroman10-regular]:mapping=tex-text;!
Missing character: There is no 发 in font [lmroman10-regular]:mapping=tex-text;!
Missing character: There is no 现 in font [lmroman10-regular]:mapping=tex-text;!
Missing character: There is no 的 in font [lmroman10-regular]:mapping=tex-text;!
Missing character: There is no 。 in font [lmroman10-regular]:mapping=tex-text;!
Missing character: There is no 但 in font [lmroman10-regular]:mapping=tex-text;!
Missing character: There is no 如 in font [lmroman10-regular]:mapping=tex-text;!
Missing character: There is no 果 in font [lmroman10-regular]:mapping=tex-text;!
Missing character: There is no 团 in font [lmroman10-regular]:mapping=tex-text;!
Missing character: There is no 队 in font [lmroman10-regular]:mapping=tex-text;!
Missing character: There is no 抽 in font [lmroman10-regular]:mapping=tex-text;!
Missing character: There is no 时 in font [lmroman10-regular]:mapping=tex-text;!
Missing character: There is no 间 in font [lmroman10-regular]:mapping=tex-text;!
Missing character: There is no 做 in font [lmroman10-regular]:mapping=tex-text;!
Missing character: There is no 好 in font [lmroman10-regular]:mapping=tex-text;!
Missing character: There is no 每 in font [lmroman10-regular]:mapping=tex-text;!
Missing character: There is no 个 in font [lmroman10-regular]:mapping=tex-text;!
Missing character: There is no 迭 in font [lmroman10-regular]:mapping=tex-text;!
Missing character: There is no 代 in font [lmroman10-regular]:mapping=tex-text;!
Missing character: There is no 回 in font [lmroman10-regular]:mapping=tex-text;!
Missing character: There is no 顾 in font [lmroman10-regular]:mapping=tex-text;!
Missing character: There is no 、 in font [lmroman10-regular]:mapping=tex-text;!
Missing character: There is no 分 in font [lmroman10-regular]:mapping=tex-text;!
Missing character: There is no 析 in font [lmroman10-regular]:mapping=tex-text;!
Missing character: There is no 数 in font [lmroman10-regular]:mapping=tex-text;!
Missing character: There is no 据 in font [lmroman10-regular]:mapping=tex-text;!
Missing character: There is no ， in font [lmroman10-regular]:mapping=tex-text;!
Missing character: There is no 在 in font [lmroman10-regular]:mapping=tex-text;!
Missing character: There is no 下 in font [lmroman10-regular]:mapping=tex-text;!
Missing character: There is no 一 in font [lmroman10-regular]:mapping=tex-text;!
Missing character: There is no 个 in font [lmroman10-regular]:mapping=tex-text;!
Missing character: There is no 迭 in font [lmroman10-regular]:mapping=tex-text;!
Missing character: There is no 代 in font [lmroman10-regular]:mapping=tex-text;!
Missing character: There is no 完 in font [lmroman10-regular]:mapping=tex-text;!
Missing character: There is no 善 in font [lmroman10-regular]:mapping=tex-text;!
Missing character: There is no ， in font [lmroman10-regular]:mapping=tex-text;!
Missing character: There is no 就 in font [lmroman10-regular]:mapping=tex-text;!
Missing character: There is no 可 in font [lmroman10-regular]:mapping=tex-text;!
Missing character: There is no 以 in font [lmroman10-regular]:mapping=tex-text;!
Missing character: There is no 节 in font [lmroman10-regular]:mapping=tex-text;!
Missing character: There is no 省 in font [lmroman10-regular]:mapping=tex-text;!
Missing character: There is no 时 in font [lmroman10-regular]:mapping=tex-text;!
Missing character: There is no 间 in font [lmroman10-regular]:mapping=tex-text;!
Missing character: There is no 。 in font [lmroman10-regular]:mapping=tex-text;!
Missing character: There is no 如 in font [lmroman10-regular]:mapping=tex-text;!
Missing character: There is no 果 in font [lmroman10-regular]:mapping=tex-text;!
Missing character: There is no 你 in font [lmroman10-regular]:mapping=tex-text;!
Missing character: There is no 们 in font [lmroman10-regular]:mapping=tex-text;!
Missing character: There is no 领 in font [lmroman10-regular]:mapping=tex-text;!
Missing character: There is no 导 in font [lmroman10-regular]:mapping=tex-text;!
Missing character: There is no 了 in font [lmroman10-regular]:mapping=tex-text;!
Missing character: There is no 解 in font [lmroman10-regular]:mapping=tex-text;!
Missing character: There is no 你 in font [lmroman10-regular]:mapping=tex-text;!
Missing character: There is no 们 in font [lmroman10-regular]:mapping=tex-text;!
Missing character: There is no 花 in font [lmroman10-regular]:mapping=tex-text;!
Missing character: There is no 时 in font [lmroman10-regular]:mapping=tex-text;!
Missing character: There is no 间 in font [lmroman10-regular]:mapping=tex-text;!
Missing character: There is no 做 in font [lmroman10-regular]:mapping=tex-text;!
Missing character: There is no 迭 in font [lmroman10-regular]:mapping=tex-text;!
Missing character: There is no 代 in font [lmroman10-regular]:mapping=tex-text;!
Missing character: There is no 回 in font [lmroman10-regular]:mapping=tex-text;!
Missing character: There is no 顾 in font [lmroman10-regular]:mapping=tex-text;!
Missing character: There is no 能 in font [lmroman10-regular]:mapping=tex-text;!
Missing character: There is no 最 in font [lmroman10-regular]:mapping=tex-text;!
Missing character: There is no 终 in font [lmroman10-regular]:mapping=tex-text;!
Missing character: There is no 提 in font [lmroman10-regular]:mapping=tex-text;!
Missing character: There is no 高 in font [lmroman10-regular]:mapping=tex-text;!
Missing character: There is no 团 in font [lmroman10-regular]:mapping=tex-text;!
Missing character: There is no 队 in font [lmroman10-regular]:mapping=tex-text;!
Missing character: There is no 效 in font [lmroman10-regular]:mapping=tex-text;!
Missing character: There is no 率 in font [lmroman10-regular]:mapping=tex-text;!
Missing character: There is no ， in font [lmroman10-regular]:mapping=tex-text;!
Missing character: There is no 节 in font [lmroman10-regular]:mapping=tex-text;!
Missing character: There is no 省 in font [lmroman10-regular]:mapping=tex-text;!
Missing character: There is no 工 in font [lmroman10-regular]:mapping=tex-text;!
Missing character: There is no 作 in font [lmroman10-regular]:mapping=tex-text;!
Missing character: There is no 量 in font [lmroman10-regular]:mapping=tex-text;!
Missing character: There is no （ in font [lmroman10-regular]:mapping=tex-text;!
Missing character: There is no 成 in font [lmroman10-regular]:mapping=tex-text;!
Missing character: There is no 本 in font [lmroman10-regular]:mapping=tex-text;!
Missing character: There is no ） in font [lmroman10-regular]:mapping=tex-text;!
Missing character: There is no ， in font [lmroman10-regular]:mapping=tex-text;!
Missing character: There is no 他 in font [lmroman10-regular]:mapping=tex-text;!
Missing character: There is no 肯 in font [lmroman10-regular]:mapping=tex-text;!
Missing character: There is no 定 in font [lmroman10-regular]:mapping=tex-text;!
Missing character: There is no 愿 in font [lmroman10-regular]:mapping=tex-text;!
Missing character: There is no 意 in font [lmroman10-regular]:mapping=tex-text;!
Missing character: There is no 让 in font [lmroman10-regular]:mapping=tex-text;!
Missing character: There is no 你 in font [lmroman10-regular]:mapping=tex-text;!
Missing character: There is no 们 in font [lmroman10-regular]:mapping=tex-text;!
Missing character: There is no 做 in font [lmroman10-regular]:mapping=tex-text;!
Missing character: There is no 。 in font [lmroman10-regular]:mapping=tex-text;!
Missing character: There is no 但 in font [lmroman10-regular]:mapping=tex-text;!
Missing character: There is no 有 in font [lmroman10-regular]:mapping=tex-text;!
Missing character: There is no 些 in font [lmroman10-regular]:mapping=tex-text;!
Missing character: There is no 领 in font [lmroman10-regular]:mapping=tex-text;!
Missing character: There is no 导 in font [lmroman10-regular]:mapping=tex-text;!
Missing character: There is no 忙 in font [lmroman10-regular]:mapping=tex-text;!
Missing character: There is no 于 in font [lmroman10-regular]:mapping=tex-text;!
Missing character: There is no 业 in font [lmroman10-regular]:mapping=tex-text;!
Missing character: There is no 务 in font [lmroman10-regular]:mapping=tex-text;!
Missing character: There is no 与 in font [lmroman10-regular]:mapping=tex-text;!
Missing character: There is no 市 in font [lmroman10-regular]:mapping=tex-text;!
Missing character: There is no 场 in font [lmroman10-regular]:mapping=tex-text;!
Missing character: There is no 工 in font [lmroman10-regular]:mapping=tex-text;!
Missing character: There is no 作 in font [lmroman10-regular]:mapping=tex-text;!
Missing character: There is no ， in font [lmroman10-regular]:mapping=tex-text;!
Missing character: There is no 误 in font [lmroman10-regular]:mapping=tex-text;!
Missing character: There is no 以 in font [lmroman10-regular]:mapping=tex-text;!
Missing character: There is no 为 in font [lmroman10-regular]:mapping=tex-text;!
Missing character: There is no 团 in font [lmroman10-regular]:mapping=tex-text;!
Missing character: There is no 队 in font [lmroman10-regular]:mapping=tex-text;!
Missing character: There is no 的 in font [lmroman10-regular]:mapping=tex-text;!
Missing character: There is no 效 in font [lmroman10-regular]:mapping=tex-text;!
Missing character: There is no 率 in font [lmroman10-regular]:mapping=tex-text;!
Missing character: There is no 饱 in font [lmroman10-regular]:mapping=tex-text;!
Missing character: There is no 和 in font [lmroman10-regular]:mapping=tex-text;!
Missing character: There is no ， in font [lmroman10-regular]:mapping=tex-text;!
Missing character: There is no 没 in font [lmroman10-regular]:mapping=tex-text;!
Missing character: There is no 有 in font [lmroman10-regular]:mapping=tex-text;!
Missing character: There is no 改 in font [lmroman10-regular]:mapping=tex-text;!
Missing character: There is no 善 in font [lmroman10-regular]:mapping=tex-text;!
Missing character: There is no 空 in font [lmroman10-regular]:mapping=tex-text;!
Missing character: There is no 间 in font [lmroman10-regular]:mapping=tex-text;!
Missing character: There is no ， in font [lmroman10-regular]:mapping=tex-text;!
Missing character: There is no 所 in font [lmroman10-regular]:mapping=tex-text;!
Missing character: There is no 以 in font [lmroman10-regular]:mapping=tex-text;!
Missing character: There is no 须 in font [lmroman10-regular]:mapping=tex-text;!
Missing character: There is no 要 in font [lmroman10-regular]:mapping=tex-text;!
Missing character: There is no 先 in font [lmroman10-regular]:mapping=tex-text;!
Missing character: There is no 简 in font [lmroman10-regular]:mapping=tex-text;!
Missing character: There is no 单 in font [lmroman10-regular]:mapping=tex-text;!
Missing character: There is no 估 in font [lmroman10-regular]:mapping=tex-text;!
Missing character: There is no 计 in font [lmroman10-regular]:mapping=tex-text;!
Missing character: There is no 做 in font [lmroman10-regular]:mapping=tex-text;!
Missing character: There is no 迭 in font [lmroman10-regular]:mapping=tex-text;!
Missing character: There is no 代 in font [lmroman10-regular]:mapping=tex-text;!
Missing character: There is no 回 in font [lmroman10-regular]:mapping=tex-text;!
Missing character: There is no 顾 in font [lmroman10-regular]:mapping=tex-text;!
Missing character: There is no 能 in font [lmroman10-regular]:mapping=tex-text;!
Missing character: There is no 节 in font [lmroman10-regular]:mapping=tex-text;!
Missing character: There is no 省 in font [lmroman10-regular]:mapping=tex-text;!
Missing character: There is no 多 in font [lmroman10-regular]:mapping=tex-text;!
Missing character: There is no 少 in font [lmroman10-regular]:mapping=tex-text;!
Missing character: There is no 。 in font [lmroman10-regular]:mapping=tex-text;!
Missing character: There is no 因 in font [lmroman10-regular]:mapping=tex-text;!
Missing character: There is no 为 in font [lmroman10-regular]:mapping=tex-text;!
Missing character: There is no 分 in font [lmroman10-regular]:mapping=tex-text;!
Missing character: There is no 析 in font [lmroman10-regular]:mapping=tex-text;!
Missing character: There is no 数 in font [lmroman10-regular]:mapping=tex-text;!
Missing character: There is no 据 in font [lmroman10-regular]:mapping=tex-text;!
Missing character: There is no 后 in font [lmroman10-regular]:mapping=tex-text;!
Missing character: There is no 有 in font [lmroman10-regular]:mapping=tex-text;!
Missing character: There is no 改 in font [lmroman10-regular]:mapping=tex-text;!
Missing character: There is no 善 in font [lmroman10-regular]:mapping=tex-text;!
Missing character: There is no ， in font [lmroman10-regular]:mapping=tex-text;!
Missing character: There is no 你 in font [lmroman10-regular]:mapping=tex-text;!
Missing character: There is no 们 in font [lmroman10-regular]:mapping=tex-text;!
Missing character: There is no 就 in font [lmroman10-regular]:mapping=tex-text;!
Missing character: There is no 可 in font [lmroman10-regular]:mapping=tex-text;!
Missing character: There is no 以 in font [lmroman10-regular]:mapping=tex-text;!
Missing character: There is no 减 in font [lmroman10-regular]:mapping=tex-text;!
Missing character: There is no 少 in font [lmroman10-regular]:mapping=tex-text;!
Missing character: There is no 很 in font [lmroman10-regular]:mapping=tex-text;!
Missing character: There is no 多 in font [lmroman10-regular]:mapping=tex-text;!
Missing character: There is no 没 in font [lmroman10-regular]:mapping=tex-text;!
Missing character: There is no 有 in font [lmroman10-regular]:mapping=tex-text;!
Missing character: There is no 价 in font [lmroman10-regular]:mapping=tex-text;!
Missing character: There is no 值 in font [lmroman10-regular]:mapping=tex-text;!
Missing character: There is no 的 in font [lmroman10-regular]:mapping=tex-text;!
Missing character: There is no 返 in font [lmroman10-regular]:mapping=tex-text;!
Missing character: There is no 工 in font [lmroman10-regular]:mapping=tex-text;!
Missing character: There is no 工 in font [lmroman10-regular]:mapping=tex-text;!
Missing character: There is no 作 in font [lmroman10-regular]:mapping=tex-text;!
Missing character: There is no 。 in font [lmroman10-regular]:mapping=tex-text;!
Missing character: There is no 高 in font [lmroman10-regular]:mapping=tex-text;!
Missing character: There is no 层 in font [lmroman10-regular]:mapping=tex-text;!
Missing character: There is no 也 in font [lmroman10-regular]:mapping=tex-text;!
Missing character: There is no 要 in font [lmroman10-regular]:mapping=tex-text;!
Missing character: There is no 了 in font [lmroman10-regular]:mapping=tex-text;!
Missing character: There is no 解 in font [lmroman10-regular]:mapping=tex-text;!
Missing character: There is no 这 in font [lmroman10-regular]:mapping=tex-text;!
Missing character: There is no 是 in font [lmroman10-regular]:mapping=tex-text;!
Missing character: There is no 个 in font [lmroman10-regular]:mapping=tex-text;!
Missing character: There is no 先 in font [lmroman10-regular]:mapping=tex-text;!
Missing character: There is no 试 in font [lmroman10-regular]:mapping=tex-text;!
Missing character: There is no 点 in font [lmroman10-regular]:mapping=tex-text;!
Missing character: There is no 再 in font [lmroman10-regular]:mapping=tex-text;!
Missing character: There is no 推 in font [lmroman10-regular]:mapping=tex-text;!
Missing character: There is no 广 in font [lmroman10-regular]:mapping=tex-text;!
Missing character: There is no 的 in font [lmroman10-regular]:mapping=tex-text;!
Missing character: There is no 漫 in font [lmroman10-regular]:mapping=tex-text;!
Missing character: There is no 长 in font [lmroman10-regular]:mapping=tex-text;!
Missing character: There is no 过 in font [lmroman10-regular]:mapping=tex-text;!
Missing character: There is no 程 in font [lmroman10-regular]:mapping=tex-text;!
Missing character: There is no 要 in font [lmroman10-regular]:mapping=tex-text;!
Missing character: There is no 改 in font [lmroman10-regular]:mapping=tex-text;!
Missing character: There is no 变 in font [lmroman10-regular]:mapping=tex-text;!
Missing character: There is no 人 in font [lmroman10-regular]:mapping=tex-text;!
Missing character: There is no 的 in font [lmroman10-regular]:mapping=tex-text;!
Missing character: There is no 习 in font [lmroman10-regular]:mapping=tex-text;!
Missing character: There is no 惯 in font [lmroman10-regular]:mapping=tex-text;!
Missing character: There is no 很 in font [lmroman10-regular]:mapping=tex-text;!
Missing character: There is no 难 in font [lmroman10-regular]:mapping=tex-text;!
Missing character: There is no ， in font [lmroman10-regular]:mapping=tex-text;!
Missing character: There is no 开 in font [lmroman10-regular]:mapping=tex-text;!
Missing character: There is no 始 in font [lmroman10-regular]:mapping=tex-text;!
Missing character: There is no 的 in font [lmroman10-regular]:mapping=tex-text;!
Missing character: There is no 时 in font [lmroman10-regular]:mapping=tex-text;!
Missing character: There is no 候 in font [lmroman10-regular]:mapping=tex-text;!
Missing character: There is no 需 in font [lmroman10-regular]:mapping=tex-text;!
Missing character: There is no 要 in font [lmroman10-regular]:mapping=tex-text;!
Missing character: There is no 交 in font [lmroman10-regular]:mapping=tex-text;!
Missing character: There is no 学 in font [lmroman10-regular]:mapping=tex-text;!
Missing character: There is no 费 in font [lmroman10-regular]:mapping=tex-text;!
Missing character: There is no ， in font [lmroman10-regular]:mapping=tex-text;!
Missing character: There is no 但 in font [lmroman10-regular]:mapping=tex-text;!
Missing character: There is no 大 in font [lmroman10-regular]:mapping=tex-text;!
Missing character: There is no 家 in font [lmroman10-regular]:mapping=tex-text;!
Missing character: There is no 学 in font [lmroman10-regular]:mapping=tex-text;!
Missing character: There is no 会 in font [lmroman10-regular]:mapping=tex-text;!
Missing character: There is no 后 in font [lmroman10-regular]:mapping=tex-text;!
Missing character: There is no 就 in font [lmroman10-regular]:mapping=tex-text;!
Missing character: There is no 有 in font [lmroman10-regular]:mapping=tex-text;!
Missing character: There is no 回 in font [lmroman10-regular]:mapping=tex-text;!
Missing character: There is no 报 in font [lmroman10-regular]:mapping=tex-text;!
Missing character: There is no ， in font [lmroman10-regular]:mapping=tex-text;!
Missing character: There is no 对 in font [lmroman10-regular]:mapping=tex-text;!
Missing character: There is no 公 in font [lmroman10-regular]:mapping=tex-text;!
Missing character: There is no 司 in font [lmroman10-regular]:mapping=tex-text;!
Missing character: There is no 有 in font [lmroman10-regular]:mapping=tex-text;!
Missing character: There is no 价 in font [lmroman10-regular]:mapping=tex-text;!
Missing character: There is no 值 in font [lmroman10-regular]:mapping=tex-text;!
Missing character: There is no 。 in font [lmroman10-regular]:mapping=tex-text;!
Missing character: There is no 也 in font [lmroman10-regular]:mapping=tex-text;!
Missing character: There is no 可 in font [lmroman10-regular]:mapping=tex-text;!
Missing character: There is no 以 in font [lmroman10-regular]:mapping=tex-text;!
Missing character: There is no 帮 in font [lmroman10-regular]:mapping=tex-text;!
Missing character: There is no 团 in font [lmroman10-regular]:mapping=tex-text;!
Missing character: There is no 队 in font [lmroman10-regular]:mapping=tex-text;!
Missing character: There is no 建 in font [lmroman10-regular]:mapping=tex-text;!
Missing character: There is no 立 in font [lmroman10-regular]:mapping=tex-text;!
Missing character: There is no 继 in font [lmroman10-regular]:mapping=tex-text;!
Missing character: There is no 续 in font [lmroman10-regular]:mapping=tex-text;!
Missing character: There is no 学 in font [lmroman10-regular]:mapping=tex-text;!
Missing character: There is no 习 in font [lmroman10-regular]:mapping=tex-text;!
Missing character: There is no 的 in font [lmroman10-regular]:mapping=tex-text;!
Missing character: There is no 文 in font [lmroman10-regular]:mapping=tex-text;!
Missing character: There is no 化 in font [lmroman10-regular]:mapping=tex-text;!
Missing character: There is no ， in font [lmroman10-regular]:mapping=tex-text;!
Missing character: There is no 不 in font [lmroman10-regular]:mapping=tex-text;!
Missing character: There is no 断 in font [lmroman10-regular]:mapping=tex-text;!
Missing character: There is no 探 in font [lmroman10-regular]:mapping=tex-text;!
Missing character: There is no 索 in font [lmroman10-regular]:mapping=tex-text;!
Missing character: There is no 新 in font [lmroman10-regular]:mapping=tex-text;!
Missing character: There is no 的 in font [lmroman10-regular]:mapping=tex-text;!
Missing character: There is no 东 in font [lmroman10-regular]:mapping=tex-text;!
Missing character: There is no 西 in font [lmroman10-regular]:mapping=tex-text;!
Missing character: There is no ， in font [lmroman10-regular]:mapping=tex-text;!
Missing character: There is no 而 in font [lmroman10-regular]:mapping=tex-text;!
Missing character: There is no 不 in font [lmroman10-regular]:mapping=tex-text;!
Missing character: There is no 是 in font [lmroman10-regular]:mapping=tex-text;!
Missing character: There is no 仅 in font [lmroman10-regular]:mapping=tex-text;!
Missing character: There is no 仅 in font [lmroman10-regular]:mapping=tex-text;!
Missing character: There is no 是 in font [lmroman10-regular]:mapping=tex-text;!
Missing character: There is no 当 in font [lmroman10-regular]:mapping=tex-text;!
Missing character: There is no 码 in font [lmroman10-regular]:mapping=tex-text;!
Missing character: There is no 农 in font [lmroman10-regular]:mapping=tex-text;!
Missing character: There is no ， in font [lmroman10-regular]:mapping=tex-text;!
Missing character: There is no 按 in font [lmroman10-regular]:mapping=tex-text;!
Missing character: There is no 规 in font [lmroman10-regular]:mapping=tex-text;!
Missing character: There is no 范 in font [lmroman10-regular]:mapping=tex-text;!
Missing character: There is no 编 in font [lmroman10-regular]:mapping=tex-text;!
Missing character: There is no 写 in font [lmroman10-regular]:mapping=tex-text;!
Missing character: There is no 代 in font [lmroman10-regular]:mapping=tex-text;!
Missing character: There is no 码 in font [lmroman10-regular]:mapping=tex-text;!
Missing character: There is no 。 in font [lmroman10-regular]:mapping=tex-text;!
Missing character: There is no 前 in font [lmroman10-regular]:mapping=tex-text;!
Missing character: There is no 面 in font [lmroman10-regular]:mapping=tex-text;!
Missing character: There is no 提 in font [lmroman10-regular]:mapping=tex-text;!
Missing character: There is no 过 in font [lmroman10-regular]:mapping=tex-text;!
Missing character: There is no 美 in font [lmroman10-regular]:mapping=tex-text;!
Missing character: There is no 国 in font [lmroman10-regular]:mapping=tex-text;!
Missing character: There is no 在 in font [lmroman10-regular]:mapping=tex-text;!
Missing character: There is no 年 in font [lmroman10-regular]:mapping=tex-text;!
Missing character: There is no 提 in font [lmroman10-regular]:mapping=tex-text;!
Missing character: There is no 出 in font [lmroman10-regular]:mapping=tex-text;!
Missing character: There is no ： in font [lmroman10-regular]:mapping=tex-text;!
Missing character: There is no 一 in font [lmroman10-regular]:mapping=tex-text;!
Missing character: There is no 位 in font [lmroman10-regular]:mapping=tex-text;!
Missing character: There is no 糟 in font [lmroman10-regular]:mapping=tex-text;!
Missing character: There is no 糕 in font [lmroman10-regular]:mapping=tex-text;!
Missing character: There is no 的 in font [lmroman10-regular]:mapping=tex-text;!
Missing character: There is no 程 in font [lmroman10-regular]:mapping=tex-text;!
Missing character: There is no 序 in font [lmroman10-regular]:mapping=tex-text;!
Missing character: There is no 员 in font [lmroman10-regular]:mapping=tex-text;!
Missing character: There is no 一 in font [lmroman10-regular]:mapping=tex-text;!
Missing character: There is no 年 in font [lmroman10-regular]:mapping=tex-text;!
Missing character: There is no 内 in font [lmroman10-regular]:mapping=tex-text;!
Missing character: There is no 便 in font [lmroman10-regular]:mapping=tex-text;!
Missing character: There is no 很 in font [lmroman10-regular]:mapping=tex-text;!
Missing character: There is no 容 in font [lmroman10-regular]:mapping=tex-text;!
Missing character: There is no 易 in font [lmroman10-regular]:mapping=tex-text;!
Missing character: There is no 产 in font [lmroman10-regular]:mapping=tex-text;!
Missing character: There is no 生 in font [lmroman10-regular]:mapping=tex-text;!
Missing character: There is no 两 in font [lmroman10-regular]:mapping=tex-text;!
Missing character: There is no 个 in font [lmroman10-regular]:mapping=tex-text;!
Missing character: There is no 新 in font [lmroman10-regular]:mapping=tex-text;!
Missing character: There is no 岗 in font [lmroman10-regular]:mapping=tex-text;!
Missing character: There is no 位 in font [lmroman10-regular]:mapping=tex-text;!
Missing character: There is no （ in font [lmroman10-regular]:mapping=tex-text;!
Missing character: There is no 的 in font [lmroman10-regular]:mapping=tex-text;!
Missing character: There is no 工 in font [lmroman10-regular]:mapping=tex-text;!
Missing character: There is no 作 in font [lmroman10-regular]:mapping=tex-text;!
Missing character: There is no 量 in font [lmroman10-regular]:mapping=tex-text;!
Missing character: There is no ） in font [lmroman10-regular]:mapping=tex-text;!
Missing character: There is no 。 in font [lmroman10-regular]:mapping=tex-text;!
Missing character: There is no 如 in font [lmroman10-regular]:mapping=tex-text;!
Missing character: There is no 果 in font [lmroman10-regular]:mapping=tex-text;!
Missing character: There is no 我 in font [lmroman10-regular]:mapping=tex-text;!
Missing character: There is no 们 in font [lmroman10-regular]:mapping=tex-text;!
Missing character: There is no 有 in font [lmroman10-regular]:mapping=tex-text;!
Missing character: There is no 更 in font [lmroman10-regular]:mapping=tex-text;!
Missing character: There is no 多 in font [lmroman10-regular]:mapping=tex-text;!
Missing character: There is no 优 in font [lmroman10-regular]:mapping=tex-text;!
Missing character: There is no 秀 in font [lmroman10-regular]:mapping=tex-text;!
Missing character: There is no 的 in font [lmroman10-regular]:mapping=tex-text;!
Missing character: There is no 程 in font [lmroman10-regular]:mapping=tex-text;!
Missing character: There is no 序 in font [lmroman10-regular]:mapping=tex-text;!
Missing character: There is no 员 in font [lmroman10-regular]:mapping=tex-text;!
Missing character: There is no ， in font [lmroman10-regular]:mapping=tex-text;!
Missing character: There is no 我 in font [lmroman10-regular]:mapping=tex-text;!
Missing character: There is no 们 in font [lmroman10-regular]:mapping=tex-text;!
Missing character: There is no 需 in font [lmroman10-regular]:mapping=tex-text;!
Missing character: There is no 要 in font [lmroman10-regular]:mapping=tex-text;!
Missing character: There is no 的 in font [lmroman10-regular]:mapping=tex-text;!
Missing character: There is no 就 in font [lmroman10-regular]:mapping=tex-text;!
Missing character: There is no 会 in font [lmroman10-regular]:mapping=tex-text;!
Missing character: There is no 减 in font [lmroman10-regular]:mapping=tex-text;!
Missing character: There is no 少 in font [lmroman10-regular]:mapping=tex-text;!
Missing character: There is no ， in font [lmroman10-regular]:mapping=tex-text;!
Missing character: There is no 而 in font [lmroman10-regular]:mapping=tex-text;!
Missing character: There is no 不 in font [lmroman10-regular]:mapping=tex-text;!
Missing character: There is no 是 in font [lmroman10-regular]:mapping=tex-text;!
Missing character: There is no 增 in font [lmroman10-regular]:mapping=tex-text;!
Missing character: There is no 多 in font [lmroman10-regular]:mapping=tex-text;!
Missing character: There is no 。 in font [lmroman10-regular]:mapping=tex-text;!
Missing character: There is no 科 in font [lmroman10-regular]:mapping=tex-text;!
Missing character: There is no 技 in font [lmroman10-regular]:mapping=tex-text;!
Missing character: There is no 进 in font [lmroman10-regular]:mapping=tex-text;!
Missing character: There is no 步 in font [lmroman10-regular]:mapping=tex-text;!
Missing character: There is no ， in font [lmroman10-regular]:mapping=tex-text;!
Missing character: There is no 学 in font [lmroman10-regular]:mapping=tex-text;!
Missing character: There is no 习 in font [lmroman10-regular]:mapping=tex-text;!
Missing character: There is no 新 in font [lmroman10-regular]:mapping=tex-text;!
Missing character: There is no 软 in font [lmroman10-regular]:mapping=tex-text;!
Missing character: There is no 件 in font [lmroman10-regular]:mapping=tex-text;!
Missing character: There is no 技 in font [lmroman10-regular]:mapping=tex-text;!
Missing character: There is no 术 in font [lmroman10-regular]:mapping=tex-text;!
Missing character: There is no 的 in font [lmroman10-regular]:mapping=tex-text;!
Missing character: There is no 门 in font [lmroman10-regular]:mapping=tex-text;!
Missing character: There is no 槛 in font [lmroman10-regular]:mapping=tex-text;!
Missing character: There is no 越 in font [lmroman10-regular]:mapping=tex-text;!
Missing character: There is no 来 in font [lmroman10-regular]:mapping=tex-text;!
Missing character: There is no 越 in font [lmroman10-regular]:mapping=tex-text;!
Missing character: There is no 低 in font [lmroman10-regular]:mapping=tex-text;!
Missing character: There is no ， in font [lmroman10-regular]:mapping=tex-text;!
Missing character: There is no 有 in font [lmroman10-regular]:mapping=tex-text;!
Missing character: There is no 能 in font [lmroman10-regular]:mapping=tex-text;!
Missing character: There is no 力 in font [lmroman10-regular]:mapping=tex-text;!
Missing character: There is no 和 in font [lmroman10-regular]:mapping=tex-text;!
Missing character: There is no 动 in font [lmroman10-regular]:mapping=tex-text;!
Missing character: There is no 力 in font [lmroman10-regular]:mapping=tex-text;!
Missing character: There is no 的 in font [lmroman10-regular]:mapping=tex-text;!
Missing character: There is no 工 in font [lmroman10-regular]:mapping=tex-text;!
Missing character: There is no 程 in font [lmroman10-regular]:mapping=tex-text;!
Missing character: There is no 师 in font [lmroman10-regular]:mapping=tex-text;!
Missing character: There is no ， in font [lmroman10-regular]:mapping=tex-text;!
Missing character: There is no 不 in font [lmroman10-regular]:mapping=tex-text;!
Missing character: There is no 断 in font [lmroman10-regular]:mapping=tex-text;!
Missing character: There is no 更 in font [lmroman10-regular]:mapping=tex-text;!
Missing character: There is no 新 in font [lmroman10-regular]:mapping=tex-text;!
Missing character: There is no 、 in font [lmroman10-regular]:mapping=tex-text;!
Missing character: There is no 学 in font [lmroman10-regular]:mapping=tex-text;!
Missing character: There is no 习 in font [lmroman10-regular]:mapping=tex-text;!
Missing character: There is no ， in font [lmroman10-regular]:mapping=tex-text;!
Missing character: There is no 才 in font [lmroman10-regular]:mapping=tex-text;!
Missing character: There is no 能 in font [lmroman10-regular]:mapping=tex-text;!
Missing character: There is no 跟 in font [lmroman10-regular]:mapping=tex-text;!
Missing character: There is no 上 in font [lmroman10-regular]:mapping=tex-text;!
Missing character: There is no 科 in font [lmroman10-regular]:mapping=tex-text;!
Missing character: There is no 技 in font [lmroman10-regular]:mapping=tex-text;!
Missing character: There is no 发 in font [lmroman10-regular]:mapping=tex-text;!
Missing character: There is no 展 in font [lmroman10-regular]:mapping=tex-text;!
Missing character: There is no ， in font [lmroman10-regular]:mapping=tex-text;!
Missing character: There is no 对 in font [lmroman10-regular]:mapping=tex-text;!
Missing character: There is no 自 in font [lmroman10-regular]:mapping=tex-text;!
Missing character: There is no 己 in font [lmroman10-regular]:mapping=tex-text;!
Missing character: There is no ， in font [lmroman10-regular]:mapping=tex-text;!
Missing character: There is no 对 in font [lmroman10-regular]:mapping=tex-text;!
Missing character: There is no 公 in font [lmroman10-regular]:mapping=tex-text;!
Missing character: There is no 司 in font [lmroman10-regular]:mapping=tex-text;!
Missing character: There is no 都 in font [lmroman10-regular]:mapping=tex-text;!
Missing character: There is no 能 in font [lmroman10-regular]:mapping=tex-text;!
Missing character: There is no 快 in font [lmroman10-regular]:mapping=tex-text;!
Missing character: There is no 速 in font [lmroman10-regular]:mapping=tex-text;!
Missing character: There is no 增 in font [lmroman10-regular]:mapping=tex-text;!
Missing character: There is no 值 in font [lmroman10-regular]:mapping=tex-text;!
Missing character: There is no ， in font [lmroman10-regular]:mapping=tex-text;!
Missing character: There is no 不 in font [lmroman10-regular]:mapping=tex-text;!
Missing character: There is no 会 in font [lmroman10-regular]:mapping=tex-text;!
Missing character: There is no 担 in font [lmroman10-regular]:mapping=tex-text;!
Missing character: There is no 心 in font [lmroman10-regular]:mapping=tex-text;!
Missing character: There is no 被 in font [lmroman10-regular]:mapping=tex-text;!
Missing character: There is no 淘 in font [lmroman10-regular]:mapping=tex-text;!
Missing character: There is no 汰 in font [lmroman10-regular]:mapping=tex-text;!
Missing character: There is no 。 in font [lmroman10-regular]:mapping=tex-text;!

Overfull \hbox (333.76pt too wide) in paragraph at lines 230--238
\TU/lmr/m/n/10 “记得我们前面讲敏捷迭代回顾时，可以收集缺陷排除率和返工工作量吗？然后我们当时介绍用蒙地卡罗模型，模拟各个过程的缺陷范围。蒙地卡
罗模型模拟过程，假定变量都是正态分布，也假定缺陷排除率是比较固定，但其实这些假定都不一定正确。但是我们确实相信这些结果加上一些关键的可控因素，例如团队的经验或
者评审的力度、准备等等，但会不会有影响，都可以利用数据来分析。如果你们两周一个迭代，总共有五个团队，半年就有60套数据。然后针对你们预期的目标用这些方式去分析
，便可以开始建立你们自己的预测模型了。 
 []


Overfull \hbox (92.48001pt too wide) in paragraph at lines 230--238
\TU/lmr/m/n/10 而且加上人工智能AI的辅助，就不用花大量时间去处理那些语言的格式，AI依据要求可以快速给你出一段可以使用的代码脚本。如果预测变量
是连续数据（如工作量、缺陷密度等），X变量也是连续数据，可以直接使用这刚才演示的c程序（如果有分类数据，可以使用哑变量，如前面语言分123类）来分析自己团队的
数据。” 
 []


Overfull \hbox (767.95996pt too wide) in paragraph at lines 230--238
\TU/lmr/m/n/10 我沉默了一会，然后面带微笑与他继续说：“千万不要误以为自己每天工作很忙，都已经饱满。还记得我们说过软件开发中有很多浪费，可以优化
节省；例如团队最大的工作量（成本），是花在不断返工、修改后面才发现的bug。但如果团队抽时间做好每个迭代回顾、分析数据，在下一个迭代完善，就可以节省时间。如果
你们领导了解你们花时间做迭代回顾能最终提高团队效率，节省工作量（成本），他肯定愿意让你们做。但有些领导忙于业务与市场工作，误以为团队的效率饱和，没有改善空间，
所以须要先简单估计做迭代回顾能节省多少。因为分析数据后有改善，你们就可以减少很多没有价值的返工工作。高层也要了解这是个先试点再推广的漫长过程(要改变人的习惯很
难)，开始的时候需要交学费，但大家学会后就有回报，对公司有价值。也可以帮团队建立继续学习的文化，不断探索新的东西，而不是仅仅是当‘码农’，按规范编写代码。前面
提过美国David
 []


Overfull \hbox (93.36pt too wide) in paragraph at lines 230--238
\TU/lmr/m/n/10 PAMAS在2009年提出：‘一位糟糕的程序员一年内便很容易产生两个新岗位（的工作量）。如果我们有更多优秀的程序员，我们需要的就
会减少，而不是增多。’科技进步，学习新软件技术的门槛越来越低，有能力和动力的工程师，不断更新、学习，才能跟上科技发展，对自己，对公司都能快速增值，不会担心被淘
汰。” 
 []

Missing character: There is no 参 in font [lmroman12-bold]:mapping=tex-text;!
Missing character: There is no 考 in font [lmroman12-bold]:mapping=tex-text;!
Missing character: There is no 数 in font [lmroman10-regular]:mapping=tex-text;!
Missing character: There is no 据 in font [lmroman10-regular]:mapping=tex-text;!
Missing character: There is no 以 in font [lmroman10-regular]:mapping=tex-text;!
Missing character: There is no 前 in font [lmroman10-regular]:mapping=tex-text;!
Missing character: There is no 我 in font [lmroman10-regular]:mapping=tex-text;!
Missing character: There is no 们 in font [lmroman10-regular]:mapping=tex-text;!
Missing character: There is no 用 in font [lmroman10-regular]:mapping=tex-text;!
Missing character: There is no 统 in font [lmroman10-regular]:mapping=tex-text;!
Missing character: There is no 计 in font [lmroman10-regular]:mapping=tex-text;!
Missing character: There is no 分 in font [lmroman10-regular]:mapping=tex-text;!
Missing character: There is no 析 in font [lmroman10-regular]:mapping=tex-text;!
Missing character: There is no 、 in font [lmroman10-regular]:mapping=tex-text;!
Missing character: There is no 假 in font [lmroman10-regular]:mapping=tex-text;!
Missing character: There is no 设 in font [lmroman10-regular]:mapping=tex-text;!
Missing character: There is no 检 in font [lmroman10-regular]:mapping=tex-text;!
Missing character: There is no 验 in font [lmroman10-regular]:mapping=tex-text;!
Missing character: There is no 、 in font [lmroman10-regular]:mapping=tex-text;!
Missing character: There is no 基 in font [lmroman10-regular]:mapping=tex-text;!
Missing character: There is no 本 in font [lmroman10-regular]:mapping=tex-text;!
Missing character: There is no 统 in font [lmroman10-regular]:mapping=tex-text;!
Missing character: There is no 计 in font [lmroman10-regular]:mapping=tex-text;!
Missing character: There is no 那 in font [lmroman10-regular]:mapping=tex-text;!
Missing character: There is no 些 in font [lmroman10-regular]:mapping=tex-text;!
Missing character: There is no 技 in font [lmroman10-regular]:mapping=tex-text;!
Missing character: There is no 巧 in font [lmroman10-regular]:mapping=tex-text;!
Missing character: There is no ， in font [lmroman10-regular]:mapping=tex-text;!
Missing character: There is no 但 in font [lmroman10-regular]:mapping=tex-text;!
Missing character: There is no 现 in font [lmroman10-regular]:mapping=tex-text;!
Missing character: There is no 在 in font [lmroman10-regular]:mapping=tex-text;!
Missing character: There is no 科 in font [lmroman10-regular]:mapping=tex-text;!
Missing character: There is no 技 in font [lmroman10-regular]:mapping=tex-text;!
Missing character: There is no 发 in font [lmroman10-regular]:mapping=tex-text;!
Missing character: There is no 达 in font [lmroman10-regular]:mapping=tex-text;!
Missing character: There is no ， in font [lmroman10-regular]:mapping=tex-text;!
Missing character: There is no 学 in font [lmroman10-regular]:mapping=tex-text;!
Missing character: There is no 生 in font [lmroman10-regular]:mapping=tex-text;!
Missing character: There is no 其 in font [lmroman10-regular]:mapping=tex-text;!
Missing character: There is no 实 in font [lmroman10-regular]:mapping=tex-text;!
Missing character: There is no 不 in font [lmroman10-regular]:mapping=tex-text;!
Missing character: There is no 太 in font [lmroman10-regular]:mapping=tex-text;!
Missing character: There is no 需 in font [lmroman10-regular]:mapping=tex-text;!
Missing character: There is no 要 in font [lmroman10-regular]:mapping=tex-text;!
Missing character: There is no 懂 in font [lmroman10-regular]:mapping=tex-text;!
Missing character: There is no 背 in font [lmroman10-regular]:mapping=tex-text;!
Missing character: There is no 后 in font [lmroman10-regular]:mapping=tex-text;!
Missing character: There is no 的 in font [lmroman10-regular]:mapping=tex-text;!
Missing character: There is no 统 in font [lmroman10-regular]:mapping=tex-text;!
Missing character: There is no 计 in font [lmroman10-regular]:mapping=tex-text;!
Missing character: There is no 分 in font [lmroman10-regular]:mapping=tex-text;!
Missing character: There is no 析 in font [lmroman10-regular]:mapping=tex-text;!
Missing character: There is no 原 in font [lmroman10-regular]:mapping=tex-text;!
Missing character: There is no 理 in font [lmroman10-regular]:mapping=tex-text;!
Missing character: There is no ， in font [lmroman10-regular]:mapping=tex-text;!
Missing character: There is no 但 in font [lmroman10-regular]:mapping=tex-text;!
Missing character: There is no 分 in font [lmroman10-regular]:mapping=tex-text;!
Missing character: There is no 析 in font [lmroman10-regular]:mapping=tex-text;!
Missing character: There is no 的 in font [lmroman10-regular]:mapping=tex-text;!
Missing character: There is no 原 in font [lmroman10-regular]:mapping=tex-text;!
Missing character: There is no 理 in font [lmroman10-regular]:mapping=tex-text;!
Missing character: There is no 还 in font [lmroman10-regular]:mapping=tex-text;!
Missing character: There is no 是 in font [lmroman10-regular]:mapping=tex-text;!
Missing character: There is no 要 in font [lmroman10-regular]:mapping=tex-text;!
Missing character: There is no 清 in font [lmroman10-regular]:mapping=tex-text;!
Missing character: There is no 楚 in font [lmroman10-regular]:mapping=tex-text;!
Missing character: There is no 的 in font [lmroman10-regular]:mapping=tex-text;!

Underfull \hbox (badness 10000) in paragraph at lines 254--255

 []


Package longtable Warning: Table widths have changed. Rerun LaTeX.

Package atveryend Info: Empty hook `BeforeClearDocument' on input line 258.
[3]
Package atveryend Info: Empty hook `AfterLastShipout' on input line 258.
 (./appch24ycmx-sec.aux)
Package atveryend Info: Empty hook `AtVeryEndDocument' on input line 258.
Package atveryend Info: Executing hook `AtEndAfterFileList' on input line 258.


Package rerunfilecheck Warning: File `appch24ycmx-sec.out' has changed.
(rerunfilecheck)                Rerun to get outlines right
(rerunfilecheck)                or use package `bookmark'.

Package rerunfilecheck Info: Checksums for `appch24ycmx-sec.out':
(rerunfilecheck)             Before: 
(rerunfilecheck)             After:  459BF929106A86010906A727C66D4303.

LaTeX Warning: Label(s) may have changed. Rerun to get cross-references right.

 ) 
Here is how much of TeX's memory you used:
 25770 strings out of 494900
 475315 string characters out of 6177140
 680585 words of memory out of 5000000
 29510 multiletter control sequences out of 15000+600000
 535786 words of font info for 52 fonts, out of 8000000 for 9000
 14 hyphenation exceptions out of 8191
 54i,8n,115p,847b,446s stack positions out of 5000i,500n,10000p,200000b,80000s

Output written on appch24ycmx-sec.pdf (3 pages).
